"ámbitos territoriales","año de nacimiento","sexo","2025/01/01"
"Abaltzisketa","1949","Total",2
"Abaltzisketa","1948","Total",3
"Abaltzisketa","1947","Total",2
"Abaltzisketa","1946","Total",3
"Abaltzisketa","1945","Total",4
"Abaltzisketa","1944","Total",1
"Abaltzisketa","1943","Total",2
"Abaltzisketa","1942","Total",1
"Abaltzisketa","1941","Total",0
"Abaltzisketa","1940","Total",2
"Abaltzisketa","1939","Total",3
"Abaltzisketa","1938","Total",0
"Abaltzisketa","1937","Total",1
"Abaltzisketa","1936","Total",0
"Abaltzisketa","1935","Total",1
"Abaltzisketa","1934","Total",1
"Abaltzisketa","1933","Total",1
"Abaltzisketa","1932","Total",0
"Abaltzisketa","1931","Total",0
"Abaltzisketa","1930","Total",1
"Abaltzisketa","1929","Total",0
"Abaltzisketa","1928","Total",0
"Abaltzisketa","1927","Total",1
"Abaltzisketa","1926","Total",0
"Abaltzisketa","1925","Total",0
"Abaltzisketa","1924","Total",0
"Abaltzisketa","1923","Total",0
"Abaltzisketa","1922","Total",0
"Abaltzisketa","1921","Total",0
"Abaltzisketa","1920","Total",0
"Abaltzisketa","1919","Total",0
"Abaltzisketa","1918","Total",0
"Abaltzisketa","1917","Total",0
"Abaltzisketa","1916","Total",0
"Abaltzisketa","1915","Total",0
"Abaltzisketa","1914","Total",0
"Abaltzisketa","1913","Total",0
"Abaltzisketa","1912","Total",0
"Abaltzisketa","1911","Total",0
"Abaltzisketa","1910","Total",0
"Abaltzisketa","1909","Total",0
"Abaltzisketa","1908","Total",0
"Abaltzisketa","1907","Total",0
"Abaltzisketa","1906","Total",0
"Abaltzisketa","1905","Total",0
"Abaltzisketa","1904","Total",0
"Abaltzisketa","1903","Total",0
"Abaltzisketa","1902","Total",0
"Abaltzisketa","1901","Total",0
"Abaltzisketa","1900","Total",0
"Abaltzisketa","1899","Total",0
"Abaltzisketa","1898","Total",0
"Abaltzisketa","1897","Total",0
"Abaltzisketa","1896","Total",0
"Abaltzisketa","<= 1895","Total",0
"Aduna","1949","Total",2
"Aduna","1948","Total",2
"Aduna","1947","Total",2
"Aduna","1946","Total",5
"Aduna","1945","Total",2
"Aduna","1944","Total",1
"Aduna","1943","Total",2
"Aduna","1942","Total",1
"Aduna","1941","Total",1
"Aduna","1940","Total",3
"Aduna","1939","Total",1
"Aduna","1938","Total",1
"Aduna","1937","Total",3
"Aduna","1936","Total",4
"Aduna","1935","Total",2
"Aduna","1934","Total",0
"Aduna","1933","Total",2
"Aduna","1932","Total",1
"Aduna","1931","Total",0
"Aduna","1930","Total",0
"Aduna","1929","Total",0
"Aduna","1928","Total",0
"Aduna","1927","Total",0
"Aduna","1926","Total",1
"Aduna","1925","Total",0
"Aduna","1924","Total",0
"Aduna","1923","Total",0
"Aduna","1922","Total",0
"Aduna","1921","Total",0
"Aduna","1920","Total",0
"Aduna","1919","Total",0
"Aduna","1918","Total",0
"Aduna","1917","Total",0
"Aduna","1916","Total",0
"Aduna","1915","Total",0
"Aduna","1914","Total",0
"Aduna","1913","Total",0
"Aduna","1912","Total",0
"Aduna","1911","Total",0
"Aduna","1910","Total",0
"Aduna","1909","Total",0
"Aduna","1908","Total",0
"Aduna","1907","Total",0
"Aduna","1906","Total",0
"Aduna","1905","Total",0
"Aduna","1904","Total",0
"Aduna","1903","Total",0
"Aduna","1902","Total",0
"Aduna","1901","Total",0
"Aduna","1900","Total",0
"Aduna","1899","Total",0
"Aduna","1898","Total",0
"Aduna","1897","Total",0
"Aduna","1896","Total",0
"Aduna","<= 1895","Total",0
"Aia","1949","Total",21
"Aia","1948","Total",25
"Aia","1947","Total",16
"Aia","1946","Total",13
"Aia","1945","Total",15
"Aia","1944","Total",11
"Aia","1943","Total",9
"Aia","1942","Total",1
"Aia","1941","Total",10
"Aia","1940","Total",10
"Aia","1939","Total",10
"Aia","1938","Total",9
"Aia","1937","Total",3
"Aia","1936","Total",5
"Aia","1935","Total",4
"Aia","1934","Total",3
"Aia","1933","Total",4
"Aia","1932","Total",5
"Aia","1931","Total",2
"Aia","1930","Total",2
"Aia","1929","Total",2
"Aia","1928","Total",2
"Aia","1927","Total",1
"Aia","1926","Total",0
"Aia","1925","Total",0
"Aia","1924","Total",0
"Aia","1923","Total",0
"Aia","1922","Total",0
"Aia","1921","Total",0
"Aia","1920","Total",0
"Aia","1919","Total",0
"Aia","1918","Total",0
"Aia","1917","Total",0
"Aia","1916","Total",0
"Aia","1915","Total",0
"Aia","1914","Total",0
"Aia","1913","Total",0
"Aia","1912","Total",0
"Aia","1911","Total",0
"Aia","1910","Total",0
"Aia","1909","Total",0
"Aia","1908","Total",0
"Aia","1907","Total",0
"Aia","1906","Total",0
"Aia","1905","Total",0
"Aia","1904","Total",0
"Aia","1903","Total",0
"Aia","1902","Total",0
"Aia","1901","Total",0
"Aia","1900","Total",0
"Aia","1899","Total",0
"Aia","1898","Total",0
"Aia","1897","Total",0
"Aia","1896","Total",0
"Aia","<= 1895","Total",0
"Aizarnazabal","1949","Total",9
"Aizarnazabal","1948","Total",5
"Aizarnazabal","1947","Total",4
"Aizarnazabal","1946","Total",4
"Aizarnazabal","1945","Total",3
"Aizarnazabal","1944","Total",5
"Aizarnazabal","1943","Total",1
"Aizarnazabal","1942","Total",2
"Aizarnazabal","1941","Total",5
"Aizarnazabal","1940","Total",0
"Aizarnazabal","1939","Total",0
"Aizarnazabal","1938","Total",2
"Aizarnazabal","1937","Total",3
"Aizarnazabal","1936","Total",1
"Aizarnazabal","1935","Total",1
"Aizarnazabal","1934","Total",0
"Aizarnazabal","1933","Total",0
"Aizarnazabal","1932","Total",2
"Aizarnazabal","1931","Total",1
"Aizarnazabal","1930","Total",2
"Aizarnazabal","1929","Total",0
"Aizarnazabal","1928","Total",0
"Aizarnazabal","1927","Total",0
"Aizarnazabal","1926","Total",0
"Aizarnazabal","1925","Total",0
"Aizarnazabal","1924","Total",0
"Aizarnazabal","1923","Total",0
"Aizarnazabal","1922","Total",0
"Aizarnazabal","1921","Total",0
"Aizarnazabal","1920","Total",0
"Aizarnazabal","1919","Total",0
"Aizarnazabal","1918","Total",0
"Aizarnazabal","1917","Total",0
"Aizarnazabal","1916","Total",0
"Aizarnazabal","1915","Total",0
"Aizarnazabal","1914","Total",0
"Aizarnazabal","1913","Total",0
"Aizarnazabal","1912","Total",0
"Aizarnazabal","1911","Total",0
"Aizarnazabal","1910","Total",0
"Aizarnazabal","1909","Total",0
"Aizarnazabal","1908","Total",0
"Aizarnazabal","1907","Total",0
"Aizarnazabal","1906","Total",0
"Aizarnazabal","1905","Total",0
"Aizarnazabal","1904","Total",0
"Aizarnazabal","1903","Total",0
"Aizarnazabal","1902","Total",0
"Aizarnazabal","1901","Total",0
"Aizarnazabal","1900","Total",0
"Aizarnazabal","1899","Total",0
"Aizarnazabal","1898","Total",0
"Aizarnazabal","1897","Total",0
"Aizarnazabal","1896","Total",0
"Aizarnazabal","<= 1895","Total",0
"Albiztur","1949","Total",4
"Albiztur","1948","Total",3
"Albiztur","1947","Total",4
"Albiztur","1946","Total",2
"Albiztur","1945","Total",3
"Albiztur","1944","Total",1
"Albiztur","1943","Total",6
"Albiztur","1942","Total",3
"Albiztur","1941","Total",0
"Albiztur","1940","Total",0
"Albiztur","1939","Total",0
"Albiztur","1938","Total",1
"Albiztur","1937","Total",3
"Albiztur","1936","Total",1
"Albiztur","1935","Total",1
"Albiztur","1934","Total",1
"Albiztur","1933","Total",0
"Albiztur","1932","Total",0
"Albiztur","1931","Total",0
"Albiztur","1930","Total",0
"Albiztur","1929","Total",1
"Albiztur","1928","Total",0
"Albiztur","1927","Total",0
"Albiztur","1926","Total",0
"Albiztur","1925","Total",0
"Albiztur","1924","Total",0
"Albiztur","1923","Total",0
"Albiztur","1922","Total",0
"Albiztur","1921","Total",0
"Albiztur","1920","Total",0
"Albiztur","1919","Total",0
"Albiztur","1918","Total",0
"Albiztur","1917","Total",0
"Albiztur","1916","Total",0
"Albiztur","1915","Total",0
"Albiztur","1914","Total",0
"Albiztur","1913","Total",0
"Albiztur","1912","Total",0
"Albiztur","1911","Total",0
"Albiztur","1910","Total",0
"Albiztur","1909","Total",0
"Albiztur","1908","Total",0
"Albiztur","1907","Total",0
"Albiztur","1906","Total",0
"Albiztur","1905","Total",0
"Albiztur","1904","Total",0
"Albiztur","1903","Total",0
"Albiztur","1902","Total",0
"Albiztur","1901","Total",0
"Albiztur","1900","Total",0
"Albiztur","1899","Total",0
"Albiztur","1898","Total",0
"Albiztur","1897","Total",0
"Albiztur","1896","Total",0
"Albiztur","<= 1895","Total",0
"Alegia","1949","Total",20
"Alegia","1948","Total",12
"Alegia","1947","Total",16
"Alegia","1946","Total",16
"Alegia","1945","Total",18
"Alegia","1944","Total",10
"Alegia","1943","Total",15
"Alegia","1942","Total",10
"Alegia","1941","Total",7
"Alegia","1940","Total",10
"Alegia","1939","Total",12
"Alegia","1938","Total",7
"Alegia","1937","Total",8
"Alegia","1936","Total",9
"Alegia","1935","Total",6
"Alegia","1934","Total",5
"Alegia","1933","Total",5
"Alegia","1932","Total",4
"Alegia","1931","Total",3
"Alegia","1930","Total",3
"Alegia","1929","Total",1
"Alegia","1928","Total",0
"Alegia","1927","Total",1
"Alegia","1926","Total",0
"Alegia","1925","Total",0
"Alegia","1924","Total",0
"Alegia","1923","Total",0
"Alegia","1922","Total",0
"Alegia","1921","Total",0
"Alegia","1920","Total",0
"Alegia","1919","Total",0
"Alegia","1918","Total",0
"Alegia","1917","Total",0
"Alegia","1916","Total",0
"Alegia","1915","Total",0
"Alegia","1914","Total",0
"Alegia","1913","Total",0
"Alegia","1912","Total",0
"Alegia","1911","Total",0
"Alegia","1910","Total",0
"Alegia","1909","Total",0
"Alegia","1908","Total",0
"Alegia","1907","Total",0
"Alegia","1906","Total",0
"Alegia","1905","Total",0
"Alegia","1904","Total",0
"Alegia","1903","Total",0
"Alegia","1902","Total",0
"Alegia","1901","Total",0
"Alegia","1900","Total",0
"Alegia","1899","Total",0
"Alegia","1898","Total",0
"Alegia","1897","Total",0
"Alegia","1896","Total",0
"Alegia","<= 1895","Total",0
"Alkiza","1949","Total",4
"Alkiza","1948","Total",1
"Alkiza","1947","Total",3
"Alkiza","1946","Total",0
"Alkiza","1945","Total",0
"Alkiza","1944","Total",2
"Alkiza","1943","Total",1
"Alkiza","1942","Total",3
"Alkiza","1941","Total",2
"Alkiza","1940","Total",0
"Alkiza","1939","Total",0
"Alkiza","1938","Total",3
"Alkiza","1937","Total",1
"Alkiza","1936","Total",0
"Alkiza","1935","Total",0
"Alkiza","1934","Total",0
"Alkiza","1933","Total",3
"Alkiza","1932","Total",0
"Alkiza","1931","Total",1
"Alkiza","1930","Total",1
"Alkiza","1929","Total",2
"Alkiza","1928","Total",0
"Alkiza","1927","Total",0
"Alkiza","1926","Total",0
"Alkiza","1925","Total",0
"Alkiza","1924","Total",0
"Alkiza","1923","Total",1
"Alkiza","1922","Total",0
"Alkiza","1921","Total",0
"Alkiza","1920","Total",0
"Alkiza","1919","Total",0
"Alkiza","1918","Total",0
"Alkiza","1917","Total",0
"Alkiza","1916","Total",0
"Alkiza","1915","Total",0
"Alkiza","1914","Total",0
"Alkiza","1913","Total",0
"Alkiza","1912","Total",0
"Alkiza","1911","Total",0
"Alkiza","1910","Total",0
"Alkiza","1909","Total",0
"Alkiza","1908","Total",0
"Alkiza","1907","Total",0
"Alkiza","1906","Total",0
"Alkiza","1905","Total",0
"Alkiza","1904","Total",0
"Alkiza","1903","Total",0
"Alkiza","1902","Total",0
"Alkiza","1901","Total",0
"Alkiza","1900","Total",0
"Alkiza","1899","Total",0
"Alkiza","1898","Total",0
"Alkiza","1897","Total",0
"Alkiza","1896","Total",0
"Alkiza","<= 1895","Total",0
"Altzaga","1949","Total",5
"Altzaga","1948","Total",1
"Altzaga","1947","Total",1
"Altzaga","1946","Total",2
"Altzaga","1945","Total",0
"Altzaga","1944","Total",1
"Altzaga","1943","Total",2
"Altzaga","1942","Total",2
"Altzaga","1941","Total",0
"Altzaga","1940","Total",1
"Altzaga","1939","Total",0
"Altzaga","1938","Total",2
"Altzaga","1937","Total",0
"Altzaga","1936","Total",1
"Altzaga","1935","Total",0
"Altzaga","1934","Total",0
"Altzaga","1933","Total",0
"Altzaga","1932","Total",0
"Altzaga","1931","Total",0
"Altzaga","1930","Total",0
"Altzaga","1929","Total",0
"Altzaga","1928","Total",0
"Altzaga","1927","Total",0
"Altzaga","1926","Total",0
"Altzaga","1925","Total",0
"Altzaga","1924","Total",0
"Altzaga","1923","Total",0
"Altzaga","1922","Total",0
"Altzaga","1921","Total",0
"Altzaga","1920","Total",0
"Altzaga","1919","Total",0
"Altzaga","1918","Total",0
"Altzaga","1917","Total",0
"Altzaga","1916","Total",0
"Altzaga","1915","Total",0
"Altzaga","1914","Total",0
"Altzaga","1913","Total",0
"Altzaga","1912","Total",0
"Altzaga","1911","Total",0
"Altzaga","1910","Total",0
"Altzaga","1909","Total",0
"Altzaga","1908","Total",0
"Altzaga","1907","Total",0
"Altzaga","1906","Total",0
"Altzaga","1905","Total",0
"Altzaga","1904","Total",0
"Altzaga","1903","Total",0
"Altzaga","1902","Total",0
"Altzaga","1901","Total",0
"Altzaga","1900","Total",0
"Altzaga","1899","Total",0
"Altzaga","1898","Total",0
"Altzaga","1897","Total",0
"Altzaga","1896","Total",0
"Altzaga","<= 1895","Total",0
"Altzo","1949","Total",2
"Altzo","1948","Total",6
"Altzo","1947","Total",3
"Altzo","1946","Total",1
"Altzo","1945","Total",2
"Altzo","1944","Total",4
"Altzo","1943","Total",3
"Altzo","1942","Total",2
"Altzo","1941","Total",2
"Altzo","1940","Total",0
"Altzo","1939","Total",1
"Altzo","1938","Total",1
"Altzo","1937","Total",1
"Altzo","1936","Total",1
"Altzo","1935","Total",1
"Altzo","1934","Total",0
"Altzo","1933","Total",2
"Altzo","1932","Total",0
"Altzo","1931","Total",0
"Altzo","1930","Total",1
"Altzo","1929","Total",0
"Altzo","1928","Total",0
"Altzo","1927","Total",0
"Altzo","1926","Total",1
"Altzo","1925","Total",0
"Altzo","1924","Total",0
"Altzo","1923","Total",0
"Altzo","1922","Total",0
"Altzo","1921","Total",0
"Altzo","1920","Total",0
"Altzo","1919","Total",0
"Altzo","1918","Total",0
"Altzo","1917","Total",0
"Altzo","1916","Total",0
"Altzo","1915","Total",0
"Altzo","1914","Total",0
"Altzo","1913","Total",0
"Altzo","1912","Total",0
"Altzo","1911","Total",0
"Altzo","1910","Total",0
"Altzo","1909","Total",0
"Altzo","1908","Total",0
"Altzo","1907","Total",0
"Altzo","1906","Total",0
"Altzo","1905","Total",0
"Altzo","1904","Total",0
"Altzo","1903","Total",0
"Altzo","1902","Total",0
"Altzo","1901","Total",0
"Altzo","1900","Total",0
"Altzo","1899","Total",0
"Altzo","1898","Total",0
"Altzo","1897","Total",0
"Altzo","1896","Total",0
"Altzo","<= 1895","Total",0
"Amezketa","1949","Total",6
"Amezketa","1948","Total",12
"Amezketa","1947","Total",9
"Amezketa","1946","Total",3
"Amezketa","1945","Total",7
"Amezketa","1944","Total",5
"Amezketa","1943","Total",9
"Amezketa","1942","Total",7
"Amezketa","1941","Total",3
"Amezketa","1940","Total",7
"Amezketa","1939","Total",4
"Amezketa","1938","Total",3
"Amezketa","1937","Total",3
"Amezketa","1936","Total",4
"Amezketa","1935","Total",5
"Amezketa","1934","Total",1
"Amezketa","1933","Total",4
"Amezketa","1932","Total",2
"Amezketa","1931","Total",4
"Amezketa","1930","Total",2
"Amezketa","1929","Total",0
"Amezketa","1928","Total",1
"Amezketa","1927","Total",0
"Amezketa","1926","Total",0
"Amezketa","1925","Total",0
"Amezketa","1924","Total",0
"Amezketa","1923","Total",0
"Amezketa","1922","Total",0
"Amezketa","1921","Total",0
"Amezketa","1920","Total",0
"Amezketa","1919","Total",0
"Amezketa","1918","Total",0
"Amezketa","1917","Total",0
"Amezketa","1916","Total",0
"Amezketa","1915","Total",0
"Amezketa","1914","Total",0
"Amezketa","1913","Total",0
"Amezketa","1912","Total",0
"Amezketa","1911","Total",0
"Amezketa","1910","Total",0
"Amezketa","1909","Total",0
"Amezketa","1908","Total",0
"Amezketa","1907","Total",0
"Amezketa","1906","Total",0
"Amezketa","1905","Total",0
"Amezketa","1904","Total",0
"Amezketa","1903","Total",0
"Amezketa","1902","Total",0
"Amezketa","1901","Total",0
"Amezketa","1900","Total",0
"Amezketa","1899","Total",0
"Amezketa","1898","Total",0
"Amezketa","1897","Total",0
"Amezketa","1896","Total",0
"Amezketa","<= 1895","Total",0
"Andoain","1949","Total",175
"Andoain","1948","Total",198
"Andoain","1947","Total",155
"Andoain","1946","Total",166
"Andoain","1945","Total",156
"Andoain","1944","Total",145
"Andoain","1943","Total",145
"Andoain","1942","Total",91
"Andoain","1941","Total",80
"Andoain","1940","Total",96
"Andoain","1939","Total",68
"Andoain","1938","Total",59
"Andoain","1937","Total",59
"Andoain","1936","Total",59
"Andoain","1935","Total",67
"Andoain","1934","Total",47
"Andoain","1933","Total",32
"Andoain","1932","Total",40
"Andoain","1931","Total",30
"Andoain","1930","Total",20
"Andoain","1929","Total",11
"Andoain","1928","Total",13
"Andoain","1927","Total",6
"Andoain","1926","Total",6
"Andoain","1925","Total",2
"Andoain","1924","Total",1
"Andoain","1923","Total",2
"Andoain","1922","Total",0
"Andoain","1921","Total",0
"Andoain","1920","Total",0
"Andoain","1919","Total",0
"Andoain","1918","Total",0
"Andoain","1917","Total",0
"Andoain","1916","Total",0
"Andoain","1915","Total",0
"Andoain","1914","Total",0
"Andoain","1913","Total",0
"Andoain","1912","Total",0
"Andoain","1911","Total",0
"Andoain","1910","Total",0
"Andoain","1909","Total",0
"Andoain","1908","Total",0
"Andoain","1907","Total",0
"Andoain","1906","Total",0
"Andoain","1905","Total",0
"Andoain","1904","Total",0
"Andoain","1903","Total",0
"Andoain","1902","Total",0
"Andoain","1901","Total",0
"Andoain","1900","Total",0
"Andoain","1899","Total",0
"Andoain","1898","Total",0
"Andoain","1897","Total",0
"Andoain","1896","Total",0
"Andoain","<= 1895","Total",0
"Anoeta","1949","Total",17
"Anoeta","1948","Total",20
"Anoeta","1947","Total",12
"Anoeta","1946","Total",6
"Anoeta","1945","Total",13
"Anoeta","1944","Total",19
"Anoeta","1943","Total",15
"Anoeta","1942","Total",18
"Anoeta","1941","Total",13
"Anoeta","1940","Total",8
"Anoeta","1939","Total",3
"Anoeta","1938","Total",2
"Anoeta","1937","Total",8
"Anoeta","1936","Total",0
"Anoeta","1935","Total",7
"Anoeta","1934","Total",1
"Anoeta","1933","Total",5
"Anoeta","1932","Total",4
"Anoeta","1931","Total",2
"Anoeta","1930","Total",1
"Anoeta","1929","Total",0
"Anoeta","1928","Total",1
"Anoeta","1927","Total",0
"Anoeta","1926","Total",0
"Anoeta","1925","Total",0
"Anoeta","1924","Total",0
"Anoeta","1923","Total",0
"Anoeta","1922","Total",0
"Anoeta","1921","Total",0
"Anoeta","1920","Total",0
"Anoeta","1919","Total",0
"Anoeta","1918","Total",0
"Anoeta","1917","Total",0
"Anoeta","1916","Total",0
"Anoeta","1915","Total",0
"Anoeta","1914","Total",0
"Anoeta","1913","Total",0
"Anoeta","1912","Total",0
"Anoeta","1911","Total",0
"Anoeta","1910","Total",0
"Anoeta","1909","Total",0
"Anoeta","1908","Total",0
"Anoeta","1907","Total",0
"Anoeta","1906","Total",0
"Anoeta","1905","Total",0
"Anoeta","1904","Total",0
"Anoeta","1903","Total",0
"Anoeta","1902","Total",0
"Anoeta","1901","Total",0
"Anoeta","1900","Total",0
"Anoeta","1899","Total",0
"Anoeta","1898","Total",0
"Anoeta","1897","Total",0
"Anoeta","1896","Total",0
"Anoeta","<= 1895","Total",0
"Antzuola","1949","Total",26
"Antzuola","1948","Total",21
"Antzuola","1947","Total",17
"Antzuola","1946","Total",24
"Antzuola","1945","Total",14
"Antzuola","1944","Total",20
"Antzuola","1943","Total",23
"Antzuola","1942","Total",12
"Antzuola","1941","Total",15
"Antzuola","1940","Total",14
"Antzuola","1939","Total",9
"Antzuola","1938","Total",3
"Antzuola","1937","Total",10
"Antzuola","1936","Total",7
"Antzuola","1935","Total",3
"Antzuola","1934","Total",11
"Antzuola","1933","Total",3
"Antzuola","1932","Total",3
"Antzuola","1931","Total",3
"Antzuola","1930","Total",1
"Antzuola","1929","Total",3
"Antzuola","1928","Total",2
"Antzuola","1927","Total",1
"Antzuola","1926","Total",1
"Antzuola","1925","Total",2
"Antzuola","1924","Total",1
"Antzuola","1923","Total",0
"Antzuola","1922","Total",1
"Antzuola","1921","Total",0
"Antzuola","1920","Total",0
"Antzuola","1919","Total",0
"Antzuola","1918","Total",0
"Antzuola","1917","Total",0
"Antzuola","1916","Total",0
"Antzuola","1915","Total",0
"Antzuola","1914","Total",0
"Antzuola","1913","Total",0
"Antzuola","1912","Total",0
"Antzuola","1911","Total",0
"Antzuola","1910","Total",0
"Antzuola","1909","Total",0
"Antzuola","1908","Total",0
"Antzuola","1907","Total",0
"Antzuola","1906","Total",0
"Antzuola","1905","Total",0
"Antzuola","1904","Total",0
"Antzuola","1903","Total",0
"Antzuola","1902","Total",0
"Antzuola","1901","Total",0
"Antzuola","1900","Total",0
"Antzuola","1899","Total",0
"Antzuola","1898","Total",0
"Antzuola","1897","Total",0
"Antzuola","1896","Total",0
"Antzuola","<= 1895","Total",0
"Arama","1949","Total",2
"Arama","1948","Total",2
"Arama","1947","Total",3
"Arama","1946","Total",3
"Arama","1945","Total",2
"Arama","1944","Total",0
"Arama","1943","Total",2
"Arama","1942","Total",1
"Arama","1941","Total",2
"Arama","1940","Total",0
"Arama","1939","Total",1
"Arama","1938","Total",3
"Arama","1937","Total",2
"Arama","1936","Total",1
"Arama","1935","Total",0
"Arama","1934","Total",0
"Arama","1933","Total",1
"Arama","1932","Total",2
"Arama","1931","Total",0
"Arama","1930","Total",0
"Arama","1929","Total",0
"Arama","1928","Total",0
"Arama","1927","Total",0
"Arama","1926","Total",0
"Arama","1925","Total",0
"Arama","1924","Total",0
"Arama","1923","Total",0
"Arama","1922","Total",0
"Arama","1921","Total",0
"Arama","1920","Total",0
"Arama","1919","Total",0
"Arama","1918","Total",0
"Arama","1917","Total",0
"Arama","1916","Total",0
"Arama","1915","Total",0
"Arama","1914","Total",0
"Arama","1913","Total",0
"Arama","1912","Total",0
"Arama","1911","Total",0
"Arama","1910","Total",0
"Arama","1909","Total",0
"Arama","1908","Total",0
"Arama","1907","Total",0
"Arama","1906","Total",0
"Arama","1905","Total",0
"Arama","1904","Total",0
"Arama","1903","Total",0
"Arama","1902","Total",0
"Arama","1901","Total",0
"Arama","1900","Total",0
"Arama","1899","Total",0
"Arama","1898","Total",0
"Arama","1897","Total",0
"Arama","1896","Total",0
"Arama","<= 1895","Total",0
"Aretxabaleta","1949","Total",85
"Aretxabaleta","1948","Total",83
"Aretxabaleta","1947","Total",62
"Aretxabaleta","1946","Total",81
"Aretxabaleta","1945","Total",77
"Aretxabaleta","1944","Total",75
"Aretxabaleta","1943","Total",43
"Aretxabaleta","1942","Total",44
"Aretxabaleta","1941","Total",31
"Aretxabaleta","1940","Total",45
"Aretxabaleta","1939","Total",23
"Aretxabaleta","1938","Total",34
"Aretxabaleta","1937","Total",35
"Aretxabaleta","1936","Total",43
"Aretxabaleta","1935","Total",33
"Aretxabaleta","1934","Total",25
"Aretxabaleta","1933","Total",25
"Aretxabaleta","1932","Total",16
"Aretxabaleta","1931","Total",16
"Aretxabaleta","1930","Total",8
"Aretxabaleta","1929","Total",7
"Aretxabaleta","1928","Total",3
"Aretxabaleta","1927","Total",4
"Aretxabaleta","1926","Total",6
"Aretxabaleta","1925","Total",1
"Aretxabaleta","1924","Total",1
"Aretxabaleta","1923","Total",1
"Aretxabaleta","1922","Total",1
"Aretxabaleta","1921","Total",0
"Aretxabaleta","1920","Total",0
"Aretxabaleta","1919","Total",0
"Aretxabaleta","1918","Total",0
"Aretxabaleta","1917","Total",0
"Aretxabaleta","1916","Total",0
"Aretxabaleta","1915","Total",0
"Aretxabaleta","1914","Total",0
"Aretxabaleta","1913","Total",0
"Aretxabaleta","1912","Total",0
"Aretxabaleta","1911","Total",0
"Aretxabaleta","1910","Total",0
"Aretxabaleta","1909","Total",0
"Aretxabaleta","1908","Total",0
"Aretxabaleta","1907","Total",0
"Aretxabaleta","1906","Total",0
"Aretxabaleta","1905","Total",0
"Aretxabaleta","1904","Total",0
"Aretxabaleta","1903","Total",0
"Aretxabaleta","1902","Total",0
"Aretxabaleta","1901","Total",0
"Aretxabaleta","1900","Total",0
"Aretxabaleta","1899","Total",0
"Aretxabaleta","1898","Total",0
"Aretxabaleta","1897","Total",0
"Aretxabaleta","1896","Total",0
"Aretxabaleta","<= 1895","Total",0
"Arrasate/Mondragón","1949","Total",260
"Arrasate/Mondragón","1948","Total",241
"Arrasate/Mondragón","1947","Total",196
"Arrasate/Mondragón","1946","Total",245
"Arrasate/Mondragón","1945","Total",226
"Arrasate/Mondragón","1944","Total",208
"Arrasate/Mondragón","1943","Total",204
"Arrasate/Mondragón","1942","Total",136
"Arrasate/Mondragón","1941","Total",147
"Arrasate/Mondragón","1940","Total",156
"Arrasate/Mondragón","1939","Total",108
"Arrasate/Mondragón","1938","Total",133
"Arrasate/Mondragón","1937","Total",104
"Arrasate/Mondragón","1936","Total",129
"Arrasate/Mondragón","1935","Total",92
"Arrasate/Mondragón","1934","Total",95
"Arrasate/Mondragón","1933","Total",74
"Arrasate/Mondragón","1932","Total",47
"Arrasate/Mondragón","1931","Total",53
"Arrasate/Mondragón","1930","Total",39
"Arrasate/Mondragón","1929","Total",24
"Arrasate/Mondragón","1928","Total",25
"Arrasate/Mondragón","1927","Total",10
"Arrasate/Mondragón","1926","Total",11
"Arrasate/Mondragón","1925","Total",13
"Arrasate/Mondragón","1924","Total",3
"Arrasate/Mondragón","1923","Total",2
"Arrasate/Mondragón","1922","Total",0
"Arrasate/Mondragón","1921","Total",1
"Arrasate/Mondragón","1920","Total",0
"Arrasate/Mondragón","1919","Total",0
"Arrasate/Mondragón","1918","Total",0
"Arrasate/Mondragón","1917","Total",0
"Arrasate/Mondragón","1916","Total",0
"Arrasate/Mondragón","1915","Total",0
"Arrasate/Mondragón","1914","Total",0
"Arrasate/Mondragón","1913","Total",0
"Arrasate/Mondragón","1912","Total",0
"Arrasate/Mondragón","1911","Total",0
"Arrasate/Mondragón","1910","Total",0
"Arrasate/Mondragón","1909","Total",0
"Arrasate/Mondragón","1908","Total",0
"Arrasate/Mondragón","1907","Total",0
"Arrasate/Mondragón","1906","Total",0
"Arrasate/Mondragón","1905","Total",0
"Arrasate/Mondragón","1904","Total",0
"Arrasate/Mondragón","1903","Total",0
"Arrasate/Mondragón","1902","Total",0
"Arrasate/Mondragón","1901","Total",0
"Arrasate/Mondragón","1900","Total",0
"Arrasate/Mondragón","1899","Total",0
"Arrasate/Mondragón","1898","Total",0
"Arrasate/Mondragón","1897","Total",0
"Arrasate/Mondragón","1896","Total",0
"Arrasate/Mondragón","<= 1895","Total",0
"Asteasu","1949","Total",16
"Asteasu","1948","Total",13
"Asteasu","1947","Total",8
"Asteasu","1946","Total",11
"Asteasu","1945","Total",13
"Asteasu","1944","Total",7
"Asteasu","1943","Total",10
"Asteasu","1942","Total",7
"Asteasu","1941","Total",7
"Asteasu","1940","Total",5
"Asteasu","1939","Total",6
"Asteasu","1938","Total",4
"Asteasu","1937","Total",6
"Asteasu","1936","Total",7
"Asteasu","1935","Total",6
"Asteasu","1934","Total",3
"Asteasu","1933","Total",2
"Asteasu","1932","Total",4
"Asteasu","1931","Total",1
"Asteasu","1930","Total",0
"Asteasu","1929","Total",0
"Asteasu","1928","Total",2
"Asteasu","1927","Total",0
"Asteasu","1926","Total",0
"Asteasu","1925","Total",0
"Asteasu","1924","Total",0
"Asteasu","1923","Total",0
"Asteasu","1922","Total",0
"Asteasu","1921","Total",0
"Asteasu","1920","Total",0
"Asteasu","1919","Total",0
"Asteasu","1918","Total",0
"Asteasu","1917","Total",0
"Asteasu","1916","Total",0
"Asteasu","1915","Total",0
"Asteasu","1914","Total",0
"Asteasu","1913","Total",0
"Asteasu","1912","Total",0
"Asteasu","1911","Total",0
"Asteasu","1910","Total",0
"Asteasu","1909","Total",0
"Asteasu","1908","Total",0
"Asteasu","1907","Total",0
"Asteasu","1906","Total",0
"Asteasu","1905","Total",0
"Asteasu","1904","Total",0
"Asteasu","1903","Total",0
"Asteasu","1902","Total",0
"Asteasu","1901","Total",0
"Asteasu","1900","Total",0
"Asteasu","1899","Total",0
"Asteasu","1898","Total",0
"Asteasu","1897","Total",0
"Asteasu","1896","Total",0
"Asteasu","<= 1895","Total",0
"Astigarraga","1949","Total",34
"Astigarraga","1948","Total",54
"Astigarraga","1947","Total",46
"Astigarraga","1946","Total",40
"Astigarraga","1945","Total",38
"Astigarraga","1944","Total",29
"Astigarraga","1943","Total",25
"Astigarraga","1942","Total",26
"Astigarraga","1941","Total",23
"Astigarraga","1940","Total",21
"Astigarraga","1939","Total",14
"Astigarraga","1938","Total",15
"Astigarraga","1937","Total",10
"Astigarraga","1936","Total",16
"Astigarraga","1935","Total",5
"Astigarraga","1934","Total",5
"Astigarraga","1933","Total",8
"Astigarraga","1932","Total",8
"Astigarraga","1931","Total",8
"Astigarraga","1930","Total",1
"Astigarraga","1929","Total",1
"Astigarraga","1928","Total",2
"Astigarraga","1927","Total",1
"Astigarraga","1926","Total",2
"Astigarraga","1925","Total",1
"Astigarraga","1924","Total",0
"Astigarraga","1923","Total",0
"Astigarraga","1922","Total",0
"Astigarraga","1921","Total",0
"Astigarraga","1920","Total",0
"Astigarraga","1919","Total",0
"Astigarraga","1918","Total",0
"Astigarraga","1917","Total",0
"Astigarraga","1916","Total",0
"Astigarraga","1915","Total",0
"Astigarraga","1914","Total",0
"Astigarraga","1913","Total",0
"Astigarraga","1912","Total",0
"Astigarraga","1911","Total",0
"Astigarraga","1910","Total",0
"Astigarraga","1909","Total",0
"Astigarraga","1908","Total",0
"Astigarraga","1907","Total",0
"Astigarraga","1906","Total",0
"Astigarraga","1905","Total",0
"Astigarraga","1904","Total",0
"Astigarraga","1903","Total",0
"Astigarraga","1902","Total",0
"Astigarraga","1901","Total",0
"Astigarraga","1900","Total",0
"Astigarraga","1899","Total",0
"Astigarraga","1898","Total",0
"Astigarraga","1897","Total",0
"Astigarraga","1896","Total",0
"Astigarraga","<= 1895","Total",0
"Ataun","1949","Total",16
"Ataun","1948","Total",21
"Ataun","1947","Total",10
"Ataun","1946","Total",15
"Ataun","1945","Total",16
"Ataun","1944","Total",13
"Ataun","1943","Total",13
"Ataun","1942","Total",10
"Ataun","1941","Total",6
"Ataun","1940","Total",15
"Ataun","1939","Total",5
"Ataun","1938","Total",13
"Ataun","1937","Total",8
"Ataun","1936","Total",8
"Ataun","1935","Total",9
"Ataun","1934","Total",6
"Ataun","1933","Total",2
"Ataun","1932","Total",4
"Ataun","1931","Total",1
"Ataun","1930","Total",1
"Ataun","1929","Total",3
"Ataun","1928","Total",2
"Ataun","1927","Total",2
"Ataun","1926","Total",1
"Ataun","1925","Total",1
"Ataun","1924","Total",2
"Ataun","1923","Total",0
"Ataun","1922","Total",0
"Ataun","1921","Total",0
"Ataun","1920","Total",0
"Ataun","1919","Total",0
"Ataun","1918","Total",0
"Ataun","1917","Total",0
"Ataun","1916","Total",0
"Ataun","1915","Total",0
"Ataun","1914","Total",0
"Ataun","1913","Total",0
"Ataun","1912","Total",0
"Ataun","1911","Total",0
"Ataun","1910","Total",0
"Ataun","1909","Total",0
"Ataun","1908","Total",0
"Ataun","1907","Total",0
"Ataun","1906","Total",0
"Ataun","1905","Total",0
"Ataun","1904","Total",0
"Ataun","1903","Total",0
"Ataun","1902","Total",0
"Ataun","1901","Total",0
"Ataun","1900","Total",0
"Ataun","1899","Total",0
"Ataun","1898","Total",0
"Ataun","1897","Total",0
"Ataun","1896","Total",0
"Ataun","<= 1895","Total",0
"Azkoitia","1949","Total",107
"Azkoitia","1948","Total",112
"Azkoitia","1947","Total",95
"Azkoitia","1946","Total",96
"Azkoitia","1945","Total",83
"Azkoitia","1944","Total",103
"Azkoitia","1943","Total",84
"Azkoitia","1942","Total",59
"Azkoitia","1941","Total",54
"Azkoitia","1940","Total",60
"Azkoitia","1939","Total",47
"Azkoitia","1938","Total",51
"Azkoitia","1937","Total",51
"Azkoitia","1936","Total",46
"Azkoitia","1935","Total",54
"Azkoitia","1934","Total",31
"Azkoitia","1933","Total",29
"Azkoitia","1932","Total",22
"Azkoitia","1931","Total",18
"Azkoitia","1930","Total",15
"Azkoitia","1929","Total",10
"Azkoitia","1928","Total",11
"Azkoitia","1927","Total",1
"Azkoitia","1926","Total",7
"Azkoitia","1925","Total",3
"Azkoitia","1924","Total",2
"Azkoitia","1923","Total",1
"Azkoitia","1922","Total",0
"Azkoitia","1921","Total",0
"Azkoitia","1920","Total",1
"Azkoitia","1919","Total",0
"Azkoitia","1918","Total",0
"Azkoitia","1917","Total",0
"Azkoitia","1916","Total",0
"Azkoitia","1915","Total",0
"Azkoitia","1914","Total",0
"Azkoitia","1913","Total",0
"Azkoitia","1912","Total",0
"Azkoitia","1911","Total",0
"Azkoitia","1910","Total",0
"Azkoitia","1909","Total",0
"Azkoitia","1908","Total",0
"Azkoitia","1907","Total",0
"Azkoitia","1906","Total",0
"Azkoitia","1905","Total",0
"Azkoitia","1904","Total",0
"Azkoitia","1903","Total",0
"Azkoitia","1902","Total",0
"Azkoitia","1901","Total",0
"Azkoitia","1900","Total",0
"Azkoitia","1899","Total",0
"Azkoitia","1898","Total",0
"Azkoitia","1897","Total",0
"Azkoitia","1896","Total",0
"Azkoitia","<= 1895","Total",0
"Azpeitia","1949","Total",166
"Azpeitia","1948","Total",164
"Azpeitia","1947","Total",148
"Azpeitia","1946","Total",145
"Azpeitia","1945","Total",150
"Azpeitia","1944","Total",122
"Azpeitia","1943","Total",117
"Azpeitia","1942","Total",92
"Azpeitia","1941","Total",84
"Azpeitia","1940","Total",86
"Azpeitia","1939","Total",60
"Azpeitia","1938","Total",49
"Azpeitia","1937","Total",63
"Azpeitia","1936","Total",67
"Azpeitia","1935","Total",42
"Azpeitia","1934","Total",59
"Azpeitia","1933","Total",37
"Azpeitia","1932","Total",43
"Azpeitia","1931","Total",27
"Azpeitia","1930","Total",10
"Azpeitia","1929","Total",15
"Azpeitia","1928","Total",10
"Azpeitia","1927","Total",6
"Azpeitia","1926","Total",12
"Azpeitia","1925","Total",3
"Azpeitia","1924","Total",2
"Azpeitia","1923","Total",1
"Azpeitia","1922","Total",0
"Azpeitia","1921","Total",0
"Azpeitia","1920","Total",0
"Azpeitia","1919","Total",0
"Azpeitia","1918","Total",0
"Azpeitia","1917","Total",0
"Azpeitia","1916","Total",0
"Azpeitia","1915","Total",0
"Azpeitia","1914","Total",0
"Azpeitia","1913","Total",0
"Azpeitia","1912","Total",0
"Azpeitia","1911","Total",0
"Azpeitia","1910","Total",0
"Azpeitia","1909","Total",0
"Azpeitia","1908","Total",0
"Azpeitia","1907","Total",0
"Azpeitia","1906","Total",0
"Azpeitia","1905","Total",0
"Azpeitia","1904","Total",0
"Azpeitia","1903","Total",0
"Azpeitia","1902","Total",0
"Azpeitia","1901","Total",0
"Azpeitia","1900","Total",0
"Azpeitia","1899","Total",0
"Azpeitia","1898","Total",0
"Azpeitia","1897","Total",0
"Azpeitia","1896","Total",0
"Azpeitia","<= 1895","Total",0
"Baliarrain","1949","Total",0
"Baliarrain","1948","Total",0
"Baliarrain","1947","Total",0
"Baliarrain","1946","Total",0
"Baliarrain","1945","Total",1
"Baliarrain","1944","Total",1
"Baliarrain","1943","Total",0
"Baliarrain","1942","Total",0
"Baliarrain","1941","Total",0
"Baliarrain","1940","Total",1
"Baliarrain","1939","Total",0
"Baliarrain","1938","Total",0
"Baliarrain","1937","Total",0
"Baliarrain","1936","Total",0
"Baliarrain","1935","Total",0
"Baliarrain","1934","Total",0
"Baliarrain","1933","Total",0
"Baliarrain","1932","Total",0
"Baliarrain","1931","Total",0
"Baliarrain","1930","Total",1
"Baliarrain","1929","Total",0
"Baliarrain","1928","Total",0
"Baliarrain","1927","Total",0
"Baliarrain","1926","Total",0
"Baliarrain","1925","Total",0
"Baliarrain","1924","Total",0
"Baliarrain","1923","Total",0
"Baliarrain","1922","Total",0
"Baliarrain","1921","Total",0
"Baliarrain","1920","Total",0
"Baliarrain","1919","Total",0
"Baliarrain","1918","Total",0
"Baliarrain","1917","Total",0
"Baliarrain","1916","Total",0
"Baliarrain","1915","Total",0
"Baliarrain","1914","Total",0
"Baliarrain","1913","Total",0
"Baliarrain","1912","Total",0
"Baliarrain","1911","Total",0
"Baliarrain","1910","Total",0
"Baliarrain","1909","Total",0
"Baliarrain","1908","Total",0
"Baliarrain","1907","Total",0
"Baliarrain","1906","Total",0
"Baliarrain","1905","Total",0
"Baliarrain","1904","Total",0
"Baliarrain","1903","Total",0
"Baliarrain","1902","Total",0
"Baliarrain","1901","Total",0
"Baliarrain","1900","Total",0
"Baliarrain","1899","Total",0
"Baliarrain","1898","Total",0
"Baliarrain","1897","Total",0
"Baliarrain","1896","Total",0
"Baliarrain","<= 1895","Total",0
"Beasain","1949","Total",118
"Beasain","1948","Total",133
"Beasain","1947","Total",133
"Beasain","1946","Total",105
"Beasain","1945","Total",130
"Beasain","1944","Total",114
"Beasain","1943","Total",92
"Beasain","1942","Total",83
"Beasain","1941","Total",66
"Beasain","1940","Total",69
"Beasain","1939","Total",66
"Beasain","1938","Total",53
"Beasain","1937","Total",64
"Beasain","1936","Total",49
"Beasain","1935","Total",51
"Beasain","1934","Total",55
"Beasain","1933","Total",33
"Beasain","1932","Total",26
"Beasain","1931","Total",25
"Beasain","1930","Total",26
"Beasain","1929","Total",21
"Beasain","1928","Total",12
"Beasain","1927","Total",11
"Beasain","1926","Total",1
"Beasain","1925","Total",3
"Beasain","1924","Total",0
"Beasain","1923","Total",1
"Beasain","1922","Total",1
"Beasain","1921","Total",0
"Beasain","1920","Total",0
"Beasain","1919","Total",0
"Beasain","1918","Total",0
"Beasain","1917","Total",0
"Beasain","1916","Total",0
"Beasain","1915","Total",0
"Beasain","1914","Total",0
"Beasain","1913","Total",0
"Beasain","1912","Total",0
"Beasain","1911","Total",0
"Beasain","1910","Total",0
"Beasain","1909","Total",0
"Beasain","1908","Total",0
"Beasain","1907","Total",0
"Beasain","1906","Total",0
"Beasain","1905","Total",0
"Beasain","1904","Total",0
"Beasain","1903","Total",0
"Beasain","1902","Total",0
"Beasain","1901","Total",0
"Beasain","1900","Total",0
"Beasain","1899","Total",0
"Beasain","1898","Total",0
"Beasain","1897","Total",0
"Beasain","1896","Total",0
"Beasain","<= 1895","Total",0
"Beizama","1949","Total",2
"Beizama","1948","Total",0
"Beizama","1947","Total",1
"Beizama","1946","Total",1
"Beizama","1945","Total",0
"Beizama","1944","Total",0
"Beizama","1943","Total",2
"Beizama","1942","Total",1
"Beizama","1941","Total",2
"Beizama","1940","Total",1
"Beizama","1939","Total",1
"Beizama","1938","Total",0
"Beizama","1937","Total",0
"Beizama","1936","Total",1
"Beizama","1935","Total",1
"Beizama","1934","Total",0
"Beizama","1933","Total",0
"Beizama","1932","Total",0
"Beizama","1931","Total",0
"Beizama","1930","Total",0
"Beizama","1929","Total",0
"Beizama","1928","Total",0
"Beizama","1927","Total",0
"Beizama","1926","Total",0
"Beizama","1925","Total",0
"Beizama","1924","Total",1
"Beizama","1923","Total",0
"Beizama","1922","Total",0
"Beizama","1921","Total",0
"Beizama","1920","Total",0
"Beizama","1919","Total",0
"Beizama","1918","Total",0
"Beizama","1917","Total",0
"Beizama","1916","Total",0
"Beizama","1915","Total",0
"Beizama","1914","Total",0
"Beizama","1913","Total",0
"Beizama","1912","Total",0
"Beizama","1911","Total",0
"Beizama","1910","Total",0
"Beizama","1909","Total",0
"Beizama","1908","Total",0
"Beizama","1907","Total",0
"Beizama","1906","Total",0
"Beizama","1905","Total",0
"Beizama","1904","Total",0
"Beizama","1903","Total",0
"Beizama","1902","Total",0
"Beizama","1901","Total",0
"Beizama","1900","Total",0
"Beizama","1899","Total",0
"Beizama","1898","Total",0
"Beizama","1897","Total",0
"Beizama","1896","Total",0
"Beizama","<= 1895","Total",0
"Belauntza","1949","Total",4
"Belauntza","1948","Total",2
"Belauntza","1947","Total",3
"Belauntza","1946","Total",0
"Belauntza","1945","Total",6
"Belauntza","1944","Total",4
"Belauntza","1943","Total",4
"Belauntza","1942","Total",0
"Belauntza","1941","Total",1
"Belauntza","1940","Total",1
"Belauntza","1939","Total",0
"Belauntza","1938","Total",0
"Belauntza","1937","Total",2
"Belauntza","1936","Total",1
"Belauntza","1935","Total",0
"Belauntza","1934","Total",1
"Belauntza","1933","Total",2
"Belauntza","1932","Total",2
"Belauntza","1931","Total",0
"Belauntza","1930","Total",0
"Belauntza","1929","Total",0
"Belauntza","1928","Total",0
"Belauntza","1927","Total",0
"Belauntza","1926","Total",0
"Belauntza","1925","Total",0
"Belauntza","1924","Total",0
"Belauntza","1923","Total",0
"Belauntza","1922","Total",0
"Belauntza","1921","Total",0
"Belauntza","1920","Total",0
"Belauntza","1919","Total",0
"Belauntza","1918","Total",0
"Belauntza","1917","Total",0
"Belauntza","1916","Total",0
"Belauntza","1915","Total",0
"Belauntza","1914","Total",0
"Belauntza","1913","Total",0
"Belauntza","1912","Total",0
"Belauntza","1911","Total",0
"Belauntza","1910","Total",0
"Belauntza","1909","Total",0
"Belauntza","1908","Total",0
"Belauntza","1907","Total",0
"Belauntza","1906","Total",0
"Belauntza","1905","Total",0
"Belauntza","1904","Total",0
"Belauntza","1903","Total",0
"Belauntza","1902","Total",0
"Belauntza","1901","Total",0
"Belauntza","1900","Total",0
"Belauntza","1899","Total",0
"Belauntza","1898","Total",0
"Belauntza","1897","Total",0
"Belauntza","1896","Total",0
"Belauntza","<= 1895","Total",0
"Berastegi","1949","Total",7
"Berastegi","1948","Total",11
"Berastegi","1947","Total",8
"Berastegi","1946","Total",6
"Berastegi","1945","Total",7
"Berastegi","1944","Total",6
"Berastegi","1943","Total",3
"Berastegi","1942","Total",3
"Berastegi","1941","Total",4
"Berastegi","1940","Total",8
"Berastegi","1939","Total",2
"Berastegi","1938","Total",4
"Berastegi","1937","Total",6
"Berastegi","1936","Total",2
"Berastegi","1935","Total",4
"Berastegi","1934","Total",4
"Berastegi","1933","Total",0
"Berastegi","1932","Total",1
"Berastegi","1931","Total",0
"Berastegi","1930","Total",0
"Berastegi","1929","Total",1
"Berastegi","1928","Total",3
"Berastegi","1927","Total",0
"Berastegi","1926","Total",2
"Berastegi","1925","Total",0
"Berastegi","1924","Total",0
"Berastegi","1923","Total",0
"Berastegi","1922","Total",0
"Berastegi","1921","Total",0
"Berastegi","1920","Total",0
"Berastegi","1919","Total",0
"Berastegi","1918","Total",0
"Berastegi","1917","Total",0
"Berastegi","1916","Total",0
"Berastegi","1915","Total",0
"Berastegi","1914","Total",0
"Berastegi","1913","Total",0
"Berastegi","1912","Total",0
"Berastegi","1911","Total",0
"Berastegi","1910","Total",0
"Berastegi","1909","Total",0
"Berastegi","1908","Total",0
"Berastegi","1907","Total",0
"Berastegi","1906","Total",0
"Berastegi","1905","Total",0
"Berastegi","1904","Total",0
"Berastegi","1903","Total",0
"Berastegi","1902","Total",0
"Berastegi","1901","Total",0
"Berastegi","1900","Total",0
"Berastegi","1899","Total",0
"Berastegi","1898","Total",0
"Berastegi","1897","Total",0
"Berastegi","1896","Total",0
"Berastegi","<= 1895","Total",0
"Bergara","1949","Total",159
"Bergara","1948","Total",161
"Bergara","1947","Total",139
"Bergara","1946","Total",137
"Bergara","1945","Total",133
"Bergara","1944","Total",155
"Bergara","1943","Total",135
"Bergara","1942","Total",114
"Bergara","1941","Total",93
"Bergara","1940","Total",78
"Bergara","1939","Total",75
"Bergara","1938","Total",84
"Bergara","1937","Total",73
"Bergara","1936","Total",71
"Bergara","1935","Total",63
"Bergara","1934","Total",64
"Bergara","1933","Total",59
"Bergara","1932","Total",45
"Bergara","1931","Total",30
"Bergara","1930","Total",27
"Bergara","1929","Total",22
"Bergara","1928","Total",13
"Bergara","1927","Total",10
"Bergara","1926","Total",6
"Bergara","1925","Total",1
"Bergara","1924","Total",1
"Bergara","1923","Total",1
"Bergara","1922","Total",0
"Bergara","1921","Total",1
"Bergara","1920","Total",0
"Bergara","1919","Total",0
"Bergara","1918","Total",0
"Bergara","1917","Total",0
"Bergara","1916","Total",0
"Bergara","1915","Total",0
"Bergara","1914","Total",0
"Bergara","1913","Total",0
"Bergara","1912","Total",0
"Bergara","1911","Total",0
"Bergara","1910","Total",0
"Bergara","1909","Total",0
"Bergara","1908","Total",0
"Bergara","1907","Total",0
"Bergara","1906","Total",0
"Bergara","1905","Total",0
"Bergara","1904","Total",0
"Bergara","1903","Total",0
"Bergara","1902","Total",0
"Bergara","1901","Total",0
"Bergara","1900","Total",0
"Bergara","1899","Total",0
"Bergara","1898","Total",0
"Bergara","1897","Total",0
"Bergara","1896","Total",0
"Bergara","<= 1895","Total",0
"Berrobi","1949","Total",5
"Berrobi","1948","Total",3
"Berrobi","1947","Total",3
"Berrobi","1946","Total",4
"Berrobi","1945","Total",3
"Berrobi","1944","Total",7
"Berrobi","1943","Total",4
"Berrobi","1942","Total",4
"Berrobi","1941","Total",2
"Berrobi","1940","Total",5
"Berrobi","1939","Total",3
"Berrobi","1938","Total",1
"Berrobi","1937","Total",3
"Berrobi","1936","Total",0
"Berrobi","1935","Total",3
"Berrobi","1934","Total",3
"Berrobi","1933","Total",1
"Berrobi","1932","Total",2
"Berrobi","1931","Total",0
"Berrobi","1930","Total",1
"Berrobi","1929","Total",1
"Berrobi","1928","Total",0
"Berrobi","1927","Total",1
"Berrobi","1926","Total",1
"Berrobi","1925","Total",1
"Berrobi","1924","Total",0
"Berrobi","1923","Total",0
"Berrobi","1922","Total",0
"Berrobi","1921","Total",0
"Berrobi","1920","Total",0
"Berrobi","1919","Total",0
"Berrobi","1918","Total",0
"Berrobi","1917","Total",0
"Berrobi","1916","Total",0
"Berrobi","1915","Total",0
"Berrobi","1914","Total",0
"Berrobi","1913","Total",0
"Berrobi","1912","Total",0
"Berrobi","1911","Total",0
"Berrobi","1910","Total",0
"Berrobi","1909","Total",0
"Berrobi","1908","Total",0
"Berrobi","1907","Total",0
"Berrobi","1906","Total",0
"Berrobi","1905","Total",0
"Berrobi","1904","Total",0
"Berrobi","1903","Total",0
"Berrobi","1902","Total",0
"Berrobi","1901","Total",0
"Berrobi","1900","Total",0
"Berrobi","1899","Total",0
"Berrobi","1898","Total",0
"Berrobi","1897","Total",0
"Berrobi","1896","Total",0
"Berrobi","<= 1895","Total",0
"Bidania-Goiatz","1949","Total",2
"Bidania-Goiatz","1948","Total",5
"Bidania-Goiatz","1947","Total",5
"Bidania-Goiatz","1946","Total",3
"Bidania-Goiatz","1945","Total",3
"Bidania-Goiatz","1944","Total",2
"Bidania-Goiatz","1943","Total",1
"Bidania-Goiatz","1942","Total",4
"Bidania-Goiatz","1941","Total",2
"Bidania-Goiatz","1940","Total",3
"Bidania-Goiatz","1939","Total",2
"Bidania-Goiatz","1938","Total",1
"Bidania-Goiatz","1937","Total",3
"Bidania-Goiatz","1936","Total",1
"Bidania-Goiatz","1935","Total",2
"Bidania-Goiatz","1934","Total",0
"Bidania-Goiatz","1933","Total",0
"Bidania-Goiatz","1932","Total",2
"Bidania-Goiatz","1931","Total",0
"Bidania-Goiatz","1930","Total",2
"Bidania-Goiatz","1929","Total",2
"Bidania-Goiatz","1928","Total",0
"Bidania-Goiatz","1927","Total",0
"Bidania-Goiatz","1926","Total",0
"Bidania-Goiatz","1925","Total",0
"Bidania-Goiatz","1924","Total",0
"Bidania-Goiatz","1923","Total",0
"Bidania-Goiatz","1922","Total",0
"Bidania-Goiatz","1921","Total",0
"Bidania-Goiatz","1920","Total",0
"Bidania-Goiatz","1919","Total",0
"Bidania-Goiatz","1918","Total",0
"Bidania-Goiatz","1917","Total",0
"Bidania-Goiatz","1916","Total",0
"Bidania-Goiatz","1915","Total",0
"Bidania-Goiatz","1914","Total",0
"Bidania-Goiatz","1913","Total",0
"Bidania-Goiatz","1912","Total",0
"Bidania-Goiatz","1911","Total",0
"Bidania-Goiatz","1910","Total",0
"Bidania-Goiatz","1909","Total",0
"Bidania-Goiatz","1908","Total",0
"Bidania-Goiatz","1907","Total",0
"Bidania-Goiatz","1906","Total",0
"Bidania-Goiatz","1905","Total",0
"Bidania-Goiatz","1904","Total",0
"Bidania-Goiatz","1903","Total",0
"Bidania-Goiatz","1902","Total",0
"Bidania-Goiatz","1901","Total",0
"Bidania-Goiatz","1900","Total",0
"Bidania-Goiatz","1899","Total",0
"Bidania-Goiatz","1898","Total",0
"Bidania-Goiatz","1897","Total",0
"Bidania-Goiatz","1896","Total",0
"Bidania-Goiatz","<= 1895","Total",0
"Deba","1949","Total",65
"Deba","1948","Total",75
"Deba","1947","Total",45
"Deba","1946","Total",67
"Deba","1945","Total",56
"Deba","1944","Total",56
"Deba","1943","Total",51
"Deba","1942","Total",24
"Deba","1941","Total",28
"Deba","1940","Total",24
"Deba","1939","Total",19
"Deba","1938","Total",24
"Deba","1937","Total",24
"Deba","1936","Total",26
"Deba","1935","Total",18
"Deba","1934","Total",19
"Deba","1933","Total",19
"Deba","1932","Total",9
"Deba","1931","Total",8
"Deba","1930","Total",14
"Deba","1929","Total",5
"Deba","1928","Total",5
"Deba","1927","Total",0
"Deba","1926","Total",2
"Deba","1925","Total",1
"Deba","1924","Total",1
"Deba","1923","Total",2
"Deba","1922","Total",0
"Deba","1921","Total",0
"Deba","1920","Total",0
"Deba","1919","Total",0
"Deba","1918","Total",0
"Deba","1917","Total",0
"Deba","1916","Total",0
"Deba","1915","Total",0
"Deba","1914","Total",0
"Deba","1913","Total",0
"Deba","1912","Total",0
"Deba","1911","Total",0
"Deba","1910","Total",0
"Deba","1909","Total",0
"Deba","1908","Total",0
"Deba","1907","Total",0
"Deba","1906","Total",0
"Deba","1905","Total",0
"Deba","1904","Total",0
"Deba","1903","Total",0
"Deba","1902","Total",0
"Deba","1901","Total",0
"Deba","1900","Total",0
"Deba","1899","Total",0
"Deba","1898","Total",0
"Deba","1897","Total",0
"Deba","1896","Total",0
"Deba","<= 1895","Total",0
"Donostia / San Sebastián","1949","Total",2090
"Donostia / San Sebastián","1948","Total",2092
"Donostia / San Sebastián","1947","Total",1957
"Donostia / San Sebastián","1946","Total",1891
"Donostia / San Sebastián","1945","Total",1833
"Donostia / San Sebastián","1944","Total",1694
"Donostia / San Sebastián","1943","Total",1561
"Donostia / San Sebastián","1942","Total",1317
"Donostia / San Sebastián","1941","Total",1226
"Donostia / San Sebastián","1940","Total",1269
"Donostia / San Sebastián","1939","Total",906
"Donostia / San Sebastián","1938","Total",890
"Donostia / San Sebastián","1937","Total",910
"Donostia / San Sebastián","1936","Total",862
"Donostia / San Sebastián","1935","Total",806
"Donostia / San Sebastián","1934","Total",729
"Donostia / San Sebastián","1933","Total",622
"Donostia / San Sebastián","1932","Total",548
"Donostia / San Sebastián","1931","Total",434
"Donostia / San Sebastián","1930","Total",351
"Donostia / San Sebastián","1929","Total",266
"Donostia / San Sebastián","1928","Total",205
"Donostia / San Sebastián","1927","Total",148
"Donostia / San Sebastián","1926","Total",107
"Donostia / San Sebastián","1925","Total",67
"Donostia / San Sebastián","1924","Total",45
"Donostia / San Sebastián","1923","Total",29
"Donostia / San Sebastián","1922","Total",12
"Donostia / San Sebastián","1921","Total",10
"Donostia / San Sebastián","1920","Total",2
"Donostia / San Sebastián","1919","Total",3
"Donostia / San Sebastián","1918","Total",1
"Donostia / San Sebastián","1917","Total",1
"Donostia / San Sebastián","1916","Total",0
"Donostia / San Sebastián","1915","Total",0
"Donostia / San Sebastián","1914","Total",0
"Donostia / San Sebastián","1913","Total",0
"Donostia / San Sebastián","1912","Total",0
"Donostia / San Sebastián","1911","Total",0
"Donostia / San Sebastián","1910","Total",0
"Donostia / San Sebastián","1909","Total",0
"Donostia / San Sebastián","1908","Total",0
"Donostia / San Sebastián","1907","Total",0
"Donostia / San Sebastián","1906","Total",0
"Donostia / San Sebastián","1905","Total",0
"Donostia / San Sebastián","1904","Total",0
"Donostia / San Sebastián","1903","Total",0
"Donostia / San Sebastián","1902","Total",0
"Donostia / San Sebastián","1901","Total",0
"Donostia / San Sebastián","1900","Total",0
"Donostia / San Sebastián","1899","Total",0
"Donostia / San Sebastián","1898","Total",0
"Donostia / San Sebastián","1897","Total",0
"Donostia / San Sebastián","1896","Total",0
"Donostia / San Sebastián","<= 1895","Total",0
"Eibar","1949","Total",304
"Eibar","1948","Total",301
"Eibar","1947","Total",267
"Eibar","1946","Total",266
"Eibar","1945","Total",281
"Eibar","1944","Total",218
"Eibar","1943","Total",214
"Eibar","1942","Total",175
"Eibar","1941","Total",190
"Eibar","1940","Total",180
"Eibar","1939","Total",132
"Eibar","1938","Total",123
"Eibar","1937","Total",176
"Eibar","1936","Total",152
"Eibar","1935","Total",139
"Eibar","1934","Total",148
"Eibar","1933","Total",115
"Eibar","1932","Total",98
"Eibar","1931","Total",70
"Eibar","1930","Total",54
"Eibar","1929","Total",39
"Eibar","1928","Total",35
"Eibar","1927","Total",19
"Eibar","1926","Total",9
"Eibar","1925","Total",9
"Eibar","1924","Total",8
"Eibar","1923","Total",1
"Eibar","1922","Total",1
"Eibar","1921","Total",2
"Eibar","1920","Total",0
"Eibar","1919","Total",0
"Eibar","1918","Total",0
"Eibar","1917","Total",0
"Eibar","1916","Total",0
"Eibar","1915","Total",1
"Eibar","1914","Total",0
"Eibar","1913","Total",0
"Eibar","1912","Total",0
"Eibar","1911","Total",0
"Eibar","1910","Total",0
"Eibar","1909","Total",0
"Eibar","1908","Total",0
"Eibar","1907","Total",0
"Eibar","1906","Total",0
"Eibar","1905","Total",0
"Eibar","1904","Total",0
"Eibar","1903","Total",0
"Eibar","1902","Total",0
"Eibar","1901","Total",0
"Eibar","1900","Total",0
"Eibar","1899","Total",0
"Eibar","1898","Total",0
"Eibar","1897","Total",0
"Eibar","1896","Total",0
"Eibar","<= 1895","Total",0
"Elduain","1949","Total",2
"Elduain","1948","Total",1
"Elduain","1947","Total",2
"Elduain","1946","Total",1
"Elduain","1945","Total",1
"Elduain","1944","Total",2
"Elduain","1943","Total",2
"Elduain","1942","Total",2
"Elduain","1941","Total",2
"Elduain","1940","Total",1
"Elduain","1939","Total",0
"Elduain","1938","Total",1
"Elduain","1937","Total",0
"Elduain","1936","Total",0
"Elduain","1935","Total",0
"Elduain","1934","Total",0
"Elduain","1933","Total",1
"Elduain","1932","Total",0
"Elduain","1931","Total",0
"Elduain","1930","Total",1
"Elduain","1929","Total",0
"Elduain","1928","Total",0
"Elduain","1927","Total",0
"Elduain","1926","Total",0
"Elduain","1925","Total",0
"Elduain","1924","Total",0
"Elduain","1923","Total",0
"Elduain","1922","Total",0
"Elduain","1921","Total",0
"Elduain","1920","Total",0
"Elduain","1919","Total",0
"Elduain","1918","Total",0
"Elduain","1917","Total",0
"Elduain","1916","Total",0
"Elduain","1915","Total",0
"Elduain","1914","Total",0
"Elduain","1913","Total",0
"Elduain","1912","Total",0
"Elduain","1911","Total",0
"Elduain","1910","Total",0
"Elduain","1909","Total",0
"Elduain","1908","Total",0
"Elduain","1907","Total",0
"Elduain","1906","Total",0
"Elduain","1905","Total",0
"Elduain","1904","Total",0
"Elduain","1903","Total",0
"Elduain","1902","Total",0
"Elduain","1901","Total",0
"Elduain","1900","Total",0
"Elduain","1899","Total",0
"Elduain","1898","Total",0
"Elduain","1897","Total",0
"Elduain","1896","Total",0
"Elduain","<= 1895","Total",0
"Elgeta","1949","Total",9
"Elgeta","1948","Total",4
"Elgeta","1947","Total",11
"Elgeta","1946","Total",10
"Elgeta","1945","Total",10
"Elgeta","1944","Total",9
"Elgeta","1943","Total",8
"Elgeta","1942","Total",6
"Elgeta","1941","Total",2
"Elgeta","1940","Total",7
"Elgeta","1939","Total",5
"Elgeta","1938","Total",3
"Elgeta","1937","Total",4
"Elgeta","1936","Total",3
"Elgeta","1935","Total",3
"Elgeta","1934","Total",2
"Elgeta","1933","Total",3
"Elgeta","1932","Total",3
"Elgeta","1931","Total",1
"Elgeta","1930","Total",2
"Elgeta","1929","Total",2
"Elgeta","1928","Total",0
"Elgeta","1927","Total",1
"Elgeta","1926","Total",0
"Elgeta","1925","Total",0
"Elgeta","1924","Total",0
"Elgeta","1923","Total",0
"Elgeta","1922","Total",0
"Elgeta","1921","Total",0
"Elgeta","1920","Total",0
"Elgeta","1919","Total",0
"Elgeta","1918","Total",0
"Elgeta","1917","Total",0
"Elgeta","1916","Total",0
"Elgeta","1915","Total",0
"Elgeta","1914","Total",0
"Elgeta","1913","Total",0
"Elgeta","1912","Total",0
"Elgeta","1911","Total",0
"Elgeta","1910","Total",0
"Elgeta","1909","Total",0
"Elgeta","1908","Total",0
"Elgeta","1907","Total",0
"Elgeta","1906","Total",0
"Elgeta","1905","Total",0
"Elgeta","1904","Total",0
"Elgeta","1903","Total",0
"Elgeta","1902","Total",0
"Elgeta","1901","Total",0
"Elgeta","1900","Total",0
"Elgeta","1899","Total",0
"Elgeta","1898","Total",0
"Elgeta","1897","Total",0
"Elgeta","1896","Total",0
"Elgeta","<= 1895","Total",0
"Elgoibar","1949","Total",104
"Elgoibar","1948","Total",111
"Elgoibar","1947","Total",112
"Elgoibar","1946","Total",93
"Elgoibar","1945","Total",109
"Elgoibar","1944","Total",93
"Elgoibar","1943","Total",80
"Elgoibar","1942","Total",64
"Elgoibar","1941","Total",74
"Elgoibar","1940","Total",83
"Elgoibar","1939","Total",61
"Elgoibar","1938","Total",45
"Elgoibar","1937","Total",62
"Elgoibar","1936","Total",51
"Elgoibar","1935","Total",60
"Elgoibar","1934","Total",55
"Elgoibar","1933","Total",44
"Elgoibar","1932","Total",37
"Elgoibar","1931","Total",28
"Elgoibar","1930","Total",15
"Elgoibar","1929","Total",13
"Elgoibar","1928","Total",13
"Elgoibar","1927","Total",5
"Elgoibar","1926","Total",2
"Elgoibar","1925","Total",3
"Elgoibar","1924","Total",1
"Elgoibar","1923","Total",1
"Elgoibar","1922","Total",1
"Elgoibar","1921","Total",0
"Elgoibar","1920","Total",0
"Elgoibar","1919","Total",0
"Elgoibar","1918","Total",0
"Elgoibar","1917","Total",0
"Elgoibar","1916","Total",0
"Elgoibar","1915","Total",0
"Elgoibar","1914","Total",0
"Elgoibar","1913","Total",0
"Elgoibar","1912","Total",0
"Elgoibar","1911","Total",0
"Elgoibar","1910","Total",0
"Elgoibar","1909","Total",0
"Elgoibar","1908","Total",0
"Elgoibar","1907","Total",0
"Elgoibar","1906","Total",0
"Elgoibar","1905","Total",0
"Elgoibar","1904","Total",0
"Elgoibar","1903","Total",0
"Elgoibar","1902","Total",0
"Elgoibar","1901","Total",0
"Elgoibar","1900","Total",0
"Elgoibar","1899","Total",0
"Elgoibar","1898","Total",0
"Elgoibar","1897","Total",0
"Elgoibar","1896","Total",0
"Elgoibar","<= 1895","Total",0
"Errenteria","1949","Total",448
"Errenteria","1948","Total",463
"Errenteria","1947","Total",453
"Errenteria","1946","Total",441
"Errenteria","1945","Total",465
"Errenteria","1944","Total",385
"Errenteria","1943","Total",355
"Errenteria","1942","Total",276
"Errenteria","1941","Total",237
"Errenteria","1940","Total",266
"Errenteria","1939","Total",183
"Errenteria","1938","Total",172
"Errenteria","1937","Total",193
"Errenteria","1936","Total",209
"Errenteria","1935","Total",164
"Errenteria","1934","Total",141
"Errenteria","1933","Total",122
"Errenteria","1932","Total",118
"Errenteria","1931","Total",85
"Errenteria","1930","Total",68
"Errenteria","1929","Total",40
"Errenteria","1928","Total",32
"Errenteria","1927","Total",27
"Errenteria","1926","Total",10
"Errenteria","1925","Total",7
"Errenteria","1924","Total",9
"Errenteria","1923","Total",1
"Errenteria","1922","Total",1
"Errenteria","1921","Total",0
"Errenteria","1920","Total",1
"Errenteria","1919","Total",0
"Errenteria","1918","Total",0
"Errenteria","1917","Total",0
"Errenteria","1916","Total",0
"Errenteria","1915","Total",0
"Errenteria","1914","Total",0
"Errenteria","1913","Total",0
"Errenteria","1912","Total",0
"Errenteria","1911","Total",0
"Errenteria","1910","Total",0
"Errenteria","1909","Total",0
"Errenteria","1908","Total",0
"Errenteria","1907","Total",0
"Errenteria","1906","Total",0
"Errenteria","1905","Total",0
"Errenteria","1904","Total",0
"Errenteria","1903","Total",0
"Errenteria","1902","Total",0
"Errenteria","1901","Total",0
"Errenteria","1900","Total",0
"Errenteria","1899","Total",0
"Errenteria","1898","Total",0
"Errenteria","1897","Total",0
"Errenteria","1896","Total",0
"Errenteria","<= 1895","Total",0
"Errezil","1949","Total",5
"Errezil","1948","Total",3
"Errezil","1947","Total",4
"Errezil","1946","Total",1
"Errezil","1945","Total",5
"Errezil","1944","Total",6
"Errezil","1943","Total",2
"Errezil","1942","Total",2
"Errezil","1941","Total",1
"Errezil","1940","Total",5
"Errezil","1939","Total",1
"Errezil","1938","Total",3
"Errezil","1937","Total",1
"Errezil","1936","Total",1
"Errezil","1935","Total",2
"Errezil","1934","Total",2
"Errezil","1933","Total",3
"Errezil","1932","Total",2
"Errezil","1931","Total",1
"Errezil","1930","Total",2
"Errezil","1929","Total",0
"Errezil","1928","Total",1
"Errezil","1927","Total",0
"Errezil","1926","Total",0
"Errezil","1925","Total",0
"Errezil","1924","Total",1
"Errezil","1923","Total",0
"Errezil","1922","Total",0
"Errezil","1921","Total",0
"Errezil","1920","Total",0
"Errezil","1919","Total",0
"Errezil","1918","Total",0
"Errezil","1917","Total",0
"Errezil","1916","Total",0
"Errezil","1915","Total",0
"Errezil","1914","Total",0
"Errezil","1913","Total",0
"Errezil","1912","Total",0
"Errezil","1911","Total",0
"Errezil","1910","Total",0
"Errezil","1909","Total",0
"Errezil","1908","Total",0
"Errezil","1907","Total",0
"Errezil","1906","Total",0
"Errezil","1905","Total",0
"Errezil","1904","Total",0
"Errezil","1903","Total",0
"Errezil","1902","Total",0
"Errezil","1901","Total",0
"Errezil","1900","Total",0
"Errezil","1899","Total",0
"Errezil","1898","Total",0
"Errezil","1897","Total",0
"Errezil","1896","Total",0
"Errezil","<= 1895","Total",0
"Eskoriatza","1949","Total",45
"Eskoriatza","1948","Total",44
"Eskoriatza","1947","Total",42
"Eskoriatza","1946","Total",46
"Eskoriatza","1945","Total",42
"Eskoriatza","1944","Total",30
"Eskoriatza","1943","Total",27
"Eskoriatza","1942","Total",24
"Eskoriatza","1941","Total",34
"Eskoriatza","1940","Total",17
"Eskoriatza","1939","Total",17
"Eskoriatza","1938","Total",19
"Eskoriatza","1937","Total",16
"Eskoriatza","1936","Total",13
"Eskoriatza","1935","Total",22
"Eskoriatza","1934","Total",22
"Eskoriatza","1933","Total",12
"Eskoriatza","1932","Total",6
"Eskoriatza","1931","Total",5
"Eskoriatza","1930","Total",5
"Eskoriatza","1929","Total",1
"Eskoriatza","1928","Total",2
"Eskoriatza","1927","Total",2
"Eskoriatza","1926","Total",2
"Eskoriatza","1925","Total",1
"Eskoriatza","1924","Total",1
"Eskoriatza","1923","Total",0
"Eskoriatza","1922","Total",0
"Eskoriatza","1921","Total",0
"Eskoriatza","1920","Total",0
"Eskoriatza","1919","Total",0
"Eskoriatza","1918","Total",0
"Eskoriatza","1917","Total",0
"Eskoriatza","1916","Total",0
"Eskoriatza","1915","Total",0
"Eskoriatza","1914","Total",0
"Eskoriatza","1913","Total",0
"Eskoriatza","1912","Total",0
"Eskoriatza","1911","Total",0
"Eskoriatza","1910","Total",0
"Eskoriatza","1909","Total",0
"Eskoriatza","1908","Total",0
"Eskoriatza","1907","Total",0
"Eskoriatza","1906","Total",0
"Eskoriatza","1905","Total",0
"Eskoriatza","1904","Total",0
"Eskoriatza","1903","Total",0
"Eskoriatza","1902","Total",0
"Eskoriatza","1901","Total",0
"Eskoriatza","1900","Total",0
"Eskoriatza","1899","Total",0
"Eskoriatza","1898","Total",0
"Eskoriatza","1897","Total",0
"Eskoriatza","1896","Total",0
"Eskoriatza","<= 1895","Total",0
"Ezkio-Itsaso","1949","Total",8
"Ezkio-Itsaso","1948","Total",5
"Ezkio-Itsaso","1947","Total",8
"Ezkio-Itsaso","1946","Total",6
"Ezkio-Itsaso","1945","Total",6
"Ezkio-Itsaso","1944","Total",8
"Ezkio-Itsaso","1943","Total",3
"Ezkio-Itsaso","1942","Total",3
"Ezkio-Itsaso","1941","Total",2
"Ezkio-Itsaso","1940","Total",3
"Ezkio-Itsaso","1939","Total",6
"Ezkio-Itsaso","1938","Total",7
"Ezkio-Itsaso","1937","Total",2
"Ezkio-Itsaso","1936","Total",3
"Ezkio-Itsaso","1935","Total",3
"Ezkio-Itsaso","1934","Total",4
"Ezkio-Itsaso","1933","Total",2
"Ezkio-Itsaso","1932","Total",3
"Ezkio-Itsaso","1931","Total",0
"Ezkio-Itsaso","1930","Total",0
"Ezkio-Itsaso","1929","Total",0
"Ezkio-Itsaso","1928","Total",0
"Ezkio-Itsaso","1927","Total",1
"Ezkio-Itsaso","1926","Total",0
"Ezkio-Itsaso","1925","Total",0
"Ezkio-Itsaso","1924","Total",0
"Ezkio-Itsaso","1923","Total",0
"Ezkio-Itsaso","1922","Total",0
"Ezkio-Itsaso","1921","Total",0
"Ezkio-Itsaso","1920","Total",0
"Ezkio-Itsaso","1919","Total",0
"Ezkio-Itsaso","1918","Total",0
"Ezkio-Itsaso","1917","Total",0
"Ezkio-Itsaso","1916","Total",0
"Ezkio-Itsaso","1915","Total",0
"Ezkio-Itsaso","1914","Total",0
"Ezkio-Itsaso","1913","Total",0
"Ezkio-Itsaso","1912","Total",0
"Ezkio-Itsaso","1911","Total",0
"Ezkio-Itsaso","1910","Total",0
"Ezkio-Itsaso","1909","Total",0
"Ezkio-Itsaso","1908","Total",0
"Ezkio-Itsaso","1907","Total",0
"Ezkio-Itsaso","1906","Total",0
"Ezkio-Itsaso","1905","Total",0
"Ezkio-Itsaso","1904","Total",0
"Ezkio-Itsaso","1903","Total",0
"Ezkio-Itsaso","1902","Total",0
"Ezkio-Itsaso","1901","Total",0
"Ezkio-Itsaso","1900","Total",0
"Ezkio-Itsaso","1899","Total",0
"Ezkio-Itsaso","1898","Total",0
"Ezkio-Itsaso","1897","Total",0
"Ezkio-Itsaso","1896","Total",0
"Ezkio-Itsaso","<= 1895","Total",0
"Gabiria","1949","Total",3
"Gabiria","1948","Total",0
"Gabiria","1947","Total",7
"Gabiria","1946","Total",6
"Gabiria","1945","Total",3
"Gabiria","1944","Total",3
"Gabiria","1943","Total",2
"Gabiria","1942","Total",3
"Gabiria","1941","Total",3
"Gabiria","1940","Total",3
"Gabiria","1939","Total",5
"Gabiria","1938","Total",0
"Gabiria","1937","Total",1
"Gabiria","1936","Total",1
"Gabiria","1935","Total",4
"Gabiria","1934","Total",1
"Gabiria","1933","Total",2
"Gabiria","1932","Total",1
"Gabiria","1931","Total",0
"Gabiria","1930","Total",2
"Gabiria","1929","Total",1
"Gabiria","1928","Total",0
"Gabiria","1927","Total",1
"Gabiria","1926","Total",0
"Gabiria","1925","Total",0
"Gabiria","1924","Total",2
"Gabiria","1923","Total",0
"Gabiria","1922","Total",1
"Gabiria","1921","Total",0
"Gabiria","1920","Total",0
"Gabiria","1919","Total",0
"Gabiria","1918","Total",0
"Gabiria","1917","Total",0
"Gabiria","1916","Total",0
"Gabiria","1915","Total",0
"Gabiria","1914","Total",0
"Gabiria","1913","Total",0
"Gabiria","1912","Total",0
"Gabiria","1911","Total",0
"Gabiria","1910","Total",0
"Gabiria","1909","Total",0
"Gabiria","1908","Total",0
"Gabiria","1907","Total",0
"Gabiria","1906","Total",0
"Gabiria","1905","Total",0
"Gabiria","1904","Total",0
"Gabiria","1903","Total",0
"Gabiria","1902","Total",0
"Gabiria","1901","Total",0
"Gabiria","1900","Total",0
"Gabiria","1899","Total",0
"Gabiria","1898","Total",0
"Gabiria","1897","Total",0
"Gabiria","1896","Total",0
"Gabiria","<= 1895","Total",0
"Gaintza","1949","Total",0
"Gaintza","1948","Total",2
"Gaintza","1947","Total",0
"Gaintza","1946","Total",0
"Gaintza","1945","Total",1
"Gaintza","1944","Total",0
"Gaintza","1943","Total",1
"Gaintza","1942","Total",0
"Gaintza","1941","Total",2
"Gaintza","1940","Total",0
"Gaintza","1939","Total",0
"Gaintza","1938","Total",0
"Gaintza","1937","Total",1
"Gaintza","1936","Total",2
"Gaintza","1935","Total",2
"Gaintza","1934","Total",2
"Gaintza","1933","Total",0
"Gaintza","1932","Total",0
"Gaintza","1931","Total",0
"Gaintza","1930","Total",0
"Gaintza","1929","Total",0
"Gaintza","1928","Total",0
"Gaintza","1927","Total",0
"Gaintza","1926","Total",0
"Gaintza","1925","Total",0
"Gaintza","1924","Total",0
"Gaintza","1923","Total",0
"Gaintza","1922","Total",0
"Gaintza","1921","Total",0
"Gaintza","1920","Total",0
"Gaintza","1919","Total",0
"Gaintza","1918","Total",0
"Gaintza","1917","Total",0
"Gaintza","1916","Total",0
"Gaintza","1915","Total",0
"Gaintza","1914","Total",0
"Gaintza","1913","Total",0
"Gaintza","1912","Total",0
"Gaintza","1911","Total",0
"Gaintza","1910","Total",0
"Gaintza","1909","Total",0
"Gaintza","1908","Total",0
"Gaintza","1907","Total",0
"Gaintza","1906","Total",0
"Gaintza","1905","Total",0
"Gaintza","1904","Total",0
"Gaintza","1903","Total",0
"Gaintza","1902","Total",0
"Gaintza","1901","Total",0
"Gaintza","1900","Total",0
"Gaintza","1899","Total",0
"Gaintza","1898","Total",0
"Gaintza","1897","Total",0
"Gaintza","1896","Total",0
"Gaintza","<= 1895","Total",0
"Gaztelu","1949","Total",1
"Gaztelu","1948","Total",2
"Gaztelu","1947","Total",0
"Gaztelu","1946","Total",2
"Gaztelu","1945","Total",0
"Gaztelu","1944","Total",1
"Gaztelu","1943","Total",0
"Gaztelu","1942","Total",0
"Gaztelu","1941","Total",0
"Gaztelu","1940","Total",0
"Gaztelu","1939","Total",0
"Gaztelu","1938","Total",1
"Gaztelu","1937","Total",2
"Gaztelu","1936","Total",0
"Gaztelu","1935","Total",2
"Gaztelu","1934","Total",0
"Gaztelu","1933","Total",0
"Gaztelu","1932","Total",0
"Gaztelu","1931","Total",0
"Gaztelu","1930","Total",0
"Gaztelu","1929","Total",0
"Gaztelu","1928","Total",0
"Gaztelu","1927","Total",0
"Gaztelu","1926","Total",0
"Gaztelu","1925","Total",0
"Gaztelu","1924","Total",0
"Gaztelu","1923","Total",0
"Gaztelu","1922","Total",0
"Gaztelu","1921","Total",0
"Gaztelu","1920","Total",0
"Gaztelu","1919","Total",0
"Gaztelu","1918","Total",0
"Gaztelu","1917","Total",0
"Gaztelu","1916","Total",0
"Gaztelu","1915","Total",0
"Gaztelu","1914","Total",0
"Gaztelu","1913","Total",0
"Gaztelu","1912","Total",0
"Gaztelu","1911","Total",0
"Gaztelu","1910","Total",0
"Gaztelu","1909","Total",0
"Gaztelu","1908","Total",0
"Gaztelu","1907","Total",0
"Gaztelu","1906","Total",0
"Gaztelu","1905","Total",0
"Gaztelu","1904","Total",0
"Gaztelu","1903","Total",0
"Gaztelu","1902","Total",0
"Gaztelu","1901","Total",0
"Gaztelu","1900","Total",0
"Gaztelu","1899","Total",0
"Gaztelu","1898","Total",0
"Gaztelu","1897","Total",0
"Gaztelu","1896","Total",0
"Gaztelu","<= 1895","Total",0
"Getaria","1949","Total",32
"Getaria","1948","Total",30
"Getaria","1947","Total",26
"Getaria","1946","Total",29
"Getaria","1945","Total",19
"Getaria","1944","Total",17
"Getaria","1943","Total",30
"Getaria","1942","Total",20
"Getaria","1941","Total",18
"Getaria","1940","Total",10
"Getaria","1939","Total",10
"Getaria","1938","Total",8
"Getaria","1937","Total",6
"Getaria","1936","Total",10
"Getaria","1935","Total",7
"Getaria","1934","Total",6
"Getaria","1933","Total",4
"Getaria","1932","Total",4
"Getaria","1931","Total",5
"Getaria","1930","Total",5
"Getaria","1929","Total",1
"Getaria","1928","Total",3
"Getaria","1927","Total",1
"Getaria","1926","Total",0
"Getaria","1925","Total",0
"Getaria","1924","Total",0
"Getaria","1923","Total",0
"Getaria","1922","Total",0
"Getaria","1921","Total",0
"Getaria","1920","Total",0
"Getaria","1919","Total",0
"Getaria","1918","Total",0
"Getaria","1917","Total",0
"Getaria","1916","Total",0
"Getaria","1915","Total",0
"Getaria","1914","Total",0
"Getaria","1913","Total",0
"Getaria","1912","Total",0
"Getaria","1911","Total",0
"Getaria","1910","Total",0
"Getaria","1909","Total",0
"Getaria","1908","Total",0
"Getaria","1907","Total",0
"Getaria","1906","Total",0
"Getaria","1905","Total",0
"Getaria","1904","Total",0
"Getaria","1903","Total",0
"Getaria","1902","Total",0
"Getaria","1901","Total",0
"Getaria","1900","Total",0
"Getaria","1899","Total",0
"Getaria","1898","Total",0
"Getaria","1897","Total",0
"Getaria","1896","Total",0
"Getaria","<= 1895","Total",0
"Hernani","1949","Total",217
"Hernani","1948","Total",196
"Hernani","1947","Total",171
"Hernani","1946","Total",173
"Hernani","1945","Total",176
"Hernani","1944","Total",162
"Hernani","1943","Total",141
"Hernani","1942","Total",119
"Hernani","1941","Total",117
"Hernani","1940","Total",115
"Hernani","1939","Total",79
"Hernani","1938","Total",93
"Hernani","1937","Total",89
"Hernani","1936","Total",84
"Hernani","1935","Total",83
"Hernani","1934","Total",60
"Hernani","1933","Total",56
"Hernani","1932","Total",50
"Hernani","1931","Total",41
"Hernani","1930","Total",27
"Hernani","1929","Total",19
"Hernani","1928","Total",13
"Hernani","1927","Total",5
"Hernani","1926","Total",2
"Hernani","1925","Total",5
"Hernani","1924","Total",4
"Hernani","1923","Total",1
"Hernani","1922","Total",0
"Hernani","1921","Total",0
"Hernani","1920","Total",0
"Hernani","1919","Total",0
"Hernani","1918","Total",0
"Hernani","1917","Total",0
"Hernani","1916","Total",0
"Hernani","1915","Total",0
"Hernani","1914","Total",0
"Hernani","1913","Total",0
"Hernani","1912","Total",0
"Hernani","1911","Total",0
"Hernani","1910","Total",0
"Hernani","1909","Total",0
"Hernani","1908","Total",0
"Hernani","1907","Total",0
"Hernani","1906","Total",0
"Hernani","1905","Total",0
"Hernani","1904","Total",0
"Hernani","1903","Total",0
"Hernani","1902","Total",0
"Hernani","1901","Total",0
"Hernani","1900","Total",0
"Hernani","1899","Total",0
"Hernani","1898","Total",0
"Hernani","1897","Total",0
"Hernani","1896","Total",0
"Hernani","<= 1895","Total",0
"Hernialde","1949","Total",5
"Hernialde","1948","Total",2
"Hernialde","1947","Total",3
"Hernialde","1946","Total",1
"Hernialde","1945","Total",4
"Hernialde","1944","Total",2
"Hernialde","1943","Total",3
"Hernialde","1942","Total",1
"Hernialde","1941","Total",1
"Hernialde","1940","Total",1
"Hernialde","1939","Total",0
"Hernialde","1938","Total",1
"Hernialde","1937","Total",0
"Hernialde","1936","Total",2
"Hernialde","1935","Total",0
"Hernialde","1934","Total",0
"Hernialde","1933","Total",1
"Hernialde","1932","Total",0
"Hernialde","1931","Total",0
"Hernialde","1930","Total",0
"Hernialde","1929","Total",0
"Hernialde","1928","Total",0
"Hernialde","1927","Total",0
"Hernialde","1926","Total",0
"Hernialde","1925","Total",0
"Hernialde","1924","Total",0
"Hernialde","1923","Total",0
"Hernialde","1922","Total",0
"Hernialde","1921","Total",0
"Hernialde","1920","Total",0
"Hernialde","1919","Total",0
"Hernialde","1918","Total",0
"Hernialde","1917","Total",0
"Hernialde","1916","Total",0
"Hernialde","1915","Total",0
"Hernialde","1914","Total",0
"Hernialde","1913","Total",0
"Hernialde","1912","Total",0
"Hernialde","1911","Total",0
"Hernialde","1910","Total",0
"Hernialde","1909","Total",0
"Hernialde","1908","Total",0
"Hernialde","1907","Total",0
"Hernialde","1906","Total",0
"Hernialde","1905","Total",0
"Hernialde","1904","Total",0
"Hernialde","1903","Total",0
"Hernialde","1902","Total",0
"Hernialde","1901","Total",0
"Hernialde","1900","Total",0
"Hernialde","1899","Total",0
"Hernialde","1898","Total",0
"Hernialde","1897","Total",0
"Hernialde","1896","Total",0
"Hernialde","<= 1895","Total",0
"Hondarribia","1949","Total",183
"Hondarribia","1948","Total",191
"Hondarribia","1947","Total",213
"Hondarribia","1946","Total",200
"Hondarribia","1945","Total",186
"Hondarribia","1944","Total",164
"Hondarribia","1943","Total",144
"Hondarribia","1942","Total",124
"Hondarribia","1941","Total",122
"Hondarribia","1940","Total",104
"Hondarribia","1939","Total",88
"Hondarribia","1938","Total",84
"Hondarribia","1937","Total",77
"Hondarribia","1936","Total",72
"Hondarribia","1935","Total",68
"Hondarribia","1934","Total",57
"Hondarribia","1933","Total",41
"Hondarribia","1932","Total",39
"Hondarribia","1931","Total",23
"Hondarribia","1930","Total",28
"Hondarribia","1929","Total",11
"Hondarribia","1928","Total",15
"Hondarribia","1927","Total",8
"Hondarribia","1926","Total",5
"Hondarribia","1925","Total",3
"Hondarribia","1924","Total",1
"Hondarribia","1923","Total",2
"Hondarribia","1922","Total",0
"Hondarribia","1921","Total",0
"Hondarribia","1920","Total",1
"Hondarribia","1919","Total",0
"Hondarribia","1918","Total",0
"Hondarribia","1917","Total",0
"Hondarribia","1916","Total",0
"Hondarribia","1915","Total",0
"Hondarribia","1914","Total",0
"Hondarribia","1913","Total",0
"Hondarribia","1912","Total",0
"Hondarribia","1911","Total",0
"Hondarribia","1910","Total",0
"Hondarribia","1909","Total",0
"Hondarribia","1908","Total",0
"Hondarribia","1907","Total",0
"Hondarribia","1906","Total",0
"Hondarribia","1905","Total",0
"Hondarribia","1904","Total",0
"Hondarribia","1903","Total",0
"Hondarribia","1902","Total",0
"Hondarribia","1901","Total",0
"Hondarribia","1900","Total",0
"Hondarribia","1899","Total",0
"Hondarribia","1898","Total",0
"Hondarribia","1897","Total",0
"Hondarribia","1896","Total",0
"Hondarribia","<= 1895","Total",0
"Ibarra","1949","Total",48
"Ibarra","1948","Total",62
"Ibarra","1947","Total",52
"Ibarra","1946","Total",52
"Ibarra","1945","Total",51
"Ibarra","1944","Total",32
"Ibarra","1943","Total",46
"Ibarra","1942","Total",31
"Ibarra","1941","Total",26
"Ibarra","1940","Total",23
"Ibarra","1939","Total",19
"Ibarra","1938","Total",15
"Ibarra","1937","Total",12
"Ibarra","1936","Total",21
"Ibarra","1935","Total",18
"Ibarra","1934","Total",16
"Ibarra","1933","Total",16
"Ibarra","1932","Total",9
"Ibarra","1931","Total",7
"Ibarra","1930","Total",6
"Ibarra","1929","Total",5
"Ibarra","1928","Total",4
"Ibarra","1927","Total",0
"Ibarra","1926","Total",2
"Ibarra","1925","Total",0
"Ibarra","1924","Total",0
"Ibarra","1923","Total",1
"Ibarra","1922","Total",0
"Ibarra","1921","Total",0
"Ibarra","1920","Total",0
"Ibarra","1919","Total",0
"Ibarra","1918","Total",0
"Ibarra","1917","Total",0
"Ibarra","1916","Total",0
"Ibarra","1915","Total",0
"Ibarra","1914","Total",0
"Ibarra","1913","Total",0
"Ibarra","1912","Total",0
"Ibarra","1911","Total",0
"Ibarra","1910","Total",0
"Ibarra","1909","Total",0
"Ibarra","1908","Total",0
"Ibarra","1907","Total",0
"Ibarra","1906","Total",0
"Ibarra","1905","Total",0
"Ibarra","1904","Total",0
"Ibarra","1903","Total",0
"Ibarra","1902","Total",0
"Ibarra","1901","Total",0
"Ibarra","1900","Total",0
"Ibarra","1899","Total",0
"Ibarra","1898","Total",0
"Ibarra","1897","Total",0
"Ibarra","1896","Total",0
"Ibarra","<= 1895","Total",0
"Idiazabal","1949","Total",19
"Idiazabal","1948","Total",19
"Idiazabal","1947","Total",23
"Idiazabal","1946","Total",24
"Idiazabal","1945","Total",19
"Idiazabal","1944","Total",27
"Idiazabal","1943","Total",17
"Idiazabal","1942","Total",17
"Idiazabal","1941","Total",15
"Idiazabal","1940","Total",15
"Idiazabal","1939","Total",15
"Idiazabal","1938","Total",17
"Idiazabal","1937","Total",15
"Idiazabal","1936","Total",9
"Idiazabal","1935","Total",9
"Idiazabal","1934","Total",10
"Idiazabal","1933","Total",8
"Idiazabal","1932","Total",7
"Idiazabal","1931","Total",4
"Idiazabal","1930","Total",3
"Idiazabal","1929","Total",3
"Idiazabal","1928","Total",2
"Idiazabal","1927","Total",0
"Idiazabal","1926","Total",0
"Idiazabal","1925","Total",2
"Idiazabal","1924","Total",0
"Idiazabal","1923","Total",0
"Idiazabal","1922","Total",0
"Idiazabal","1921","Total",0
"Idiazabal","1920","Total",0
"Idiazabal","1919","Total",0
"Idiazabal","1918","Total",0
"Idiazabal","1917","Total",0
"Idiazabal","1916","Total",0
"Idiazabal","1915","Total",0
"Idiazabal","1914","Total",0
"Idiazabal","1913","Total",0
"Idiazabal","1912","Total",0
"Idiazabal","1911","Total",0
"Idiazabal","1910","Total",0
"Idiazabal","1909","Total",0
"Idiazabal","1908","Total",0
"Idiazabal","1907","Total",0
"Idiazabal","1906","Total",0
"Idiazabal","1905","Total",0
"Idiazabal","1904","Total",0
"Idiazabal","1903","Total",0
"Idiazabal","1902","Total",0
"Idiazabal","1901","Total",0
"Idiazabal","1900","Total",0
"Idiazabal","1899","Total",0
"Idiazabal","1898","Total",0
"Idiazabal","1897","Total",0
"Idiazabal","1896","Total",0
"Idiazabal","<= 1895","Total",0
"Ikaztegieta","1949","Total",2
"Ikaztegieta","1948","Total",1
"Ikaztegieta","1947","Total",10
"Ikaztegieta","1946","Total",4
"Ikaztegieta","1945","Total",4
"Ikaztegieta","1944","Total",1
"Ikaztegieta","1943","Total",4
"Ikaztegieta","1942","Total",4
"Ikaztegieta","1941","Total",2
"Ikaztegieta","1940","Total",2
"Ikaztegieta","1939","Total",4
"Ikaztegieta","1938","Total",0
"Ikaztegieta","1937","Total",5
"Ikaztegieta","1936","Total",1
"Ikaztegieta","1935","Total",1
"Ikaztegieta","1934","Total",1
"Ikaztegieta","1933","Total",0
"Ikaztegieta","1932","Total",0
"Ikaztegieta","1931","Total",1
"Ikaztegieta","1930","Total",0
"Ikaztegieta","1929","Total",1
"Ikaztegieta","1928","Total",0
"Ikaztegieta","1927","Total",0
"Ikaztegieta","1926","Total",1
"Ikaztegieta","1925","Total",0
"Ikaztegieta","1924","Total",0
"Ikaztegieta","1923","Total",0
"Ikaztegieta","1922","Total",0
"Ikaztegieta","1921","Total",0
"Ikaztegieta","1920","Total",0
"Ikaztegieta","1919","Total",0
"Ikaztegieta","1918","Total",0
"Ikaztegieta","1917","Total",0
"Ikaztegieta","1916","Total",0
"Ikaztegieta","1915","Total",0
"Ikaztegieta","1914","Total",0
"Ikaztegieta","1913","Total",0
"Ikaztegieta","1912","Total",0
"Ikaztegieta","1911","Total",0
"Ikaztegieta","1910","Total",0
"Ikaztegieta","1909","Total",0
"Ikaztegieta","1908","Total",0
"Ikaztegieta","1907","Total",0
"Ikaztegieta","1906","Total",0
"Ikaztegieta","1905","Total",0
"Ikaztegieta","1904","Total",0
"Ikaztegieta","1903","Total",0
"Ikaztegieta","1902","Total",0
"Ikaztegieta","1901","Total",0
"Ikaztegieta","1900","Total",0
"Ikaztegieta","1899","Total",0
"Ikaztegieta","1898","Total",0
"Ikaztegieta","1897","Total",0
"Ikaztegieta","1896","Total",0
"Ikaztegieta","<= 1895","Total",0
"Irun","1949","Total",627
"Irun","1948","Total",654
"Irun","1947","Total",592
"Irun","1946","Total",598
"Irun","1945","Total",543
"Irun","1944","Total",508
"Irun","1943","Total",491
"Irun","1942","Total",416
"Irun","1941","Total",406
"Irun","1940","Total",380
"Irun","1939","Total",241
"Irun","1938","Total",271
"Irun","1937","Total",273
"Irun","1936","Total",285
"Irun","1935","Total",288
"Irun","1934","Total",222
"Irun","1933","Total",193
"Irun","1932","Total",171
"Irun","1931","Total",125
"Irun","1930","Total",101
"Irun","1929","Total",67
"Irun","1928","Total",51
"Irun","1927","Total",31
"Irun","1926","Total",27
"Irun","1925","Total",14
"Irun","1924","Total",10
"Irun","1923","Total",10
"Irun","1922","Total",4
"Irun","1921","Total",0
"Irun","1920","Total",1
"Irun","1919","Total",1
"Irun","1918","Total",1
"Irun","1917","Total",0
"Irun","1916","Total",1
"Irun","1915","Total",1
"Irun","1914","Total",0
"Irun","1913","Total",0
"Irun","1912","Total",0
"Irun","1911","Total",0
"Irun","1910","Total",0
"Irun","1909","Total",0
"Irun","1908","Total",0
"Irun","1907","Total",0
"Irun","1906","Total",0
"Irun","1905","Total",0
"Irun","1904","Total",0
"Irun","1903","Total",0
"Irun","1902","Total",0
"Irun","1901","Total",0
"Irun","1900","Total",0
"Irun","1899","Total",0
"Irun","1898","Total",0
"Irun","1897","Total",0
"Irun","1896","Total",0
"Irun","<= 1895","Total",0
"Irura","1949","Total",6
"Irura","1948","Total",6
"Irura","1947","Total",7
"Irura","1946","Total",8
"Irura","1945","Total",4
"Irura","1944","Total",12
"Irura","1943","Total",8
"Irura","1942","Total",6
"Irura","1941","Total",8
"Irura","1940","Total",3
"Irura","1939","Total",3
"Irura","1938","Total",4
"Irura","1937","Total",3
"Irura","1936","Total",3
"Irura","1935","Total",5
"Irura","1934","Total",2
"Irura","1933","Total",0
"Irura","1932","Total",1
"Irura","1931","Total",0
"Irura","1930","Total",0
"Irura","1929","Total",1
"Irura","1928","Total",1
"Irura","1927","Total",0
"Irura","1926","Total",0
"Irura","1925","Total",0
"Irura","1924","Total",0
"Irura","1923","Total",0
"Irura","1922","Total",0
"Irura","1921","Total",0
"Irura","1920","Total",0
"Irura","1919","Total",0
"Irura","1918","Total",0
"Irura","1917","Total",0
"Irura","1916","Total",0
"Irura","1915","Total",0
"Irura","1914","Total",0
"Irura","1913","Total",0
"Irura","1912","Total",0
"Irura","1911","Total",0
"Irura","1910","Total",0
"Irura","1909","Total",0
"Irura","1908","Total",0
"Irura","1907","Total",0
"Irura","1906","Total",0
"Irura","1905","Total",0
"Irura","1904","Total",0
"Irura","1903","Total",0
"Irura","1902","Total",0
"Irura","1901","Total",0
"Irura","1900","Total",0
"Irura","1899","Total",0
"Irura","1898","Total",0
"Irura","1897","Total",0
"Irura","1896","Total",0
"Irura","<= 1895","Total",0
"Itsasondo","1949","Total",5
"Itsasondo","1948","Total",1
"Itsasondo","1947","Total",7
"Itsasondo","1946","Total",5
"Itsasondo","1945","Total",7
"Itsasondo","1944","Total",6
"Itsasondo","1943","Total",4
"Itsasondo","1942","Total",2
"Itsasondo","1941","Total",2
"Itsasondo","1940","Total",2
"Itsasondo","1939","Total",3
"Itsasondo","1938","Total",3
"Itsasondo","1937","Total",3
"Itsasondo","1936","Total",3
"Itsasondo","1935","Total",3
"Itsasondo","1934","Total",0
"Itsasondo","1933","Total",0
"Itsasondo","1932","Total",4
"Itsasondo","1931","Total",2
"Itsasondo","1930","Total",2
"Itsasondo","1929","Total",0
"Itsasondo","1928","Total",0
"Itsasondo","1927","Total",0
"Itsasondo","1926","Total",0
"Itsasondo","1925","Total",0
"Itsasondo","1924","Total",0
"Itsasondo","1923","Total",2
"Itsasondo","1922","Total",0
"Itsasondo","1921","Total",0
"Itsasondo","1920","Total",0
"Itsasondo","1919","Total",0
"Itsasondo","1918","Total",0
"Itsasondo","1917","Total",0
"Itsasondo","1916","Total",0
"Itsasondo","1915","Total",0
"Itsasondo","1914","Total",0
"Itsasondo","1913","Total",0
"Itsasondo","1912","Total",0
"Itsasondo","1911","Total",0
"Itsasondo","1910","Total",0
"Itsasondo","1909","Total",0
"Itsasondo","1908","Total",0
"Itsasondo","1907","Total",0
"Itsasondo","1906","Total",0
"Itsasondo","1905","Total",0
"Itsasondo","1904","Total",0
"Itsasondo","1903","Total",0
"Itsasondo","1902","Total",0
"Itsasondo","1901","Total",0
"Itsasondo","1900","Total",0
"Itsasondo","1899","Total",0
"Itsasondo","1898","Total",0
"Itsasondo","1897","Total",0
"Itsasondo","1896","Total",0
"Itsasondo","<= 1895","Total",0
"Larraul","1949","Total",1
"Larraul","1948","Total",0
"Larraul","1947","Total",1
"Larraul","1946","Total",0
"Larraul","1945","Total",0
"Larraul","1944","Total",1
"Larraul","1943","Total",0
"Larraul","1942","Total",0
"Larraul","1941","Total",2
"Larraul","1940","Total",1
"Larraul","1939","Total",0
"Larraul","1938","Total",1
"Larraul","1937","Total",2
"Larraul","1936","Total",1
"Larraul","1935","Total",0
"Larraul","1934","Total",0
"Larraul","1933","Total",0
"Larraul","1932","Total",0
"Larraul","1931","Total",0
"Larraul","1930","Total",1
"Larraul","1929","Total",0
"Larraul","1928","Total",0
"Larraul","1927","Total",0
"Larraul","1926","Total",0
"Larraul","1925","Total",1
"Larraul","1924","Total",0
"Larraul","1923","Total",0
"Larraul","1922","Total",0
"Larraul","1921","Total",0
"Larraul","1920","Total",0
"Larraul","1919","Total",0
"Larraul","1918","Total",0
"Larraul","1917","Total",0
"Larraul","1916","Total",0
"Larraul","1915","Total",0
"Larraul","1914","Total",0
"Larraul","1913","Total",0
"Larraul","1912","Total",0
"Larraul","1911","Total",0
"Larraul","1910","Total",0
"Larraul","1909","Total",0
"Larraul","1908","Total",0
"Larraul","1907","Total",0
"Larraul","1906","Total",0
"Larraul","1905","Total",0
"Larraul","1904","Total",0
"Larraul","1903","Total",0
"Larraul","1902","Total",0
"Larraul","1901","Total",0
"Larraul","1900","Total",0
"Larraul","1899","Total",0
"Larraul","1898","Total",0
"Larraul","1897","Total",0
"Larraul","1896","Total",0
"Larraul","<= 1895","Total",0
"Lasarte-Oria","1949","Total",212
"Lasarte-Oria","1948","Total",223
"Lasarte-Oria","1947","Total",233
"Lasarte-Oria","1946","Total",212
"Lasarte-Oria","1945","Total",228
"Lasarte-Oria","1944","Total",211
"Lasarte-Oria","1943","Total",222
"Lasarte-Oria","1942","Total",172
"Lasarte-Oria","1941","Total",155
"Lasarte-Oria","1940","Total",175
"Lasarte-Oria","1939","Total",115
"Lasarte-Oria","1938","Total",129
"Lasarte-Oria","1937","Total",125
"Lasarte-Oria","1936","Total",98
"Lasarte-Oria","1935","Total",74
"Lasarte-Oria","1934","Total",68
"Lasarte-Oria","1933","Total",45
"Lasarte-Oria","1932","Total",37
"Lasarte-Oria","1931","Total",19
"Lasarte-Oria","1930","Total",31
"Lasarte-Oria","1929","Total",17
"Lasarte-Oria","1928","Total",4
"Lasarte-Oria","1927","Total",6
"Lasarte-Oria","1926","Total",7
"Lasarte-Oria","1925","Total",5
"Lasarte-Oria","1924","Total",5
"Lasarte-Oria","1923","Total",0
"Lasarte-Oria","1922","Total",1
"Lasarte-Oria","1921","Total",0
"Lasarte-Oria","1920","Total",0
"Lasarte-Oria","1919","Total",0
"Lasarte-Oria","1918","Total",0
"Lasarte-Oria","1917","Total",0
"Lasarte-Oria","1916","Total",0
"Lasarte-Oria","1915","Total",0
"Lasarte-Oria","1914","Total",0
"Lasarte-Oria","1913","Total",0
"Lasarte-Oria","1912","Total",0
"Lasarte-Oria","1911","Total",0
"Lasarte-Oria","1910","Total",0
"Lasarte-Oria","1909","Total",0
"Lasarte-Oria","1908","Total",0
"Lasarte-Oria","1907","Total",0
"Lasarte-Oria","1906","Total",0
"Lasarte-Oria","1905","Total",0
"Lasarte-Oria","1904","Total",0
"Lasarte-Oria","1903","Total",0
"Lasarte-Oria","1902","Total",0
"Lasarte-Oria","1901","Total",0
"Lasarte-Oria","1900","Total",0
"Lasarte-Oria","1899","Total",0
"Lasarte-Oria","1898","Total",0
"Lasarte-Oria","1897","Total",0
"Lasarte-Oria","1896","Total",0
"Lasarte-Oria","<= 1895","Total",0
"Lazkao","1949","Total",55
"Lazkao","1948","Total",42
"Lazkao","1947","Total",34
"Lazkao","1946","Total",41
"Lazkao","1945","Total",50
"Lazkao","1944","Total",35
"Lazkao","1943","Total",20
"Lazkao","1942","Total",30
"Lazkao","1941","Total",34
"Lazkao","1940","Total",23
"Lazkao","1939","Total",24
"Lazkao","1938","Total",23
"Lazkao","1937","Total",26
"Lazkao","1936","Total",28
"Lazkao","1935","Total",21
"Lazkao","1934","Total",23
"Lazkao","1933","Total",9
"Lazkao","1932","Total",8
"Lazkao","1931","Total",8
"Lazkao","1930","Total",10
"Lazkao","1929","Total",5
"Lazkao","1928","Total",4
"Lazkao","1927","Total",2
"Lazkao","1926","Total",1
"Lazkao","1925","Total",1
"Lazkao","1924","Total",0
"Lazkao","1923","Total",0
"Lazkao","1922","Total",0
"Lazkao","1921","Total",0
"Lazkao","1920","Total",1
"Lazkao","1919","Total",0
"Lazkao","1918","Total",0
"Lazkao","1917","Total",0
"Lazkao","1916","Total",0
"Lazkao","1915","Total",0
"Lazkao","1914","Total",0
"Lazkao","1913","Total",0
"Lazkao","1912","Total",0
"Lazkao","1911","Total",0
"Lazkao","1910","Total",0
"Lazkao","1909","Total",0
"Lazkao","1908","Total",0
"Lazkao","1907","Total",0
"Lazkao","1906","Total",0
"Lazkao","1905","Total",0
"Lazkao","1904","Total",0
"Lazkao","1903","Total",0
"Lazkao","1902","Total",0
"Lazkao","1901","Total",0
"Lazkao","1900","Total",0
"Lazkao","1899","Total",0
"Lazkao","1898","Total",0
"Lazkao","1897","Total",0
"Lazkao","1896","Total",0
"Lazkao","<= 1895","Total",0
"Leaburu","1949","Total",0
"Leaburu","1948","Total",2
"Leaburu","1947","Total",5
"Leaburu","1946","Total",4
"Leaburu","1945","Total",3
"Leaburu","1944","Total",1
"Leaburu","1943","Total",5
"Leaburu","1942","Total",0
"Leaburu","1941","Total",2
"Leaburu","1940","Total",3
"Leaburu","1939","Total",3
"Leaburu","1938","Total",0
"Leaburu","1937","Total",0
"Leaburu","1936","Total",3
"Leaburu","1935","Total",0
"Leaburu","1934","Total",4
"Leaburu","1933","Total",1
"Leaburu","1932","Total",1
"Leaburu","1931","Total",2
"Leaburu","1930","Total",1
"Leaburu","1929","Total",0
"Leaburu","1928","Total",1
"Leaburu","1927","Total",2
"Leaburu","1926","Total",0
"Leaburu","1925","Total",0
"Leaburu","1924","Total",0
"Leaburu","1923","Total",0
"Leaburu","1922","Total",0
"Leaburu","1921","Total",0
"Leaburu","1920","Total",0
"Leaburu","1919","Total",0
"Leaburu","1918","Total",0
"Leaburu","1917","Total",0
"Leaburu","1916","Total",0
"Leaburu","1915","Total",0
"Leaburu","1914","Total",0
"Leaburu","1913","Total",0
"Leaburu","1912","Total",0
"Leaburu","1911","Total",0
"Leaburu","1910","Total",0
"Leaburu","1909","Total",0
"Leaburu","1908","Total",0
"Leaburu","1907","Total",0
"Leaburu","1906","Total",0
"Leaburu","1905","Total",0
"Leaburu","1904","Total",0
"Leaburu","1903","Total",0
"Leaburu","1902","Total",0
"Leaburu","1901","Total",0
"Leaburu","1900","Total",0
"Leaburu","1899","Total",0
"Leaburu","1898","Total",0
"Leaburu","1897","Total",0
"Leaburu","1896","Total",0
"Leaburu","<= 1895","Total",0
"Legazpi","1949","Total",107
"Legazpi","1948","Total",99
"Legazpi","1947","Total",79
"Legazpi","1946","Total",85
"Legazpi","1945","Total",89
"Legazpi","1944","Total",69
"Legazpi","1943","Total",66
"Legazpi","1942","Total",57
"Legazpi","1941","Total",62
"Legazpi","1940","Total",75
"Legazpi","1939","Total",43
"Legazpi","1938","Total",43
"Legazpi","1937","Total",44
"Legazpi","1936","Total",44
"Legazpi","1935","Total",50
"Legazpi","1934","Total",42
"Legazpi","1933","Total",41
"Legazpi","1932","Total",33
"Legazpi","1931","Total",17
"Legazpi","1930","Total",12
"Legazpi","1929","Total",12
"Legazpi","1928","Total",13
"Legazpi","1927","Total",2
"Legazpi","1926","Total",2
"Legazpi","1925","Total",1
"Legazpi","1924","Total",0
"Legazpi","1923","Total",0
"Legazpi","1922","Total",1
"Legazpi","1921","Total",0
"Legazpi","1920","Total",2
"Legazpi","1919","Total",0
"Legazpi","1918","Total",0
"Legazpi","1917","Total",0
"Legazpi","1916","Total",0
"Legazpi","1915","Total",0
"Legazpi","1914","Total",0
"Legazpi","1913","Total",0
"Legazpi","1912","Total",0
"Legazpi","1911","Total",0
"Legazpi","1910","Total",0
"Legazpi","1909","Total",0
"Legazpi","1908","Total",0
"Legazpi","1907","Total",0
"Legazpi","1906","Total",0
"Legazpi","1905","Total",0
"Legazpi","1904","Total",0
"Legazpi","1903","Total",0
"Legazpi","1902","Total",0
"Legazpi","1901","Total",0
"Legazpi","1900","Total",0
"Legazpi","1899","Total",0
"Legazpi","1898","Total",0
"Legazpi","1897","Total",0
"Legazpi","1896","Total",0
"Legazpi","<= 1895","Total",0
"Legorreta","1949","Total",20
"Legorreta","1948","Total",12
"Legorreta","1947","Total",9
"Legorreta","1946","Total",11
"Legorreta","1945","Total",13
"Legorreta","1944","Total",9
"Legorreta","1943","Total",18
"Legorreta","1942","Total",9
"Legorreta","1941","Total",11
"Legorreta","1940","Total",4
"Legorreta","1939","Total",9
"Legorreta","1938","Total",7
"Legorreta","1937","Total",8
"Legorreta","1936","Total",5
"Legorreta","1935","Total",3
"Legorreta","1934","Total",2
"Legorreta","1933","Total",4
"Legorreta","1932","Total",2
"Legorreta","1931","Total",2
"Legorreta","1930","Total",3
"Legorreta","1929","Total",1
"Legorreta","1928","Total",1
"Legorreta","1927","Total",2
"Legorreta","1926","Total",0
"Legorreta","1925","Total",0
"Legorreta","1924","Total",0
"Legorreta","1923","Total",0
"Legorreta","1922","Total",0
"Legorreta","1921","Total",0
"Legorreta","1920","Total",0
"Legorreta","1919","Total",0
"Legorreta","1918","Total",0
"Legorreta","1917","Total",0
"Legorreta","1916","Total",0
"Legorreta","1915","Total",0
"Legorreta","1914","Total",0
"Legorreta","1913","Total",0
"Legorreta","1912","Total",0
"Legorreta","1911","Total",0
"Legorreta","1910","Total",0
"Legorreta","1909","Total",0
"Legorreta","1908","Total",0
"Legorreta","1907","Total",0
"Legorreta","1906","Total",0
"Legorreta","1905","Total",0
"Legorreta","1904","Total",0
"Legorreta","1903","Total",0
"Legorreta","1902","Total",0
"Legorreta","1901","Total",0
"Legorreta","1900","Total",0
"Legorreta","1899","Total",0
"Legorreta","1898","Total",0
"Legorreta","1897","Total",0
"Legorreta","1896","Total",0
"Legorreta","<= 1895","Total",0
"Leintz-Gatzaga","1949","Total",1
"Leintz-Gatzaga","1948","Total",1
"Leintz-Gatzaga","1947","Total",2
"Leintz-Gatzaga","1946","Total",2
"Leintz-Gatzaga","1945","Total",0
"Leintz-Gatzaga","1944","Total",5
"Leintz-Gatzaga","1943","Total",3
"Leintz-Gatzaga","1942","Total",2
"Leintz-Gatzaga","1941","Total",0
"Leintz-Gatzaga","1940","Total",2
"Leintz-Gatzaga","1939","Total",0
"Leintz-Gatzaga","1938","Total",2
"Leintz-Gatzaga","1937","Total",0
"Leintz-Gatzaga","1936","Total",2
"Leintz-Gatzaga","1935","Total",1
"Leintz-Gatzaga","1934","Total",1
"Leintz-Gatzaga","1933","Total",0
"Leintz-Gatzaga","1932","Total",1
"Leintz-Gatzaga","1931","Total",0
"Leintz-Gatzaga","1930","Total",0
"Leintz-Gatzaga","1929","Total",0
"Leintz-Gatzaga","1928","Total",0
"Leintz-Gatzaga","1927","Total",0
"Leintz-Gatzaga","1926","Total",0
"Leintz-Gatzaga","1925","Total",0
"Leintz-Gatzaga","1924","Total",1
"Leintz-Gatzaga","1923","Total",0
"Leintz-Gatzaga","1922","Total",0
"Leintz-Gatzaga","1921","Total",0
"Leintz-Gatzaga","1920","Total",0
"Leintz-Gatzaga","1919","Total",0
"Leintz-Gatzaga","1918","Total",0
"Leintz-Gatzaga","1917","Total",0
"Leintz-Gatzaga","1916","Total",0
"Leintz-Gatzaga","1915","Total",0
"Leintz-Gatzaga","1914","Total",0
"Leintz-Gatzaga","1913","Total",0
"Leintz-Gatzaga","1912","Total",0
"Leintz-Gatzaga","1911","Total",0
"Leintz-Gatzaga","1910","Total",0
"Leintz-Gatzaga","1909","Total",0
"Leintz-Gatzaga","1908","Total",0
"Leintz-Gatzaga","1907","Total",0
"Leintz-Gatzaga","1906","Total",0
"Leintz-Gatzaga","1905","Total",0
"Leintz-Gatzaga","1904","Total",0
"Leintz-Gatzaga","1903","Total",0
"Leintz-Gatzaga","1902","Total",0
"Leintz-Gatzaga","1901","Total",0
"Leintz-Gatzaga","1900","Total",0
"Leintz-Gatzaga","1899","Total",0
"Leintz-Gatzaga","1898","Total",0
"Leintz-Gatzaga","1897","Total",0
"Leintz-Gatzaga","1896","Total",0
"Leintz-Gatzaga","<= 1895","Total",0
"Lezo","1949","Total",55
"Lezo","1948","Total",50
"Lezo","1947","Total",45
"Lezo","1946","Total",55
"Lezo","1945","Total",39
"Lezo","1944","Total",45
"Lezo","1943","Total",37
"Lezo","1942","Total",21
"Lezo","1941","Total",26
"Lezo","1940","Total",29
"Lezo","1939","Total",19
"Lezo","1938","Total",15
"Lezo","1937","Total",16
"Lezo","1936","Total",11
"Lezo","1935","Total",18
"Lezo","1934","Total",17
"Lezo","1933","Total",7
"Lezo","1932","Total",8
"Lezo","1931","Total",5
"Lezo","1930","Total",6
"Lezo","1929","Total",4
"Lezo","1928","Total",5
"Lezo","1927","Total",3
"Lezo","1926","Total",2
"Lezo","1925","Total",3
"Lezo","1924","Total",1
"Lezo","1923","Total",1
"Lezo","1922","Total",0
"Lezo","1921","Total",0
"Lezo","1920","Total",0
"Lezo","1919","Total",0
"Lezo","1918","Total",0
"Lezo","1917","Total",0
"Lezo","1916","Total",0
"Lezo","1915","Total",0
"Lezo","1914","Total",0
"Lezo","1913","Total",0
"Lezo","1912","Total",0
"Lezo","1911","Total",0
"Lezo","1910","Total",0
"Lezo","1909","Total",0
"Lezo","1908","Total",0
"Lezo","1907","Total",0
"Lezo","1906","Total",0
"Lezo","1905","Total",0
"Lezo","1904","Total",0
"Lezo","1903","Total",0
"Lezo","1902","Total",0
"Lezo","1901","Total",0
"Lezo","1900","Total",0
"Lezo","1899","Total",0
"Lezo","1898","Total",0
"Lezo","1897","Total",0
"Lezo","1896","Total",0
"Lezo","<= 1895","Total",0
"Lizartza","1949","Total",6
"Lizartza","1948","Total",10
"Lizartza","1947","Total",10
"Lizartza","1946","Total",5
"Lizartza","1945","Total",8
"Lizartza","1944","Total",6
"Lizartza","1943","Total",7
"Lizartza","1942","Total",7
"Lizartza","1941","Total",1
"Lizartza","1940","Total",3
"Lizartza","1939","Total",0
"Lizartza","1938","Total",2
"Lizartza","1937","Total",3
"Lizartza","1936","Total",0
"Lizartza","1935","Total",1
"Lizartza","1934","Total",2
"Lizartza","1933","Total",1
"Lizartza","1932","Total",3
"Lizartza","1931","Total",0
"Lizartza","1930","Total",1
"Lizartza","1929","Total",0
"Lizartza","1928","Total",0
"Lizartza","1927","Total",0
"Lizartza","1926","Total",0
"Lizartza","1925","Total",0
"Lizartza","1924","Total",1
"Lizartza","1923","Total",0
"Lizartza","1922","Total",0
"Lizartza","1921","Total",0
"Lizartza","1920","Total",0
"Lizartza","1919","Total",0
"Lizartza","1918","Total",0
"Lizartza","1917","Total",0
"Lizartza","1916","Total",0
"Lizartza","1915","Total",0
"Lizartza","1914","Total",0
"Lizartza","1913","Total",0
"Lizartza","1912","Total",0
"Lizartza","1911","Total",0
"Lizartza","1910","Total",0
"Lizartza","1909","Total",0
"Lizartza","1908","Total",0
"Lizartza","1907","Total",0
"Lizartza","1906","Total",0
"Lizartza","1905","Total",0
"Lizartza","1904","Total",0
"Lizartza","1903","Total",0
"Lizartza","1902","Total",0
"Lizartza","1901","Total",0
"Lizartza","1900","Total",0
"Lizartza","1899","Total",0
"Lizartza","1898","Total",0
"Lizartza","1897","Total",0
"Lizartza","1896","Total",0
"Lizartza","<= 1895","Total",0
"Mendaro","1949","Total",13
"Mendaro","1948","Total",21
"Mendaro","1947","Total",14
"Mendaro","1946","Total",17
"Mendaro","1945","Total",18
"Mendaro","1944","Total",11
"Mendaro","1943","Total",12
"Mendaro","1942","Total",11
"Mendaro","1941","Total",5
"Mendaro","1940","Total",14
"Mendaro","1939","Total",5
"Mendaro","1938","Total",9
"Mendaro","1937","Total",10
"Mendaro","1936","Total",7
"Mendaro","1935","Total",4
"Mendaro","1934","Total",5
"Mendaro","1933","Total",2
"Mendaro","1932","Total",4
"Mendaro","1931","Total",2
"Mendaro","1930","Total",4
"Mendaro","1929","Total",1
"Mendaro","1928","Total",5
"Mendaro","1927","Total",1
"Mendaro","1926","Total",0
"Mendaro","1925","Total",0
"Mendaro","1924","Total",0
"Mendaro","1923","Total",0
"Mendaro","1922","Total",1
"Mendaro","1921","Total",0
"Mendaro","1920","Total",0
"Mendaro","1919","Total",0
"Mendaro","1918","Total",0
"Mendaro","1917","Total",0
"Mendaro","1916","Total",0
"Mendaro","1915","Total",0
"Mendaro","1914","Total",0
"Mendaro","1913","Total",0
"Mendaro","1912","Total",0
"Mendaro","1911","Total",0
"Mendaro","1910","Total",0
"Mendaro","1909","Total",0
"Mendaro","1908","Total",0
"Mendaro","1907","Total",0
"Mendaro","1906","Total",0
"Mendaro","1905","Total",0
"Mendaro","1904","Total",0
"Mendaro","1903","Total",0
"Mendaro","1902","Total",0
"Mendaro","1901","Total",0
"Mendaro","1900","Total",0
"Mendaro","1899","Total",0
"Mendaro","1898","Total",0
"Mendaro","1897","Total",0
"Mendaro","1896","Total",0
"Mendaro","<= 1895","Total",0
"Mutiloa","1949","Total",2
"Mutiloa","1948","Total",4
"Mutiloa","1947","Total",1
"Mutiloa","1946","Total",3
"Mutiloa","1945","Total",2
"Mutiloa","1944","Total",1
"Mutiloa","1943","Total",2
"Mutiloa","1942","Total",0
"Mutiloa","1941","Total",0
"Mutiloa","1940","Total",2
"Mutiloa","1939","Total",1
"Mutiloa","1938","Total",0
"Mutiloa","1937","Total",2
"Mutiloa","1936","Total",2
"Mutiloa","1935","Total",0
"Mutiloa","1934","Total",1
"Mutiloa","1933","Total",1
"Mutiloa","1932","Total",1
"Mutiloa","1931","Total",0
"Mutiloa","1930","Total",0
"Mutiloa","1929","Total",0
"Mutiloa","1928","Total",1
"Mutiloa","1927","Total",0
"Mutiloa","1926","Total",0
"Mutiloa","1925","Total",0
"Mutiloa","1924","Total",0
"Mutiloa","1923","Total",0
"Mutiloa","1922","Total",0
"Mutiloa","1921","Total",0
"Mutiloa","1920","Total",0
"Mutiloa","1919","Total",0
"Mutiloa","1918","Total",0
"Mutiloa","1917","Total",0
"Mutiloa","1916","Total",0
"Mutiloa","1915","Total",0
"Mutiloa","1914","Total",0
"Mutiloa","1913","Total",0
"Mutiloa","1912","Total",0
"Mutiloa","1911","Total",0
"Mutiloa","1910","Total",0
"Mutiloa","1909","Total",0
"Mutiloa","1908","Total",0
"Mutiloa","1907","Total",0
"Mutiloa","1906","Total",0
"Mutiloa","1905","Total",0
"Mutiloa","1904","Total",0
"Mutiloa","1903","Total",0
"Mutiloa","1902","Total",0
"Mutiloa","1901","Total",0
"Mutiloa","1900","Total",0
"Mutiloa","1899","Total",0
"Mutiloa","1898","Total",0
"Mutiloa","1897","Total",0
"Mutiloa","1896","Total",0
"Mutiloa","<= 1895","Total",0
"Mutriku","1949","Total",52
"Mutriku","1948","Total",56
"Mutriku","1947","Total",53
"Mutriku","1946","Total",56
"Mutriku","1945","Total",48
"Mutriku","1944","Total",45
"Mutriku","1943","Total",38
"Mutriku","1942","Total",41
"Mutriku","1941","Total",29
"Mutriku","1940","Total",29
"Mutriku","1939","Total",16
"Mutriku","1938","Total",16
"Mutriku","1937","Total",17
"Mutriku","1936","Total",24
"Mutriku","1935","Total",20
"Mutriku","1934","Total",19
"Mutriku","1933","Total",28
"Mutriku","1932","Total",11
"Mutriku","1931","Total",11
"Mutriku","1930","Total",8
"Mutriku","1929","Total",5
"Mutriku","1928","Total",3
"Mutriku","1927","Total",2
"Mutriku","1926","Total",0
"Mutriku","1925","Total",1
"Mutriku","1924","Total",1
"Mutriku","1923","Total",0
"Mutriku","1922","Total",0
"Mutriku","1921","Total",1
"Mutriku","1920","Total",0
"Mutriku","1919","Total",0
"Mutriku","1918","Total",0
"Mutriku","1917","Total",0
"Mutriku","1916","Total",0
"Mutriku","1915","Total",0
"Mutriku","1914","Total",0
"Mutriku","1913","Total",0
"Mutriku","1912","Total",0
"Mutriku","1911","Total",0
"Mutriku","1910","Total",0
"Mutriku","1909","Total",0
"Mutriku","1908","Total",0
"Mutriku","1907","Total",0
"Mutriku","1906","Total",0
"Mutriku","1905","Total",0
"Mutriku","1904","Total",0
"Mutriku","1903","Total",0
"Mutriku","1902","Total",0
"Mutriku","1901","Total",0
"Mutriku","1900","Total",0
"Mutriku","1899","Total",0
"Mutriku","1898","Total",0
"Mutriku","1897","Total",0
"Mutriku","1896","Total",0
"Mutriku","<= 1895","Total",0
"Oiartzun","1949","Total",104
"Oiartzun","1948","Total",123
"Oiartzun","1947","Total",105
"Oiartzun","1946","Total",95
"Oiartzun","1945","Total",93
"Oiartzun","1944","Total",79
"Oiartzun","1943","Total",62
"Oiartzun","1942","Total",61
"Oiartzun","1941","Total",51
"Oiartzun","1940","Total",65
"Oiartzun","1939","Total",41
"Oiartzun","1938","Total",27
"Oiartzun","1937","Total",35
"Oiartzun","1936","Total",39
"Oiartzun","1935","Total",30
"Oiartzun","1934","Total",38
"Oiartzun","1933","Total",22
"Oiartzun","1932","Total",17
"Oiartzun","1931","Total",15
"Oiartzun","1930","Total",14
"Oiartzun","1929","Total",7
"Oiartzun","1928","Total",7
"Oiartzun","1927","Total",2
"Oiartzun","1926","Total",4
"Oiartzun","1925","Total",1
"Oiartzun","1924","Total",0
"Oiartzun","1923","Total",1
"Oiartzun","1922","Total",0
"Oiartzun","1921","Total",0
"Oiartzun","1920","Total",0
"Oiartzun","1919","Total",0
"Oiartzun","1918","Total",0
"Oiartzun","1917","Total",0
"Oiartzun","1916","Total",0
"Oiartzun","1915","Total",0
"Oiartzun","1914","Total",0
"Oiartzun","1913","Total",0
"Oiartzun","1912","Total",0
"Oiartzun","1911","Total",0
"Oiartzun","1910","Total",0
"Oiartzun","1909","Total",0
"Oiartzun","1908","Total",0
"Oiartzun","1907","Total",0
"Oiartzun","1906","Total",0
"Oiartzun","1905","Total",0
"Oiartzun","1904","Total",0
"Oiartzun","1903","Total",0
"Oiartzun","1902","Total",0
"Oiartzun","1901","Total",0
"Oiartzun","1900","Total",0
"Oiartzun","1899","Total",0
"Oiartzun","1898","Total",0
"Oiartzun","1897","Total",0
"Oiartzun","1896","Total",0
"Oiartzun","<= 1895","Total",0
"Olaberria","1949","Total",7
"Olaberria","1948","Total",9
"Olaberria","1947","Total",9
"Olaberria","1946","Total",8
"Olaberria","1945","Total",10
"Olaberria","1944","Total",9
"Olaberria","1943","Total",9
"Olaberria","1942","Total",13
"Olaberria","1941","Total",11
"Olaberria","1940","Total",8
"Olaberria","1939","Total",9
"Olaberria","1938","Total",6
"Olaberria","1937","Total",6
"Olaberria","1936","Total",4
"Olaberria","1935","Total",6
"Olaberria","1934","Total",2
"Olaberria","1933","Total",3
"Olaberria","1932","Total",8
"Olaberria","1931","Total",4
"Olaberria","1930","Total",3
"Olaberria","1929","Total",1
"Olaberria","1928","Total",2
"Olaberria","1927","Total",0
"Olaberria","1926","Total",0
"Olaberria","1925","Total",0
"Olaberria","1924","Total",1
"Olaberria","1923","Total",0
"Olaberria","1922","Total",0
"Olaberria","1921","Total",0
"Olaberria","1920","Total",0
"Olaberria","1919","Total",0
"Olaberria","1918","Total",0
"Olaberria","1917","Total",0
"Olaberria","1916","Total",0
"Olaberria","1915","Total",0
"Olaberria","1914","Total",0
"Olaberria","1913","Total",0
"Olaberria","1912","Total",0
"Olaberria","1911","Total",0
"Olaberria","1910","Total",0
"Olaberria","1909","Total",0
"Olaberria","1908","Total",0
"Olaberria","1907","Total",0
"Olaberria","1906","Total",0
"Olaberria","1905","Total",0
"Olaberria","1904","Total",0
"Olaberria","1903","Total",0
"Olaberria","1902","Total",0
"Olaberria","1901","Total",0
"Olaberria","1900","Total",0
"Olaberria","1899","Total",0
"Olaberria","1898","Total",0
"Olaberria","1897","Total",0
"Olaberria","1896","Total",0
"Olaberria","<= 1895","Total",0
"Oñati","1949","Total",118
"Oñati","1948","Total",109
"Oñati","1947","Total",94
"Oñati","1946","Total",133
"Oñati","1945","Total",122
"Oñati","1944","Total",107
"Oñati","1943","Total",78
"Oñati","1942","Total",69
"Oñati","1941","Total",64
"Oñati","1940","Total",74
"Oñati","1939","Total",53
"Oñati","1938","Total",54
"Oñati","1937","Total",51
"Oñati","1936","Total",67
"Oñati","1935","Total",47
"Oñati","1934","Total",39
"Oñati","1933","Total",43
"Oñati","1932","Total",33
"Oñati","1931","Total",25
"Oñati","1930","Total",18
"Oñati","1929","Total",13
"Oñati","1928","Total",18
"Oñati","1927","Total",5
"Oñati","1926","Total",3
"Oñati","1925","Total",2
"Oñati","1924","Total",4
"Oñati","1923","Total",0
"Oñati","1922","Total",0
"Oñati","1921","Total",0
"Oñati","1920","Total",0
"Oñati","1919","Total",0
"Oñati","1918","Total",0
"Oñati","1917","Total",0
"Oñati","1916","Total",0
"Oñati","1915","Total",0
"Oñati","1914","Total",0
"Oñati","1913","Total",0
"Oñati","1912","Total",0
"Oñati","1911","Total",0
"Oñati","1910","Total",0
"Oñati","1909","Total",0
"Oñati","1908","Total",0
"Oñati","1907","Total",0
"Oñati","1906","Total",0
"Oñati","1905","Total",0
"Oñati","1904","Total",0
"Oñati","1903","Total",0
"Oñati","1902","Total",0
"Oñati","1901","Total",0
"Oñati","1900","Total",0
"Oñati","1899","Total",0
"Oñati","1898","Total",0
"Oñati","1897","Total",0
"Oñati","1896","Total",0
"Oñati","<= 1895","Total",0
"Ordizia","1949","Total",112
"Ordizia","1948","Total",107
"Ordizia","1947","Total",87
"Ordizia","1946","Total",72
"Ordizia","1945","Total",87
"Ordizia","1944","Total",74
"Ordizia","1943","Total",80
"Ordizia","1942","Total",49
"Ordizia","1941","Total",44
"Ordizia","1940","Total",65
"Ordizia","1939","Total",42
"Ordizia","1938","Total",38
"Ordizia","1937","Total",37
"Ordizia","1936","Total",40
"Ordizia","1935","Total",34
"Ordizia","1934","Total",24
"Ordizia","1933","Total",27
"Ordizia","1932","Total",29
"Ordizia","1931","Total",18
"Ordizia","1930","Total",15
"Ordizia","1929","Total",15
"Ordizia","1928","Total",9
"Ordizia","1927","Total",5
"Ordizia","1926","Total",4
"Ordizia","1925","Total",0
"Ordizia","1924","Total",3
"Ordizia","1923","Total",1
"Ordizia","1922","Total",0
"Ordizia","1921","Total",0
"Ordizia","1920","Total",1
"Ordizia","1919","Total",0
"Ordizia","1918","Total",0
"Ordizia","1917","Total",0
"Ordizia","1916","Total",0
"Ordizia","1915","Total",0
"Ordizia","1914","Total",0
"Ordizia","1913","Total",0
"Ordizia","1912","Total",0
"Ordizia","1911","Total",0
"Ordizia","1910","Total",0
"Ordizia","1909","Total",0
"Ordizia","1908","Total",0
"Ordizia","1907","Total",0
"Ordizia","1906","Total",0
"Ordizia","1905","Total",0
"Ordizia","1904","Total",0
"Ordizia","1903","Total",0
"Ordizia","1902","Total",0
"Ordizia","1901","Total",0
"Ordizia","1900","Total",0
"Ordizia","1899","Total",0
"Ordizia","1898","Total",0
"Ordizia","1897","Total",0
"Ordizia","1896","Total",0
"Ordizia","<= 1895","Total",0
"Orendain","1949","Total",1
"Orendain","1948","Total",1
"Orendain","1947","Total",0
"Orendain","1946","Total",3
"Orendain","1945","Total",3
"Orendain","1944","Total",4
"Orendain","1943","Total",0
"Orendain","1942","Total",2
"Orendain","1941","Total",1
"Orendain","1940","Total",2
"Orendain","1939","Total",0
"Orendain","1938","Total",0
"Orendain","1937","Total",1
"Orendain","1936","Total",2
"Orendain","1935","Total",0
"Orendain","1934","Total",0
"Orendain","1933","Total",1
"Orendain","1932","Total",1
"Orendain","1931","Total",0
"Orendain","1930","Total",0
"Orendain","1929","Total",0
"Orendain","1928","Total",0
"Orendain","1927","Total",0
"Orendain","1926","Total",0
"Orendain","1925","Total",0
"Orendain","1924","Total",0
"Orendain","1923","Total",0
"Orendain","1922","Total",0
"Orendain","1921","Total",0
"Orendain","1920","Total",0
"Orendain","1919","Total",0
"Orendain","1918","Total",0
"Orendain","1917","Total",0
"Orendain","1916","Total",0
"Orendain","1915","Total",0
"Orendain","1914","Total",0
"Orendain","1913","Total",0
"Orendain","1912","Total",0
"Orendain","1911","Total",0
"Orendain","1910","Total",0
"Orendain","1909","Total",0
"Orendain","1908","Total",0
"Orendain","1907","Total",0
"Orendain","1906","Total",0
"Orendain","1905","Total",0
"Orendain","1904","Total",0
"Orendain","1903","Total",0
"Orendain","1902","Total",0
"Orendain","1901","Total",0
"Orendain","1900","Total",0
"Orendain","1899","Total",0
"Orendain","1898","Total",0
"Orendain","1897","Total",0
"Orendain","1896","Total",0
"Orendain","<= 1895","Total",0
"Orexa","1949","Total",0
"Orexa","1948","Total",6
"Orexa","1947","Total",0
"Orexa","1946","Total",0
"Orexa","1945","Total",0
"Orexa","1944","Total",0
"Orexa","1943","Total",2
"Orexa","1942","Total",0
"Orexa","1941","Total",0
"Orexa","1940","Total",0
"Orexa","1939","Total",1
"Orexa","1938","Total",0
"Orexa","1937","Total",0
"Orexa","1936","Total",0
"Orexa","1935","Total",0
"Orexa","1934","Total",0
"Orexa","1933","Total",0
"Orexa","1932","Total",0
"Orexa","1931","Total",0
"Orexa","1930","Total",0
"Orexa","1929","Total",0
"Orexa","1928","Total",0
"Orexa","1927","Total",0
"Orexa","1926","Total",0
"Orexa","1925","Total",0
"Orexa","1924","Total",0
"Orexa","1923","Total",0
"Orexa","1922","Total",0
"Orexa","1921","Total",0
"Orexa","1920","Total",0
"Orexa","1919","Total",0
"Orexa","1918","Total",0
"Orexa","1917","Total",0
"Orexa","1916","Total",0
"Orexa","1915","Total",0
"Orexa","1914","Total",0
"Orexa","1913","Total",0
"Orexa","1912","Total",0
"Orexa","1911","Total",0
"Orexa","1910","Total",0
"Orexa","1909","Total",0
"Orexa","1908","Total",0
"Orexa","1907","Total",0
"Orexa","1906","Total",0
"Orexa","1905","Total",0
"Orexa","1904","Total",0
"Orexa","1903","Total",0
"Orexa","1902","Total",0
"Orexa","1901","Total",0
"Orexa","1900","Total",0
"Orexa","1899","Total",0
"Orexa","1898","Total",0
"Orexa","1897","Total",0
"Orexa","1896","Total",0
"Orexa","<= 1895","Total",0
"Orio","1949","Total",50
"Orio","1948","Total",45
"Orio","1947","Total",53
"Orio","1946","Total",42
"Orio","1945","Total",54
"Orio","1944","Total",43
"Orio","1943","Total",35
"Orio","1942","Total",42
"Orio","1941","Total",19
"Orio","1940","Total",26
"Orio","1939","Total",19
"Orio","1938","Total",12
"Orio","1937","Total",24
"Orio","1936","Total",22
"Orio","1935","Total",14
"Orio","1934","Total",18
"Orio","1933","Total",14
"Orio","1932","Total",18
"Orio","1931","Total",6
"Orio","1930","Total",3
"Orio","1929","Total",2
"Orio","1928","Total",6
"Orio","1927","Total",1
"Orio","1926","Total",2
"Orio","1925","Total",2
"Orio","1924","Total",0
"Orio","1923","Total",2
"Orio","1922","Total",0
"Orio","1921","Total",1
"Orio","1920","Total",0
"Orio","1919","Total",0
"Orio","1918","Total",0
"Orio","1917","Total",0
"Orio","1916","Total",0
"Orio","1915","Total",0
"Orio","1914","Total",0
"Orio","1913","Total",0
"Orio","1912","Total",0
"Orio","1911","Total",0
"Orio","1910","Total",0
"Orio","1909","Total",0
"Orio","1908","Total",0
"Orio","1907","Total",0
"Orio","1906","Total",0
"Orio","1905","Total",0
"Orio","1904","Total",0
"Orio","1903","Total",0
"Orio","1902","Total",0
"Orio","1901","Total",0
"Orio","1900","Total",0
"Orio","1899","Total",0
"Orio","1898","Total",0
"Orio","1897","Total",0
"Orio","1896","Total",0
"Orio","<= 1895","Total",0
"Ormaiztegi","1949","Total",12
"Ormaiztegi","1948","Total",12
"Ormaiztegi","1947","Total",11
"Ormaiztegi","1946","Total",12
"Ormaiztegi","1945","Total",9
"Ormaiztegi","1944","Total",7
"Ormaiztegi","1943","Total",5
"Ormaiztegi","1942","Total",7
"Ormaiztegi","1941","Total",8
"Ormaiztegi","1940","Total",8
"Ormaiztegi","1939","Total",8
"Ormaiztegi","1938","Total",4
"Ormaiztegi","1937","Total",4
"Ormaiztegi","1936","Total",8
"Ormaiztegi","1935","Total",5
"Ormaiztegi","1934","Total",2
"Ormaiztegi","1933","Total",2
"Ormaiztegi","1932","Total",2
"Ormaiztegi","1931","Total",1
"Ormaiztegi","1930","Total",4
"Ormaiztegi","1929","Total",1
"Ormaiztegi","1928","Total",2
"Ormaiztegi","1927","Total",2
"Ormaiztegi","1926","Total",0
"Ormaiztegi","1925","Total",0
"Ormaiztegi","1924","Total",1
"Ormaiztegi","1923","Total",0
"Ormaiztegi","1922","Total",0
"Ormaiztegi","1921","Total",0
"Ormaiztegi","1920","Total",0
"Ormaiztegi","1919","Total",0
"Ormaiztegi","1918","Total",0
"Ormaiztegi","1917","Total",0
"Ormaiztegi","1916","Total",0
"Ormaiztegi","1915","Total",0
"Ormaiztegi","1914","Total",0
"Ormaiztegi","1913","Total",0
"Ormaiztegi","1912","Total",0
"Ormaiztegi","1911","Total",0
"Ormaiztegi","1910","Total",0
"Ormaiztegi","1909","Total",0
"Ormaiztegi","1908","Total",0
"Ormaiztegi","1907","Total",0
"Ormaiztegi","1906","Total",0
"Ormaiztegi","1905","Total",0
"Ormaiztegi","1904","Total",0
"Ormaiztegi","1903","Total",0
"Ormaiztegi","1902","Total",0
"Ormaiztegi","1901","Total",0
"Ormaiztegi","1900","Total",0
"Ormaiztegi","1899","Total",0
"Ormaiztegi","1898","Total",0
"Ormaiztegi","1897","Total",0
"Ormaiztegi","1896","Total",0
"Ormaiztegi","<= 1895","Total",0
"Pasaia","1949","Total",161
"Pasaia","1948","Total",170
"Pasaia","1947","Total",153
"Pasaia","1946","Total",130
"Pasaia","1945","Total",146
"Pasaia","1944","Total",146
"Pasaia","1943","Total",147
"Pasaia","1942","Total",108
"Pasaia","1941","Total",86
"Pasaia","1940","Total",104
"Pasaia","1939","Total",65
"Pasaia","1938","Total",71
"Pasaia","1937","Total",85
"Pasaia","1936","Total",101
"Pasaia","1935","Total",71
"Pasaia","1934","Total",82
"Pasaia","1933","Total",66
"Pasaia","1932","Total",44
"Pasaia","1931","Total",33
"Pasaia","1930","Total",28
"Pasaia","1929","Total",15
"Pasaia","1928","Total",13
"Pasaia","1927","Total",12
"Pasaia","1926","Total",4
"Pasaia","1925","Total",2
"Pasaia","1924","Total",0
"Pasaia","1923","Total",5
"Pasaia","1922","Total",1
"Pasaia","1921","Total",4
"Pasaia","1920","Total",0
"Pasaia","1919","Total",0
"Pasaia","1918","Total",0
"Pasaia","1917","Total",0
"Pasaia","1916","Total",0
"Pasaia","1915","Total",0
"Pasaia","1914","Total",0
"Pasaia","1913","Total",0
"Pasaia","1912","Total",0
"Pasaia","1911","Total",0
"Pasaia","1910","Total",0
"Pasaia","1909","Total",0
"Pasaia","1908","Total",0
"Pasaia","1907","Total",0
"Pasaia","1906","Total",0
"Pasaia","1905","Total",0
"Pasaia","1904","Total",0
"Pasaia","1903","Total",0
"Pasaia","1902","Total",0
"Pasaia","1901","Total",0
"Pasaia","1900","Total",0
"Pasaia","1899","Total",0
"Pasaia","1898","Total",0
"Pasaia","1897","Total",0
"Pasaia","1896","Total",0
"Pasaia","<= 1895","Total",0
"Segura","1949","Total",12
"Segura","1948","Total",12
"Segura","1947","Total",11
"Segura","1946","Total",9
"Segura","1945","Total",9
"Segura","1944","Total",6
"Segura","1943","Total",15
"Segura","1942","Total",6
"Segura","1941","Total",4
"Segura","1940","Total",7
"Segura","1939","Total",4
"Segura","1938","Total",4
"Segura","1937","Total",7
"Segura","1936","Total",6
"Segura","1935","Total",6
"Segura","1934","Total",9
"Segura","1933","Total",2
"Segura","1932","Total",3
"Segura","1931","Total",3
"Segura","1930","Total",1
"Segura","1929","Total",0
"Segura","1928","Total",2
"Segura","1927","Total",1
"Segura","1926","Total",0
"Segura","1925","Total",1
"Segura","1924","Total",0
"Segura","1923","Total",0
"Segura","1922","Total",0
"Segura","1921","Total",0
"Segura","1920","Total",0
"Segura","1919","Total",0
"Segura","1918","Total",0
"Segura","1917","Total",0
"Segura","1916","Total",0
"Segura","1915","Total",0
"Segura","1914","Total",0
"Segura","1913","Total",0
"Segura","1912","Total",0
"Segura","1911","Total",0
"Segura","1910","Total",0
"Segura","1909","Total",0
"Segura","1908","Total",0
"Segura","1907","Total",0
"Segura","1906","Total",0
"Segura","1905","Total",0
"Segura","1904","Total",0
"Segura","1903","Total",0
"Segura","1902","Total",0
"Segura","1901","Total",0
"Segura","1900","Total",0
"Segura","1899","Total",0
"Segura","1898","Total",0
"Segura","1897","Total",0
"Segura","1896","Total",0
"Segura","<= 1895","Total",0
"Soraluze-Placencia de las Armas","1949","Total",39
"Soraluze-Placencia de las Armas","1948","Total",39
"Soraluze-Placencia de las Armas","1947","Total",38
"Soraluze-Placencia de las Armas","1946","Total",41
"Soraluze-Placencia de las Armas","1945","Total",40
"Soraluze-Placencia de las Armas","1944","Total",28
"Soraluze-Placencia de las Armas","1943","Total",31
"Soraluze-Placencia de las Armas","1942","Total",27
"Soraluze-Placencia de las Armas","1941","Total",22
"Soraluze-Placencia de las Armas","1940","Total",31
"Soraluze-Placencia de las Armas","1939","Total",24
"Soraluze-Placencia de las Armas","1938","Total",19
"Soraluze-Placencia de las Armas","1937","Total",13
"Soraluze-Placencia de las Armas","1936","Total",20
"Soraluze-Placencia de las Armas","1935","Total",19
"Soraluze-Placencia de las Armas","1934","Total",13
"Soraluze-Placencia de las Armas","1933","Total",15
"Soraluze-Placencia de las Armas","1932","Total",12
"Soraluze-Placencia de las Armas","1931","Total",8
"Soraluze-Placencia de las Armas","1930","Total",1
"Soraluze-Placencia de las Armas","1929","Total",6
"Soraluze-Placencia de las Armas","1928","Total",4
"Soraluze-Placencia de las Armas","1927","Total",1
"Soraluze-Placencia de las Armas","1926","Total",1
"Soraluze-Placencia de las Armas","1925","Total",2
"Soraluze-Placencia de las Armas","1924","Total",0
"Soraluze-Placencia de las Armas","1923","Total",1
"Soraluze-Placencia de las Armas","1922","Total",0
"Soraluze-Placencia de las Armas","1921","Total",0
"Soraluze-Placencia de las Armas","1920","Total",1
"Soraluze-Placencia de las Armas","1919","Total",0
"Soraluze-Placencia de las Armas","1918","Total",0
"Soraluze-Placencia de las Armas","1917","Total",0
"Soraluze-Placencia de las Armas","1916","Total",0
"Soraluze-Placencia de las Armas","1915","Total",0
"Soraluze-Placencia de las Armas","1914","Total",0
"Soraluze-Placencia de las Armas","1913","Total",0
"Soraluze-Placencia de las Armas","1912","Total",0
"Soraluze-Placencia de las Armas","1911","Total",0
"Soraluze-Placencia de las Armas","1910","Total",0
"Soraluze-Placencia de las Armas","1909","Total",0
"Soraluze-Placencia de las Armas","1908","Total",0
"Soraluze-Placencia de las Armas","1907","Total",0
"Soraluze-Placencia de las Armas","1906","Total",0
"Soraluze-Placencia de las Armas","1905","Total",0
"Soraluze-Placencia de las Armas","1904","Total",0
"Soraluze-Placencia de las Armas","1903","Total",0
"Soraluze-Placencia de las Armas","1902","Total",0
"Soraluze-Placencia de las Armas","1901","Total",0
"Soraluze-Placencia de las Armas","1900","Total",0
"Soraluze-Placencia de las Armas","1899","Total",0
"Soraluze-Placencia de las Armas","1898","Total",0
"Soraluze-Placencia de las Armas","1897","Total",0
"Soraluze-Placencia de las Armas","1896","Total",0
"Soraluze-Placencia de las Armas","<= 1895","Total",0
"Tolosa","1949","Total",216
"Tolosa","1948","Total",215
"Tolosa","1947","Total",243
"Tolosa","1946","Total",175
"Tolosa","1945","Total",198
"Tolosa","1944","Total",162
"Tolosa","1943","Total",150
"Tolosa","1942","Total",117
"Tolosa","1941","Total",114
"Tolosa","1940","Total",103
"Tolosa","1939","Total",87
"Tolosa","1938","Total",89
"Tolosa","1937","Total",80
"Tolosa","1936","Total",107
"Tolosa","1935","Total",66
"Tolosa","1934","Total",69
"Tolosa","1933","Total",51
"Tolosa","1932","Total",34
"Tolosa","1931","Total",44
"Tolosa","1930","Total",27
"Tolosa","1929","Total",21
"Tolosa","1928","Total",14
"Tolosa","1927","Total",17
"Tolosa","1926","Total",14
"Tolosa","1925","Total",7
"Tolosa","1924","Total",4
"Tolosa","1923","Total",3
"Tolosa","1922","Total",3
"Tolosa","1921","Total",2
"Tolosa","1920","Total",0
"Tolosa","1919","Total",0
"Tolosa","1918","Total",0
"Tolosa","1917","Total",0
"Tolosa","1916","Total",0
"Tolosa","1915","Total",0
"Tolosa","1914","Total",0
"Tolosa","1913","Total",0
"Tolosa","1912","Total",0
"Tolosa","1911","Total",0
"Tolosa","1910","Total",0
"Tolosa","1909","Total",0
"Tolosa","1908","Total",0
"Tolosa","1907","Total",0
"Tolosa","1906","Total",0
"Tolosa","1905","Total",0
"Tolosa","1904","Total",0
"Tolosa","1903","Total",0
"Tolosa","1902","Total",0
"Tolosa","1901","Total",0
"Tolosa","1900","Total",0
"Tolosa","1899","Total",0
"Tolosa","1898","Total",0
"Tolosa","1897","Total",0
"Tolosa","1896","Total",0
"Tolosa","<= 1895","Total",0
"Urnieta","1949","Total",59
"Urnieta","1948","Total",58
"Urnieta","1947","Total",48
"Urnieta","1946","Total",43
"Urnieta","1945","Total",51
"Urnieta","1944","Total",53
"Urnieta","1943","Total",39
"Urnieta","1942","Total",31
"Urnieta","1941","Total",20
"Urnieta","1940","Total",32
"Urnieta","1939","Total",27
"Urnieta","1938","Total",20
"Urnieta","1937","Total",20
"Urnieta","1936","Total",15
"Urnieta","1935","Total",15
"Urnieta","1934","Total",8
"Urnieta","1933","Total",9
"Urnieta","1932","Total",8
"Urnieta","1931","Total",12
"Urnieta","1930","Total",5
"Urnieta","1929","Total",5
"Urnieta","1928","Total",3
"Urnieta","1927","Total",1
"Urnieta","1926","Total",2
"Urnieta","1925","Total",1
"Urnieta","1924","Total",0
"Urnieta","1923","Total",0
"Urnieta","1922","Total",0
"Urnieta","1921","Total",0
"Urnieta","1920","Total",0
"Urnieta","1919","Total",0
"Urnieta","1918","Total",0
"Urnieta","1917","Total",0
"Urnieta","1916","Total",0
"Urnieta","1915","Total",0
"Urnieta","1914","Total",0
"Urnieta","1913","Total",0
"Urnieta","1912","Total",0
"Urnieta","1911","Total",0
"Urnieta","1910","Total",0
"Urnieta","1909","Total",0
"Urnieta","1908","Total",0
"Urnieta","1907","Total",0
"Urnieta","1906","Total",0
"Urnieta","1905","Total",0
"Urnieta","1904","Total",0
"Urnieta","1903","Total",0
"Urnieta","1902","Total",0
"Urnieta","1901","Total",0
"Urnieta","1900","Total",0
"Urnieta","1899","Total",0
"Urnieta","1898","Total",0
"Urnieta","1897","Total",0
"Urnieta","1896","Total",0
"Urnieta","<= 1895","Total",0
"Urretxu","1949","Total",69
"Urretxu","1948","Total",65
"Urretxu","1947","Total",62
"Urretxu","1946","Total",63
"Urretxu","1945","Total",67
"Urretxu","1944","Total",50
"Urretxu","1943","Total",56
"Urretxu","1942","Total",38
"Urretxu","1941","Total",41
"Urretxu","1940","Total",38
"Urretxu","1939","Total",45
"Urretxu","1938","Total",35
"Urretxu","1937","Total",37
"Urretxu","1936","Total",48
"Urretxu","1935","Total",35
"Urretxu","1934","Total",21
"Urretxu","1933","Total",19
"Urretxu","1932","Total",10
"Urretxu","1931","Total",17
"Urretxu","1930","Total",9
"Urretxu","1929","Total",5
"Urretxu","1928","Total",7
"Urretxu","1927","Total",5
"Urretxu","1926","Total",1
"Urretxu","1925","Total",0
"Urretxu","1924","Total",1
"Urretxu","1923","Total",1
"Urretxu","1922","Total",0
"Urretxu","1921","Total",0
"Urretxu","1920","Total",0
"Urretxu","1919","Total",0
"Urretxu","1918","Total",0
"Urretxu","1917","Total",0
"Urretxu","1916","Total",0
"Urretxu","1915","Total",0
"Urretxu","1914","Total",0
"Urretxu","1913","Total",0
"Urretxu","1912","Total",0
"Urretxu","1911","Total",0
"Urretxu","1910","Total",0
"Urretxu","1909","Total",0
"Urretxu","1908","Total",0
"Urretxu","1907","Total",0
"Urretxu","1906","Total",0
"Urretxu","1905","Total",0
"Urretxu","1904","Total",0
"Urretxu","1903","Total",0
"Urretxu","1902","Total",0
"Urretxu","1901","Total",0
"Urretxu","1900","Total",0
"Urretxu","1899","Total",0
"Urretxu","1898","Total",0
"Urretxu","1897","Total",0
"Urretxu","1896","Total",0
"Urretxu","<= 1895","Total",0
"Usurbil","1949","Total",53
"Usurbil","1948","Total",50
"Usurbil","1947","Total",44
"Usurbil","1946","Total",49
"Usurbil","1945","Total",59
"Usurbil","1944","Total",49
"Usurbil","1943","Total",36
"Usurbil","1942","Total",30
"Usurbil","1941","Total",34
"Usurbil","1940","Total",41
"Usurbil","1939","Total",27
"Usurbil","1938","Total",23
"Usurbil","1937","Total",27
"Usurbil","1936","Total",22
"Usurbil","1935","Total",22
"Usurbil","1934","Total",20
"Usurbil","1933","Total",13
"Usurbil","1932","Total",16
"Usurbil","1931","Total",9
"Usurbil","1930","Total",10
"Usurbil","1929","Total",6
"Usurbil","1928","Total",3
"Usurbil","1927","Total",3
"Usurbil","1926","Total",3
"Usurbil","1925","Total",2
"Usurbil","1924","Total",0
"Usurbil","1923","Total",1
"Usurbil","1922","Total",0
"Usurbil","1921","Total",0
"Usurbil","1920","Total",0
"Usurbil","1919","Total",0
"Usurbil","1918","Total",1
"Usurbil","1917","Total",0
"Usurbil","1916","Total",0
"Usurbil","1915","Total",0
"Usurbil","1914","Total",0
"Usurbil","1913","Total",0
"Usurbil","1912","Total",0
"Usurbil","1911","Total",0
"Usurbil","1910","Total",0
"Usurbil","1909","Total",0
"Usurbil","1908","Total",0
"Usurbil","1907","Total",0
"Usurbil","1906","Total",0
"Usurbil","1905","Total",0
"Usurbil","1904","Total",0
"Usurbil","1903","Total",0
"Usurbil","1902","Total",0
"Usurbil","1901","Total",0
"Usurbil","1900","Total",0
"Usurbil","1899","Total",0
"Usurbil","1898","Total",0
"Usurbil","1897","Total",0
"Usurbil","1896","Total",0
"Usurbil","<= 1895","Total",0
"Villabona","1949","Total",71
"Villabona","1948","Total",65
"Villabona","1947","Total",59
"Villabona","1946","Total",52
"Villabona","1945","Total",57
"Villabona","1944","Total",56
"Villabona","1943","Total",46
"Villabona","1942","Total",29
"Villabona","1941","Total",35
"Villabona","1940","Total",36
"Villabona","1939","Total",20
"Villabona","1938","Total",25
"Villabona","1937","Total",24
"Villabona","1936","Total",18
"Villabona","1935","Total",18
"Villabona","1934","Total",16
"Villabona","1933","Total",18
"Villabona","1932","Total",11
"Villabona","1931","Total",10
"Villabona","1930","Total",10
"Villabona","1929","Total",2
"Villabona","1928","Total",6
"Villabona","1927","Total",4
"Villabona","1926","Total",3
"Villabona","1925","Total",0
"Villabona","1924","Total",4
"Villabona","1923","Total",1
"Villabona","1922","Total",0
"Villabona","1921","Total",0
"Villabona","1920","Total",0
"Villabona","1919","Total",0
"Villabona","1918","Total",0
"Villabona","1917","Total",0
"Villabona","1916","Total",0
"Villabona","1915","Total",0
"Villabona","1914","Total",0
"Villabona","1913","Total",0
"Villabona","1912","Total",0
"Villabona","1911","Total",0
"Villabona","1910","Total",0
"Villabona","1909","Total",0
"Villabona","1908","Total",0
"Villabona","1907","Total",0
"Villabona","1906","Total",0
"Villabona","1905","Total",0
"Villabona","1904","Total",0
"Villabona","1903","Total",0
"Villabona","1902","Total",0
"Villabona","1901","Total",0
"Villabona","1900","Total",0
"Villabona","1899","Total",0
"Villabona","1898","Total",0
"Villabona","1897","Total",0
"Villabona","1896","Total",0
"Villabona","<= 1895","Total",0
"Zaldibia","1949","Total",15
"Zaldibia","1948","Total",15
"Zaldibia","1947","Total",13
"Zaldibia","1946","Total",11
"Zaldibia","1945","Total",22
"Zaldibia","1944","Total",22
"Zaldibia","1943","Total",11
"Zaldibia","1942","Total",8
"Zaldibia","1941","Total",8
"Zaldibia","1940","Total",11
"Zaldibia","1939","Total",6
"Zaldibia","1938","Total",5
"Zaldibia","1937","Total",9
"Zaldibia","1936","Total",6
"Zaldibia","1935","Total",2
"Zaldibia","1934","Total",8
"Zaldibia","1933","Total",4
"Zaldibia","1932","Total",3
"Zaldibia","1931","Total",0
"Zaldibia","1930","Total",0
"Zaldibia","1929","Total",2
"Zaldibia","1928","Total",1
"Zaldibia","1927","Total",2
"Zaldibia","1926","Total",1
"Zaldibia","1925","Total",0
"Zaldibia","1924","Total",2
"Zaldibia","1923","Total",0
"Zaldibia","1922","Total",0
"Zaldibia","1921","Total",0
"Zaldibia","1920","Total",0
"Zaldibia","1919","Total",0
"Zaldibia","1918","Total",0
"Zaldibia","1917","Total",0
"Zaldibia","1916","Total",0
"Zaldibia","1915","Total",0
"Zaldibia","1914","Total",0
"Zaldibia","1913","Total",0
"Zaldibia","1912","Total",0
"Zaldibia","1911","Total",0
"Zaldibia","1910","Total",0
"Zaldibia","1909","Total",0
"Zaldibia","1908","Total",0
"Zaldibia","1907","Total",0
"Zaldibia","1906","Total",0
"Zaldibia","1905","Total",0
"Zaldibia","1904","Total",0
"Zaldibia","1903","Total",0
"Zaldibia","1902","Total",0
"Zaldibia","1901","Total",0
"Zaldibia","1900","Total",0
"Zaldibia","1899","Total",0
"Zaldibia","1898","Total",0
"Zaldibia","1897","Total",0
"Zaldibia","1896","Total",0
"Zaldibia","<= 1895","Total",0
"Zarautz","1949","Total",250
"Zarautz","1948","Total",279
"Zarautz","1947","Total",213
"Zarautz","1946","Total",222
"Zarautz","1945","Total",236
"Zarautz","1944","Total",204
"Zarautz","1943","Total",186
"Zarautz","1942","Total",149
"Zarautz","1941","Total",128
"Zarautz","1940","Total",128
"Zarautz","1939","Total",82
"Zarautz","1938","Total",92
"Zarautz","1937","Total",83
"Zarautz","1936","Total",92
"Zarautz","1935","Total",79
"Zarautz","1934","Total",74
"Zarautz","1933","Total",57
"Zarautz","1932","Total",47
"Zarautz","1931","Total",37
"Zarautz","1930","Total",32
"Zarautz","1929","Total",28
"Zarautz","1928","Total",10
"Zarautz","1927","Total",10
"Zarautz","1926","Total",6
"Zarautz","1925","Total",2
"Zarautz","1924","Total",2
"Zarautz","1923","Total",3
"Zarautz","1922","Total",2
"Zarautz","1921","Total",0
"Zarautz","1920","Total",0
"Zarautz","1919","Total",0
"Zarautz","1918","Total",0
"Zarautz","1917","Total",0
"Zarautz","1916","Total",0
"Zarautz","1915","Total",0
"Zarautz","1914","Total",0
"Zarautz","1913","Total",0
"Zarautz","1912","Total",0
"Zarautz","1911","Total",0
"Zarautz","1910","Total",0
"Zarautz","1909","Total",0
"Zarautz","1908","Total",0
"Zarautz","1907","Total",0
"Zarautz","1906","Total",0
"Zarautz","1905","Total",0
"Zarautz","1904","Total",0
"Zarautz","1903","Total",0
"Zarautz","1902","Total",0
"Zarautz","1901","Total",0
"Zarautz","1900","Total",0
"Zarautz","1899","Total",0
"Zarautz","1898","Total",0
"Zarautz","1897","Total",0
"Zarautz","1896","Total",0
"Zarautz","<= 1895","Total",0
"Zegama","1949","Total",14
"Zegama","1948","Total",17
"Zegama","1947","Total",11
"Zegama","1946","Total",12
"Zegama","1945","Total",13
"Zegama","1944","Total",10
"Zegama","1943","Total",8
"Zegama","1942","Total",6
"Zegama","1941","Total",3
"Zegama","1940","Total",6
"Zegama","1939","Total",8
"Zegama","1938","Total",4
"Zegama","1937","Total",6
"Zegama","1936","Total",10
"Zegama","1935","Total",3
"Zegama","1934","Total",5
"Zegama","1933","Total",7
"Zegama","1932","Total",8
"Zegama","1931","Total",2
"Zegama","1930","Total",0
"Zegama","1929","Total",2
"Zegama","1928","Total",0
"Zegama","1927","Total",0
"Zegama","1926","Total",0
"Zegama","1925","Total",0
"Zegama","1924","Total",0
"Zegama","1923","Total",0
"Zegama","1922","Total",1
"Zegama","1921","Total",0
"Zegama","1920","Total",0
"Zegama","1919","Total",0
"Zegama","1918","Total",0
"Zegama","1917","Total",0
"Zegama","1916","Total",0
"Zegama","1915","Total",0
"Zegama","1914","Total",0
"Zegama","1913","Total",0
"Zegama","1912","Total",0
"Zegama","1911","Total",0
"Zegama","1910","Total",0
"Zegama","1909","Total",0
"Zegama","1908","Total",0
"Zegama","1907","Total",0
"Zegama","1906","Total",0
"Zegama","1905","Total",0
"Zegama","1904","Total",0
"Zegama","1903","Total",0
"Zegama","1902","Total",0
"Zegama","1901","Total",0
"Zegama","1900","Total",0
"Zegama","1899","Total",0
"Zegama","1898","Total",0
"Zegama","1897","Total",0
"Zegama","1896","Total",0
"Zegama","<= 1895","Total",0
"Zerain","1949","Total",6
"Zerain","1948","Total",4
"Zerain","1947","Total",5
"Zerain","1946","Total",3
"Zerain","1945","Total",2
"Zerain","1944","Total",2
"Zerain","1943","Total",2
"Zerain","1942","Total",4
"Zerain","1941","Total",0
"Zerain","1940","Total",1
"Zerain","1939","Total",0
"Zerain","1938","Total",0
"Zerain","1937","Total",1
"Zerain","1936","Total",3
"Zerain","1935","Total",1
"Zerain","1934","Total",2
"Zerain","1933","Total",2
"Zerain","1932","Total",2
"Zerain","1931","Total",0
"Zerain","1930","Total",0
"Zerain","1929","Total",1
"Zerain","1928","Total",0
"Zerain","1927","Total",0
"Zerain","1926","Total",0
"Zerain","1925","Total",0
"Zerain","1924","Total",0
"Zerain","1923","Total",0
"Zerain","1922","Total",0
"Zerain","1921","Total",0
"Zerain","1920","Total",0
"Zerain","1919","Total",0
"Zerain","1918","Total",0
"Zerain","1917","Total",0
"Zerain","1916","Total",0
"Zerain","1915","Total",0
"Zerain","1914","Total",0
"Zerain","1913","Total",0
"Zerain","1912","Total",0
"Zerain","1911","Total",0
"Zerain","1910","Total",0
"Zerain","1909","Total",0
"Zerain","1908","Total",0
"Zerain","1907","Total",0
"Zerain","1906","Total",0
"Zerain","1905","Total",0
"Zerain","1904","Total",0
"Zerain","1903","Total",0
"Zerain","1902","Total",0
"Zerain","1901","Total",0
"Zerain","1900","Total",0
"Zerain","1899","Total",0
"Zerain","1898","Total",0
"Zerain","1897","Total",0
"Zerain","1896","Total",0
"Zerain","<= 1895","Total",0
"Zestoa","1949","Total",40
"Zestoa","1948","Total",27
"Zestoa","1947","Total",32
"Zestoa","1946","Total",28
"Zestoa","1945","Total",14
"Zestoa","1944","Total",23
"Zestoa","1943","Total",29
"Zestoa","1942","Total",25
"Zestoa","1941","Total",15
"Zestoa","1940","Total",14
"Zestoa","1939","Total",17
"Zestoa","1938","Total",20
"Zestoa","1937","Total",12
"Zestoa","1936","Total",12
"Zestoa","1935","Total",9
"Zestoa","1934","Total",15
"Zestoa","1933","Total",10
"Zestoa","1932","Total",16
"Zestoa","1931","Total",11
"Zestoa","1930","Total",6
"Zestoa","1929","Total",1
"Zestoa","1928","Total",3
"Zestoa","1927","Total",2
"Zestoa","1926","Total",4
"Zestoa","1925","Total",1
"Zestoa","1924","Total",1
"Zestoa","1923","Total",0
"Zestoa","1922","Total",0
"Zestoa","1921","Total",0
"Zestoa","1920","Total",0
"Zestoa","1919","Total",0
"Zestoa","1918","Total",0
"Zestoa","1917","Total",0
"Zestoa","1916","Total",0
"Zestoa","1915","Total",0
"Zestoa","1914","Total",0
"Zestoa","1913","Total",0
"Zestoa","1912","Total",0
"Zestoa","1911","Total",0
"Zestoa","1910","Total",0
"Zestoa","1909","Total",0
"Zestoa","1908","Total",0
"Zestoa","1907","Total",0
"Zestoa","1906","Total",0
"Zestoa","1905","Total",0
"Zestoa","1904","Total",0
"Zestoa","1903","Total",0
"Zestoa","1902","Total",0
"Zestoa","1901","Total",0
"Zestoa","1900","Total",0
"Zestoa","1899","Total",0
"Zestoa","1898","Total",0
"Zestoa","1897","Total",0
"Zestoa","1896","Total",0
"Zestoa","<= 1895","Total",0
"Zizurkil","1949","Total",35
"Zizurkil","1948","Total",40
"Zizurkil","1947","Total",32
"Zizurkil","1946","Total",38
"Zizurkil","1945","Total",23
"Zizurkil","1944","Total",26
"Zizurkil","1943","Total",26
"Zizurkil","1942","Total",20
"Zizurkil","1941","Total",11
"Zizurkil","1940","Total",9
"Zizurkil","1939","Total",19
"Zizurkil","1938","Total",10
"Zizurkil","1937","Total",12
"Zizurkil","1936","Total",9
"Zizurkil","1935","Total",10
"Zizurkil","1934","Total",3
"Zizurkil","1933","Total",3
"Zizurkil","1932","Total",5
"Zizurkil","1931","Total",3
"Zizurkil","1930","Total",2
"Zizurkil","1929","Total",1
"Zizurkil","1928","Total",1
"Zizurkil","1927","Total",1
"Zizurkil","1926","Total",0
"Zizurkil","1925","Total",0
"Zizurkil","1924","Total",0
"Zizurkil","1923","Total",0
"Zizurkil","1922","Total",0
"Zizurkil","1921","Total",0
"Zizurkil","1920","Total",0
"Zizurkil","1919","Total",0
"Zizurkil","1918","Total",0
"Zizurkil","1917","Total",0
"Zizurkil","1916","Total",0
"Zizurkil","1915","Total",0
"Zizurkil","1914","Total",0
"Zizurkil","1913","Total",0
"Zizurkil","1912","Total",0
"Zizurkil","1911","Total",0
"Zizurkil","1910","Total",0
"Zizurkil","1909","Total",0
"Zizurkil","1908","Total",0
"Zizurkil","1907","Total",0
"Zizurkil","1906","Total",0
"Zizurkil","1905","Total",0
"Zizurkil","1904","Total",0
"Zizurkil","1903","Total",0
"Zizurkil","1902","Total",0
"Zizurkil","1901","Total",0
"Zizurkil","1900","Total",0
"Zizurkil","1899","Total",0
"Zizurkil","1898","Total",0
"Zizurkil","1897","Total",0
"Zizurkil","1896","Total",0
"Zizurkil","<= 1895","Total",0
"Zumaia","1949","Total",103
"Zumaia","1948","Total",90
"Zumaia","1947","Total",108
"Zumaia","1946","Total",95
"Zumaia","1945","Total",77
"Zumaia","1944","Total",63
"Zumaia","1943","Total",70
"Zumaia","1942","Total",50
"Zumaia","1941","Total",54
"Zumaia","1940","Total",37
"Zumaia","1939","Total",27
"Zumaia","1938","Total",25
"Zumaia","1937","Total",28
"Zumaia","1936","Total",37
"Zumaia","1935","Total",38
"Zumaia","1934","Total",34
"Zumaia","1933","Total",34
"Zumaia","1932","Total",14
"Zumaia","1931","Total",16
"Zumaia","1930","Total",14
"Zumaia","1929","Total",4
"Zumaia","1928","Total",9
"Zumaia","1927","Total",4
"Zumaia","1926","Total",0
"Zumaia","1925","Total",2
"Zumaia","1924","Total",0
"Zumaia","1923","Total",0
"Zumaia","1922","Total",0
"Zumaia","1921","Total",0
"Zumaia","1920","Total",0
"Zumaia","1919","Total",0
"Zumaia","1918","Total",0
"Zumaia","1917","Total",0
"Zumaia","1916","Total",0
"Zumaia","1915","Total",0
"Zumaia","1914","Total",0
"Zumaia","1913","Total",0
"Zumaia","1912","Total",0
"Zumaia","1911","Total",0
"Zumaia","1910","Total",0
"Zumaia","1909","Total",0
"Zumaia","1908","Total",0
"Zumaia","1907","Total",0
"Zumaia","1906","Total",0
"Zumaia","1905","Total",0
"Zumaia","1904","Total",0
"Zumaia","1903","Total",0
"Zumaia","1902","Total",0
"Zumaia","1901","Total",0
"Zumaia","1900","Total",0
"Zumaia","1899","Total",0
"Zumaia","1898","Total",0
"Zumaia","1897","Total",0
"Zumaia","1896","Total",0
"Zumaia","<= 1895","Total",0
"Zumarraga","1949","Total",92
"Zumarraga","1948","Total",106
"Zumarraga","1947","Total",84
"Zumarraga","1946","Total",103
"Zumarraga","1945","Total",102
"Zumarraga","1944","Total",82
"Zumarraga","1943","Total",80
"Zumarraga","1942","Total",70
"Zumarraga","1941","Total",69
"Zumarraga","1940","Total",78
"Zumarraga","1939","Total",66
"Zumarraga","1938","Total",58
"Zumarraga","1937","Total",60
"Zumarraga","1936","Total",61
"Zumarraga","1935","Total",47
"Zumarraga","1934","Total",52
"Zumarraga","1933","Total",38
"Zumarraga","1932","Total",30
"Zumarraga","1931","Total",18
"Zumarraga","1930","Total",16
"Zumarraga","1929","Total",14
"Zumarraga","1928","Total",9
"Zumarraga","1927","Total",6
"Zumarraga","1926","Total",3
"Zumarraga","1925","Total",3
"Zumarraga","1924","Total",3
"Zumarraga","1923","Total",2
"Zumarraga","1922","Total",1
"Zumarraga","1921","Total",0
"Zumarraga","1920","Total",0
"Zumarraga","1919","Total",0
"Zumarraga","1918","Total",0
"Zumarraga","1917","Total",0
"Zumarraga","1916","Total",0
"Zumarraga","1915","Total",0
"Zumarraga","1914","Total",0
"Zumarraga","1913","Total",0
"Zumarraga","1912","Total",0
"Zumarraga","1911","Total",0
"Zumarraga","1910","Total",0
"Zumarraga","1909","Total",0
"Zumarraga","1908","Total",0
"Zumarraga","1907","Total",0
"Zumarraga","1906","Total",0
"Zumarraga","1905","Total",0
"Zumarraga","1904","Total",0
"Zumarraga","1903","Total",0
"Zumarraga","1902","Total",0
"Zumarraga","1901","Total",0
"Zumarraga","1900","Total",0
"Zumarraga","1899","Total",0
"Zumarraga","1898","Total",0
"Zumarraga","1897","Total",0
"Zumarraga","1896","Total",0
"Zumarraga","<= 1895","Total",0
