{
"type": "FeatureCollection",
"name": "runtime_municipios",
"crs": { "type": "name", "properties": { "name": "urn:ogc:def:crs:OGC:1.3:CRS84" } },
"features": [
{ "type": "Feature", "properties": { "municipality_code": "20001", "municipality_name": "Abaltzisketa", "population_total": 313, "population_65_plus": 63, "population_75_plus": 29, "pct_65_plus": 20.128, "pct_75_plus": 9.265, "reference_period": "2025-01-01", "source_id": "G360_DERIVED_MUNICIPAL_METRICS_V1", "area_km2": 11.499872660531404, "services_hospital": 0, "services_mental_health": 0, "services_other_health": 0, "services_primary_care": 1, "services_total": 1, "primary_care_per_10000_65_plus": 158.73, "primary_care_per_10000_75_plus": 344.828, "hospital_per_10000_65_plus": 0.0, "hospital_per_10000_75_plus": 0.0, "mental_health_per_10000_65_plus": 0.0, "mental_health_per_10000_75_plus": 0.0, "other_health_per_10000_65_plus": 0.0, "other_health_per_10000_75_plus": 0.0, "representative_point_longitude": -2.1047532, "representative_point_latitude": 43.0352835, "distance_to_nearest_primary_care_m": 1394.2, "distance_to_nearest_hospital_m": 17769.5, "distance_to_nearest_mental_health_m": 7179.5, "distance_to_nearest_other_health_m": 26433.5, "metrics_reference_period": "demography=2025-01-01;services=2026-09-20;geography=2025-05-07", "source_ids": "EUSTAT_EMH_2025|ODE_HEALTH_CENTRES_2026|GEOEUSKADI_MUNICIPIOS_2025" }, "geometry": { "type": "Polygon", "coordinates": [ [ [ -2.09885749514829, 43.06530315744989 ], [ -2.094896033985157, 43.056903948404376 ], [ -2.093182651422751, 43.049718138906584 ], [ -2.095559401265219, 43.041904361499327 ], [ -2.093231445301152, 43.038228579550093 ], [ -2.091679695407926, 43.030058322819393 ], [ -2.088425074192856, 43.022727704267609 ], [ -2.0904709016915, 43.019508583502798 ], [ -2.09996808408712, 43.013272792937542 ], [ -2.110269638953662, 43.009915776610178 ], [ -2.116041724944388, 43.015552605658158 ], [ -2.119311313958373, 43.022049245498025 ], [ -2.118656629870282, 43.030228491501006 ], [ -2.115353148687948, 43.031080218119548 ], [ -2.114171456610927, 43.03166144200565 ], [ -2.113677660786918, 43.03247726676652 ], [ -2.121811698249973, 43.040462724878445 ], [ -2.119766771915873, 43.041822634795267 ], [ -2.119602149940358, 43.045008179762874 ], [ -2.118631943806224, 43.046912275619256 ], [ -2.11686427472735, 43.047611917502756 ], [ -2.115494771572168, 43.048764798555972 ], [ -2.11394097672473, 43.051124458074717 ], [ -2.114033808620591, 43.052198330809148 ], [ -2.11451541017257, 43.052296622773106 ], [ -2.116424307709157, 43.055166438687571 ], [ -2.117218336235752, 43.058984268237985 ], [ -2.118300511402339, 43.05952056458711 ], [ -2.119146607563796, 43.060678385874468 ], [ -2.11927263821471, 43.062284555788601 ], [ -2.117936024195595, 43.063269717541935 ], [ -2.118029613098032, 43.064908335755845 ], [ -2.116566296948471, 43.065208813561618 ], [ -2.112181057631121, 43.06541430386094 ], [ -2.110853972862093, 43.065079743048862 ], [ -2.106056524363999, 43.065499072674804 ], [ -2.09885749514829, 43.06530315744989 ] ] ] } },
{ "type": "Feature", "properties": { "municipality_code": "20002", "municipality_name": "Aduna", "population_total": 507, "population_65_plus": 75, "population_75_plus": 36, "pct_65_plus": 14.793, "pct_75_plus": 7.101, "reference_period": "2025-01-01", "source_id": "G360_DERIVED_MUNICIPAL_METRICS_V1", "area_km2": 7.0353485630853054, "services_hospital": 0, "services_mental_health": 0, "services_other_health": 0, "services_primary_care": 0, "services_total": 0, "primary_care_per_10000_65_plus": 0.0, "primary_care_per_10000_75_plus": 0.0, "hospital_per_10000_65_plus": 0.0, "hospital_per_10000_75_plus": 0.0, "mental_health_per_10000_65_plus": 0.0, "mental_health_per_10000_75_plus": 0.0, "other_health_per_10000_65_plus": 0.0, "other_health_per_10000_75_plus": 0.0, "representative_point_longitude": -2.0593393, "representative_point_latitude": 43.2134915, "distance_to_nearest_primary_care_m": 2756.2, "distance_to_nearest_hospital_m": 11485.3, "distance_to_nearest_mental_health_m": 3137.2, "distance_to_nearest_other_health_m": 6661.4, "metrics_reference_period": "demography=2025-01-01;services=2026-09-20;geography=2025-05-07", "source_ids": "EUSTAT_EMH_2025|ODE_HEALTH_CENTRES_2026|GEOEUSKADI_MUNICIPIOS_2025" }, "geometry": { "type": "Polygon", "coordinates": [ [ [ -2.045956043583375, 43.231270119095598 ], [ -2.045470689087831, 43.22875551573788 ], [ -2.039492837806643, 43.227722723701945 ], [ -2.03825049866987, 43.22664330817107 ], [ -2.046247772246852, 43.225694005246801 ], [ -2.046705687006785, 43.222559209388258 ], [ -2.047410827682915, 43.221978308368101 ], [ -2.050990717953653, 43.220713872851469 ], [ -2.043554095600992, 43.209722680928124 ], [ -2.041802399776151, 43.208780911741812 ], [ -2.039625480719604, 43.208536694234887 ], [ -2.040763894019997, 43.206587328640488 ], [ -2.040180084848474, 43.206917382567248 ], [ -2.038678673942948, 43.206595683353733 ], [ -2.036954939149205, 43.206993637304826 ], [ -2.035856241999129, 43.206663208125043 ], [ -2.035454670212834, 43.204646184773608 ], [ -2.036069202915742, 43.204289906638138 ], [ -2.037091609148576, 43.204731758631681 ], [ -2.038200566830702, 43.204431493977779 ], [ -2.039144498152644, 43.202130526158491 ], [ -2.040844434959382, 43.200286411715872 ], [ -2.041126023176568, 43.198636005749172 ], [ -2.042141539029114, 43.197250506940193 ], [ -2.048486369829564, 43.19657950189783 ], [ -2.051580225290517, 43.198106011874401 ], [ -2.05482851046399, 43.195773040186218 ], [ -2.056326668898938, 43.196021670026411 ], [ -2.057046908565469, 43.195630029775216 ], [ -2.058589829144983, 43.198777029348086 ], [ -2.060852584134226, 43.199321754191885 ], [ -2.060858161297007, 43.200061282805109 ], [ -2.062896712418021, 43.200862196438138 ], [ -2.063326626483206, 43.201453838273004 ], [ -2.064819672411666, 43.201577754821265 ], [ -2.064407716841103, 43.202800231401923 ], [ -2.065966664662246, 43.203272081089374 ], [ -2.065886969337654, 43.204271467097982 ], [ -2.066489137303706, 43.204797508282056 ], [ -2.066043701027564, 43.205771566578193 ], [ -2.066846803848651, 43.206460547027213 ], [ -2.067987704358112, 43.210229321802622 ], [ -2.068868622543985, 43.210489626992569 ], [ -2.069520049185183, 43.21134857213999 ], [ -2.071436169244468, 43.211204675884844 ], [ -2.073094719317619, 43.214153405157035 ], [ -2.075632418176859, 43.214977938803095 ], [ -2.078210975643539, 43.216524716737752 ], [ -2.078480416164907, 43.21751053556072 ], [ -2.077963739429745, 43.21849000114198 ], [ -2.078031018416826, 43.220167781080335 ], [ -2.07757796472992, 43.221068942054735 ], [ -2.07516621687059, 43.222291562942722 ], [ -2.073799373533039, 43.223926165878503 ], [ -2.070377264867598, 43.224256777185389 ], [ -2.068798134865685, 43.224953155655335 ], [ -2.067844610084744, 43.226036673155384 ], [ -2.063879115942869, 43.222779666987257 ], [ -2.059035066640659, 43.219733149421899 ], [ -2.05856977963241, 43.219895655351756 ], [ -2.058860761542426, 43.222188724520926 ], [ -2.058189290329861, 43.223423956729555 ], [ -2.058585441294821, 43.22703188191204 ], [ -2.055638377863604, 43.23048665631331 ], [ -2.054776143168167, 43.229602145200239 ], [ -2.050925463395146, 43.228727652601187 ], [ -2.049564193002777, 43.228993389249567 ], [ -2.045956043583375, 43.231270119095598 ] ] ] } },
{ "type": "Feature", "properties": { "municipality_code": "20003", "municipality_name": "Aizarnazabal", "population_total": 808, "population_65_plus": 154, "population_75_plus": 50, "pct_65_plus": 19.059, "pct_75_plus": 6.188, "reference_period": "2025-01-01", "source_id": "G360_DERIVED_MUNICIPAL_METRICS_V1", "area_km2": 6.5403721630908258, "services_hospital": 0, "services_mental_health": 0, "services_other_health": 0, "services_primary_care": 1, "services_total": 1, "primary_care_per_10000_65_plus": 64.935, "primary_care_per_10000_75_plus": 200.0, "hospital_per_10000_65_plus": 0.0, "hospital_per_10000_75_plus": 0.0, "mental_health_per_10000_65_plus": 0.0, "mental_health_per_10000_75_plus": 0.0, "other_health_per_10000_65_plus": 0.0, "other_health_per_10000_75_plus": 0.0, "representative_point_longitude": -2.2328333, "representative_point_latitude": 43.2643676, "distance_to_nearest_primary_care_m": 1146.7, "distance_to_nearest_hospital_m": 12436.4, "distance_to_nearest_mental_health_m": 4853.6, "distance_to_nearest_other_health_m": 17652.2, "metrics_reference_period": "demography=2025-01-01;services=2026-09-20;geography=2025-05-07", "source_ids": "EUSTAT_EMH_2025|ODE_HEALTH_CENTRES_2026|GEOEUSKADI_MUNICIPIOS_2025" }, "geometry": { "type": "Polygon", "coordinates": [ [ [ -2.23323700634794, 43.275823824813749 ], [ -2.231962353040475, 43.275317264484933 ], [ -2.231801424108367, 43.274156357181852 ], [ -2.22892314269977, 43.272611414556387 ], [ -2.229007665083556, 43.271572002251375 ], [ -2.227428538844619, 43.2705380769508 ], [ -2.225873593427393, 43.270257271721874 ], [ -2.224007894684148, 43.270565708323097 ], [ -2.222755071307537, 43.271595095319171 ], [ -2.220697017417869, 43.272012115949437 ], [ -2.218134680736889, 43.27181322586889 ], [ -2.216202735025227, 43.272292486659218 ], [ -2.215437393338857, 43.27175867192458 ], [ -2.212258694027017, 43.27263142385025 ], [ -2.209849856241609, 43.271898040753996 ], [ -2.207128765077655, 43.272928610163412 ], [ -2.20571518227318, 43.27280846952015 ], [ -2.206671869142909, 43.269340428351782 ], [ -2.208579442481296, 43.265837493767535 ], [ -2.215833706269934, 43.260105640970743 ], [ -2.220478730874968, 43.258187176446057 ], [ -2.224470022552229, 43.25591836092191 ], [ -2.230850266225508, 43.254673023962084 ], [ -2.231954883269391, 43.254785871470254 ], [ -2.232694721535194, 43.255279724469304 ], [ -2.234290420386489, 43.253561947070303 ], [ -2.236967918265206, 43.252750571592351 ], [ -2.239632431758563, 43.252684734880148 ], [ -2.246602403493175, 43.254419295507375 ], [ -2.24965914461743, 43.253700742816548 ], [ -2.251037403865529, 43.252674650198649 ], [ -2.251786854959116, 43.252617350680836 ], [ -2.252535456451699, 43.253330056531411 ], [ -2.25291707742935, 43.255096582141412 ], [ -2.251959560804014, 43.261260090437922 ], [ -2.253310699939223, 43.263325700584367 ], [ -2.254976352191208, 43.263907991408139 ], [ -2.254808802331368, 43.265414570484474 ], [ -2.252497442526588, 43.269995312372366 ], [ -2.250436975667412, 43.270935084395944 ], [ -2.249981949553633, 43.269931830316217 ], [ -2.246701943198724, 43.270006610588716 ], [ -2.241812702522317, 43.273753701662038 ], [ -2.2388907473645, 43.274420944636127 ], [ -2.237622973208663, 43.275175416319051 ], [ -2.23323700634794, 43.275823824813749 ] ] ] } },
{ "type": "Feature", "properties": { "municipality_code": "20004", "municipality_name": "Albiztur", "population_total": 314, "population_65_plus": 58, "population_75_plus": 34, "pct_65_plus": 18.471, "pct_75_plus": 10.828, "reference_period": "2025-01-01", "source_id": "G360_DERIVED_MUNICIPAL_METRICS_V1", "area_km2": 12.71288207883457, "services_hospital": 0, "services_mental_health": 0, "services_other_health": 0, "services_primary_care": 1, "services_total": 1, "primary_care_per_10000_65_plus": 172.414, "primary_care_per_10000_75_plus": 294.118, "hospital_per_10000_65_plus": 0.0, "hospital_per_10000_75_plus": 0.0, "mental_health_per_10000_65_plus": 0.0, "mental_health_per_10000_75_plus": 0.0, "other_health_per_10000_65_plus": 0.0, "other_health_per_10000_75_plus": 0.0, "representative_point_longitude": -2.1313137, "representative_point_latitude": 43.1357269, "distance_to_nearest_primary_care_m": 809.9, "distance_to_nearest_hospital_m": 15840.1, "distance_to_nearest_mental_health_m": 4254.1, "distance_to_nearest_other_health_m": 17091.0, "metrics_reference_period": "demography=2025-01-01;services=2026-09-20;geography=2025-05-07", "source_ids": "EUSTAT_EMH_2025|ODE_HEALTH_CENTRES_2026|GEOEUSKADI_MUNICIPIOS_2025" }, "geometry": { "type": "Polygon", "coordinates": [ [ [ -2.147541831754606, 43.173510507557133 ], [ -2.14063523978106, 43.163716762466514 ], [ -2.13581568577321, 43.159528036868338 ], [ -2.13235411788185, 43.157458132695453 ], [ -2.123427684292898, 43.156424588563162 ], [ -2.123917927597084, 43.155071441076061 ], [ -2.122696902199752, 43.148309167087262 ], [ -2.118346919824404, 43.143934662512827 ], [ -2.111798661106027, 43.138689058455903 ], [ -2.113020265645731, 43.137627864545536 ], [ -2.115207047290685, 43.134437335594598 ], [ -2.115070263539593, 43.133098347950607 ], [ -2.114519750988335, 43.132660637796221 ], [ -2.114623911254723, 43.130709327893584 ], [ -2.113779890283065, 43.129307766126004 ], [ -2.113849718345699, 43.128059966745177 ], [ -2.112714924946951, 43.126538780770581 ], [ -2.11289805316797, 43.125156082583366 ], [ -2.117299613595364, 43.125808782313463 ], [ -2.117208807854694, 43.124272268946896 ], [ -2.120972154260098, 43.124830000973581 ], [ -2.126383108909298, 43.120558885237422 ], [ -2.12605028700345, 43.11901013668259 ], [ -2.127669625362157, 43.115873728391286 ], [ -2.133333923307511, 43.117456509427676 ], [ -2.141257390648648, 43.117577663906985 ], [ -2.155078173030254, 43.112157346206047 ], [ -2.156532110133235, 43.111716029907932 ], [ -2.158451394573088, 43.112034345733747 ], [ -2.160690704895497, 43.109966805613553 ], [ -2.161304118237608, 43.108880185513726 ], [ -2.160705983891991, 43.106664675631166 ], [ -2.163512338528784, 43.106554542872011 ], [ -2.165104405821601, 43.105340614754219 ], [ -2.167213222278917, 43.10208726606772 ], [ -2.167804386114531, 43.099843938885435 ], [ -2.168753940087916, 43.098338081367686 ], [ -2.172192429627419, 43.098600278071707 ], [ -2.17241205557816, 43.102383911273478 ], [ -2.180349935304597, 43.105338182477418 ], [ -2.1824777484423, 43.106701168669829 ], [ -2.181130231366194, 43.1089500352264 ], [ -2.179391889221094, 43.10703629593467 ], [ -2.178151955009789, 43.108129501343676 ], [ -2.180512221844962, 43.109442138499816 ], [ -2.178109683489404, 43.112216320776575 ], [ -2.179698883637908, 43.113184400211779 ], [ -2.17813989939124, 43.113439396406058 ], [ -2.174873014936725, 43.112524404547045 ], [ -2.172021740621109, 43.112738984635335 ], [ -2.170706000675885, 43.112251241891862 ], [ -2.16970350413384, 43.111047602613255 ], [ -2.168061710392772, 43.110342021842129 ], [ -2.166172125413825, 43.110234620629214 ], [ -2.164811241464795, 43.110659258697886 ], [ -2.163972899816021, 43.112720472415177 ], [ -2.156183758398743, 43.118838633194308 ], [ -2.152685943761369, 43.131284289424613 ], [ -2.149568437509048, 43.134915944074166 ], [ -2.141528656033846, 43.140258426615254 ], [ -2.142226982559775, 43.142149269341417 ], [ -2.141974171703096, 43.143291253191499 ], [ -2.139149057741312, 43.149395991748321 ], [ -2.13724118878177, 43.151364204369457 ], [ -2.137696050643278, 43.155183139294245 ], [ -2.139001468562173, 43.159944069826622 ], [ -2.144824076948362, 43.166266547140516 ], [ -2.150332281116846, 43.168825021193022 ], [ -2.151653304230372, 43.16997411539645 ], [ -2.153024514784415, 43.170264222911996 ], [ -2.147541831754606, 43.173510507557133 ] ] ] } },
{ "type": "Feature", "properties": { "municipality_code": "20005", "municipality_name": "Alegia", "population_total": 1852, "population_65_plus": 378, "population_75_plus": 198, "pct_65_plus": 20.41, "pct_75_plus": 10.691, "reference_period": "2025-01-01", "source_id": "G360_DERIVED_MUNICIPAL_METRICS_V1", "area_km2": 7.7541631980629813, "services_hospital": 0, "services_mental_health": 0, "services_other_health": 0, "services_primary_care": 1, "services_total": 1, "primary_care_per_10000_65_plus": 26.455, "primary_care_per_10000_75_plus": 50.505, "hospital_per_10000_65_plus": 0.0, "hospital_per_10000_75_plus": 0.0, "mental_health_per_10000_65_plus": 0.0, "mental_health_per_10000_75_plus": 0.0, "other_health_per_10000_65_plus": 0.0, "other_health_per_10000_75_plus": 0.0, "representative_point_longitude": -2.1011751, "representative_point_latitude": 43.0977497, "distance_to_nearest_primary_care_m": 386.1, "distance_to_nearest_hospital_m": 17282.3, "distance_to_nearest_mental_health_m": 4638.3, "distance_to_nearest_other_health_m": 19749.7, "metrics_reference_period": "demography=2025-01-01;services=2026-09-20;geography=2025-05-07", "source_ids": "EUSTAT_EMH_2025|ODE_HEALTH_CENTRES_2026|GEOEUSKADI_MUNICIPIOS_2025" }, "geometry": { "type": "Polygon", "coordinates": [ [ [ -2.106443048652996, 43.116872543193118 ], [ -2.10375665804183, 43.114960427295998 ], [ -2.099495676078393, 43.113485387873091 ], [ -2.097437819165768, 43.113732024845618 ], [ -2.094357088064959, 43.113401787825538 ], [ -2.089510221740667, 43.112249328212954 ], [ -2.090097914529322, 43.111762853310324 ], [ -2.092783729927893, 43.111119698728388 ], [ -2.095526124609725, 43.11115614435797 ], [ -2.096238732812366, 43.110593343778028 ], [ -2.095591444496898, 43.107504478704982 ], [ -2.094187656888757, 43.105118732381648 ], [ -2.095322313083455, 43.102269778521439 ], [ -2.091842840770793, 43.10107106665653 ], [ -2.090963575428587, 43.099875443857854 ], [ -2.08834469498197, 43.098323692523202 ], [ -2.08755302352427, 43.097020682619451 ], [ -2.087540643798821, 43.094544247014348 ], [ -2.08445107905604, 43.090800558552068 ], [ -2.083112063959616, 43.089961298897549 ], [ -2.081805052165744, 43.091094436697126 ], [ -2.079729401723359, 43.089722717521134 ], [ -2.077536689441087, 43.090361489466346 ], [ -2.075171268483389, 43.090071207794274 ], [ -2.07110700954857, 43.088119942608905 ], [ -2.071315209791094, 43.087211725455909 ], [ -2.070475035272147, 43.082971677578442 ], [ -2.067718462648037, 43.078967805116392 ], [ -2.067831476780065, 43.078397861182459 ], [ -2.071713182726318, 43.079218244849592 ], [ -2.074012064035579, 43.079178429507174 ], [ -2.080548433002822, 43.080822390246901 ], [ -2.082315080515358, 43.080815050314598 ], [ -2.083702623268914, 43.081498243726678 ], [ -2.086587423563129, 43.081664228829418 ], [ -2.088119455468523, 43.081306922621252 ], [ -2.089154500786005, 43.081573399308795 ], [ -2.089179355490055, 43.082351229125884 ], [ -2.090361081823106, 43.08341645981011 ], [ -2.089386275137963, 43.084834819145463 ], [ -2.093829996018155, 43.087992037397271 ], [ -2.094321891940265, 43.089187186516455 ], [ -2.098986927051378, 43.089814014280066 ], [ -2.101619823774577, 43.092300429734017 ], [ -2.10417084411537, 43.091643173664842 ], [ -2.10631489288618, 43.092395727121762 ], [ -2.105163543535901, 43.09314174951448 ], [ -2.10385544243745, 43.095776870977247 ], [ -2.1055121609074, 43.096829214067462 ], [ -2.108228739415603, 43.094036937938974 ], [ -2.110212247331681, 43.093326586804643 ], [ -2.11183760243988, 43.093717328703256 ], [ -2.112537535750739, 43.093391017328592 ], [ -2.113721222245713, 43.094097281082568 ], [ -2.114483603257759, 43.095896623510427 ], [ -2.113095275704393, 43.096683614708738 ], [ -2.114187499771624, 43.097285168988712 ], [ -2.114681131045159, 43.098257997246449 ], [ -2.117500533971583, 43.099182100779267 ], [ -2.118428496479694, 43.101968400241425 ], [ -2.120207436362461, 43.10343283487483 ], [ -2.120685818048907, 43.104804328753666 ], [ -2.123363911772497, 43.108635506515839 ], [ -2.125374604719597, 43.115634599253063 ], [ -2.11587274227645, 43.115543562856736 ], [ -2.112488587264985, 43.116514558648937 ], [ -2.106443048652996, 43.116872543193118 ] ] ] } },
{ "type": "Feature", "properties": { "municipality_code": "20006", "municipality_name": "Alkiza", "population_total": 346, "population_65_plus": 59, "population_75_plus": 28, "pct_65_plus": 17.052, "pct_75_plus": 8.092, "reference_period": "2025-01-01", "source_id": "G360_DERIVED_MUNICIPAL_METRICS_V1", "area_km2": 12.01428122947962, "services_hospital": 0, "services_mental_health": 0, "services_other_health": 0, "services_primary_care": 0, "services_total": 0, "primary_care_per_10000_65_plus": 0.0, "primary_care_per_10000_75_plus": 0.0, "hospital_per_10000_65_plus": 0.0, "hospital_per_10000_75_plus": 0.0, "mental_health_per_10000_65_plus": 0.0, "mental_health_per_10000_75_plus": 0.0, "other_health_per_10000_65_plus": 0.0, "other_health_per_10000_75_plus": 0.0, "representative_point_longitude": -2.1162597, "representative_point_latitude": 43.1718197, "distance_to_nearest_primary_care_m": 2855.9, "distance_to_nearest_hospital_m": 18011.2, "distance_to_nearest_mental_health_m": 4979.4, "distance_to_nearest_other_health_m": 13124.9, "metrics_reference_period": "demography=2025-01-01;services=2026-09-20;geography=2025-05-07", "source_ids": "EUSTAT_EMH_2025|ODE_HEALTH_CENTRES_2026|GEOEUSKADI_MUNICIPIOS_2025" }, "geometry": { "type": "Polygon", "coordinates": [ [ [ -2.088886128363741, 43.186244844213284 ], [ -2.085389255475749, 43.183869320571262 ], [ -2.084044342252206, 43.184131640510302 ], [ -2.082725018870483, 43.183938511632661 ], [ -2.082748506651962, 43.183667344365283 ], [ -2.083275436352765, 43.1824980774228 ], [ -2.08512993126982, 43.181491329082242 ], [ -2.087112953094326, 43.178075431455518 ], [ -2.084569874704735, 43.177665734240634 ], [ -2.086230507891157, 43.174861490882414 ], [ -2.086248510325999, 43.172161400846065 ], [ -2.084770041804211, 43.169163771239297 ], [ -2.08610514833414, 43.167675081291343 ], [ -2.087633934795713, 43.164284206870391 ], [ -2.090006722843265, 43.161571267997964 ], [ -2.091105997840192, 43.160948358299827 ], [ -2.096049103150885, 43.160877888089004 ], [ -2.09720357725656, 43.160565308719193 ], [ -2.097509483472043, 43.159914246508599 ], [ -2.099227322602576, 43.159250527081511 ], [ -2.104143085860959, 43.158616864799328 ], [ -2.108191813617837, 43.158162184394122 ], [ -2.111748583724322, 43.158500059058113 ], [ -2.116068514584992, 43.156163992116674 ], [ -2.120013152940519, 43.156082543122338 ], [ -2.13235411788185, 43.157458132695453 ], [ -2.13581568577321, 43.159528036868338 ], [ -2.14063523978106, 43.163716762466514 ], [ -2.147541831754606, 43.173510507557133 ], [ -2.145744439817257, 43.175986711303395 ], [ -2.143667329348357, 43.177778765746936 ], [ -2.131532399607984, 43.180759076187123 ], [ -2.129124542582338, 43.182021941823301 ], [ -2.11591128334644, 43.182990550392283 ], [ -2.112601471504428, 43.182701407704336 ], [ -2.104182854845031, 43.181138291905583 ], [ -2.097864274876802, 43.182287913394575 ], [ -2.096053782988058, 43.18213138356483 ], [ -2.094996368237453, 43.181604194473451 ], [ -2.092858823168859, 43.183057763494588 ], [ -2.091578862905731, 43.183223282998924 ], [ -2.088886128363741, 43.186244844213284 ] ] ] } },
{ "type": "Feature", "properties": { "municipality_code": "20007", "municipality_name": "Altzo", "population_total": 400, "population_65_plus": 81, "population_75_plus": 34, "pct_65_plus": 20.25, "pct_75_plus": 8.5, "reference_period": "2025-01-01", "source_id": "G360_DERIVED_MUNICIPAL_METRICS_V1", "area_km2": 9.7776261744798045, "services_hospital": 0, "services_mental_health": 0, "services_other_health": 0, "services_primary_care": 0, "services_total": 0, "primary_care_per_10000_65_plus": 0.0, "primary_care_per_10000_75_plus": 0.0, "hospital_per_10000_65_plus": 0.0, "hospital_per_10000_75_plus": 0.0, "mental_health_per_10000_65_plus": 0.0, "mental_health_per_10000_75_plus": 0.0, "other_health_per_10000_65_plus": 0.0, "other_health_per_10000_75_plus": 0.0, "representative_point_longitude": -2.0692585, "representative_point_latitude": 43.0938644, "distance_to_nearest_primary_care_m": 2477.2, "distance_to_nearest_hospital_m": 19842.9, "distance_to_nearest_mental_health_m": 4771.5, "distance_to_nearest_other_health_m": 19409.4, "metrics_reference_period": "demography=2025-01-01;services=2026-09-20;geography=2025-05-07", "source_ids": "EUSTAT_EMH_2025|ODE_HEALTH_CENTRES_2026|GEOEUSKADI_MUNICIPIOS_2025" }, "geometry": { "type": "Polygon", "coordinates": [ [ [ -2.073442820588516, 43.114163617712578 ], [ -2.072841735727043, 43.113921709038635 ], [ -2.072609730783125, 43.112286596302951 ], [ -2.071449169609596, 43.111545536632931 ], [ -2.067849935511558, 43.110059757143219 ], [ -2.065445489986596, 43.109792866220786 ], [ -2.063374346087647, 43.108918910916124 ], [ -2.06271169562318, 43.109026139665168 ], [ -2.062451691233342, 43.109513528623069 ], [ -2.062673467477003, 43.110596386887131 ], [ -2.063721998580585, 43.111747895731405 ], [ -2.063442427081717, 43.11204795125397 ], [ -2.061823316870006, 43.112052168891722 ], [ -2.060902022465682, 43.112535073631882 ], [ -2.058398980630724, 43.112791161528619 ], [ -2.057031303014017, 43.111729397343794 ], [ -2.056596758832277, 43.110457271226579 ], [ -2.056724663520608, 43.106913920452165 ], [ -2.052710613598873, 43.097539146252466 ], [ -2.052835739022164, 43.095503402914872 ], [ -2.050166406298827, 43.091450676869933 ], [ -2.049301115385202, 43.088231320834254 ], [ -2.044021110867015, 43.084304416566766 ], [ -2.043447354312759, 43.082533341088713 ], [ -2.041532975720087, 43.081489561221311 ], [ -2.040685523413458, 43.079989018891062 ], [ -2.04091767599272, 43.077983681047982 ], [ -2.039783253977844, 43.075789185699989 ], [ -2.043735647379006, 43.073477320351756 ], [ -2.048119390267389, 43.073405412127713 ], [ -2.051657306129185, 43.074383410368426 ], [ -2.052247633985517, 43.07611644439168 ], [ -2.055045483835605, 43.078213419915166 ], [ -2.05607894562854, 43.080186850794853 ], [ -2.059681779686189, 43.081548323186674 ], [ -2.06007538089156, 43.0823314577408 ], [ -2.059700121112105, 43.083280808756363 ], [ -2.060834417517682, 43.083305723339087 ], [ -2.063373733553703, 43.086034152082121 ], [ -2.067241204265945, 43.086842636239659 ], [ -2.068002947197554, 43.087517663754305 ], [ -2.069417332470529, 43.087639801797273 ], [ -2.07038431262789, 43.088268783543676 ], [ -2.072026514771528, 43.088332889069825 ], [ -2.072369893010634, 43.088892901841703 ], [ -2.075179580454858, 43.090072913860439 ], [ -2.077536689441087, 43.090361489466346 ], [ -2.079729401723359, 43.089722717521134 ], [ -2.081805052165744, 43.091094436697126 ], [ -2.083112063959616, 43.089961298897549 ], [ -2.08445107905604, 43.090800558552068 ], [ -2.087540643798821, 43.094544247014348 ], [ -2.08755302352427, 43.097020682619451 ], [ -2.08834469498197, 43.098323692523202 ], [ -2.090963575428587, 43.099875443857854 ], [ -2.091842840770793, 43.10107106665653 ], [ -2.095322313083455, 43.102269778521439 ], [ -2.094187656888757, 43.105118732381648 ], [ -2.095591444496898, 43.107504478704982 ], [ -2.09632324672811, 43.110316106607449 ], [ -2.095748456587312, 43.111070856358801 ], [ -2.093707144555349, 43.110977877522615 ], [ -2.090097914529322, 43.111762853310324 ], [ -2.089229856586361, 43.113184187803618 ], [ -2.086301994434376, 43.113565995763963 ], [ -2.081194755089994, 43.111417000411755 ], [ -2.077997904063702, 43.114037715289626 ], [ -2.077381222032693, 43.114178532569127 ], [ -2.077520668246582, 43.113323387428814 ], [ -2.077107327794123, 43.112938159264203 ], [ -2.073442820588516, 43.114163617712578 ] ] ] } },
{ "type": "Feature", "properties": { "municipality_code": "20008", "municipality_name": "Amezketa", "population_total": 935, "population_65_plus": 210, "population_75_plus": 101, "pct_65_plus": 22.46, "pct_75_plus": 10.802, "reference_period": "2025-01-01", "source_id": "G360_DERIVED_MUNICIPAL_METRICS_V1", "area_km2": 20.588517985872098, "services_hospital": 0, "services_mental_health": 0, "services_other_health": 0, "services_primary_care": 1, "services_total": 1, "primary_care_per_10000_65_plus": 47.619, "primary_care_per_10000_75_plus": 99.01, "hospital_per_10000_65_plus": 0.0, "hospital_per_10000_75_plus": 0.0, "mental_health_per_10000_65_plus": 0.0, "mental_health_per_10000_75_plus": 0.0, "other_health_per_10000_65_plus": 0.0, "other_health_per_10000_75_plus": 0.0, "representative_point_longitude": -2.0690373, "representative_point_latitude": 43.0519861, "distance_to_nearest_primary_care_m": 1570.5, "distance_to_nearest_hospital_m": 20150.0, "distance_to_nearest_mental_health_m": 9391.1, "distance_to_nearest_other_health_m": 23960.2, "metrics_reference_period": "demography=2025-01-01;services=2026-09-20;geography=2025-05-07", "source_ids": "EUSTAT_EMH_2025|ODE_HEALTH_CENTRES_2026|GEOEUSKADI_MUNICIPIOS_2025" }, "geometry": { "type": "Polygon", "coordinates": [ [ [ -2.086582657419159, 43.081664120545774 ], [ -2.083702623268914, 43.081498243726678 ], [ -2.082315080515358, 43.080815050314598 ], [ -2.080548433002822, 43.080822390246901 ], [ -2.074012064035579, 43.079178429507174 ], [ -2.071713182726318, 43.079218244849592 ], [ -2.067831476780065, 43.078397861182459 ], [ -2.067361341729935, 43.075538550108668 ], [ -2.068983469462317, 43.074124525851275 ], [ -2.07136910213594, 43.070042322574849 ], [ -2.072479275859335, 43.069255272737898 ], [ -2.072173816366953, 43.0678381094177 ], [ -2.075554236186273, 43.0638754876882 ], [ -2.075111850761562, 43.063486440774092 ], [ -2.073571634920385, 43.062813816543503 ], [ -2.071496424938751, 43.062500831934337 ], [ -2.070255121136478, 43.061783766963842 ], [ -2.066518037056827, 43.061938431473017 ], [ -2.062425512106017, 43.061235932141159 ], [ -2.061826884318476, 43.061549251273647 ], [ -2.058443608092233, 43.061532502602248 ], [ -2.054412341926571, 43.060485311103619 ], [ -2.05132919285531, 43.060802419526638 ], [ -2.048748857206955, 43.060595828210147 ], [ -2.045671910120115, 43.059803040144885 ], [ -2.044257306656245, 43.060078261955134 ], [ -2.043476739397812, 43.059700308193214 ], [ -2.043875862382619, 43.058100007836806 ], [ -2.042800584203327, 43.05580930224631 ], [ -2.042843855473898, 43.054484921281997 ], [ -2.043018488224488, 43.053690071555778 ], [ -2.044249326849112, 43.053285872510564 ], [ -2.044552628146336, 43.052779313947333 ], [ -2.043227289660981, 43.046889908921045 ], [ -2.043519170402027, 43.044864617786118 ], [ -2.044227629811707, 43.043615007144147 ], [ -2.044683354298992, 43.04357748159164 ], [ -2.044821631457932, 43.042579101581055 ], [ -2.043346578825699, 43.041272845533136 ], [ -2.042361416057047, 43.040919641844262 ], [ -2.040941646787353, 43.02970118669365 ], [ -2.055399075867622, 43.024294457668525 ], [ -2.057557003361908, 43.024277219483928 ], [ -2.064474655186208, 43.026588911460934 ], [ -2.072750506002375, 43.024475255512691 ], [ -2.074842896214196, 43.022444410715778 ], [ -2.07644873311874, 43.02299649881212 ], [ -2.077797878532046, 43.023974317818002 ], [ -2.088425074192856, 43.022727704267609 ], [ -2.091679695407926, 43.030058322819393 ], [ -2.093231445301163, 43.038228579550072 ], [ -2.095559401265219, 43.041904361499327 ], [ -2.093182651422752, 43.049718138906549 ], [ -2.094896033985168, 43.056903948404361 ], [ -2.099057573546336, 43.066498637978427 ], [ -2.100580550739931, 43.067925893724279 ], [ -2.099120876537946, 43.068465467652395 ], [ -2.098515057035665, 43.069156775782517 ], [ -2.096942452770411, 43.069103259664438 ], [ -2.096565426635945, 43.071330907827388 ], [ -2.090466846609426, 43.073902997636488 ], [ -2.08825683609769, 43.075362553280392 ], [ -2.087093778713689, 43.075548296694969 ], [ -2.088422232057952, 43.076973869995918 ], [ -2.08799290720171, 43.078586809554295 ], [ -2.089267398759231, 43.081379480863369 ], [ -2.087575556601664, 43.081330089692081 ], [ -2.086582657419159, 43.081664120545774 ] ] ] } },
{ "type": "Feature", "properties": { "municipality_code": "20009", "municipality_name": "Andoain", "population_total": 14732, "population_65_plus": 3623, "population_75_plus": 1929, "pct_65_plus": 24.593, "pct_75_plus": 13.094, "reference_period": "2025-01-01", "source_id": "G360_DERIVED_MUNICIPAL_METRICS_V1", "area_km2": 27.18634392077157, "services_hospital": 0, "services_mental_health": 1, "services_other_health": 0, "services_primary_care": 1, "services_total": 2, "primary_care_per_10000_65_plus": 2.76, "primary_care_per_10000_75_plus": 5.184, "hospital_per_10000_65_plus": 0.0, "hospital_per_10000_75_plus": 0.0, "mental_health_per_10000_65_plus": 2.76, "mental_health_per_10000_75_plus": 5.184, "other_health_per_10000_65_plus": 0.0, "other_health_per_10000_75_plus": 0.0, "representative_point_longitude": -2.0138364, "representative_point_latitude": 43.2162864, "distance_to_nearest_primary_care_m": 873.2, "distance_to_nearest_hospital_m": 9264.4, "distance_to_nearest_mental_health_m": 873.2, "distance_to_nearest_other_health_m": 5313.5, "metrics_reference_period": "demography=2025-01-01;services=2026-09-20;geography=2025-05-07", "source_ids": "EUSTAT_EMH_2025|ODE_HEALTH_CENTRES_2026|GEOEUSKADI_MUNICIPIOS_2025" }, "geometry": { "type": "Polygon", "coordinates": [ [ [ -2.042024227709189, 43.246353767459318 ], [ -2.03999757311235, 43.245931752208186 ], [ -2.039797467917167, 43.245108984274097 ], [ -2.037898227892037, 43.245801637250416 ], [ -2.037211400150371, 43.244515687240529 ], [ -2.035585989375466, 43.243591466883032 ], [ -2.030156709494924, 43.242207621573009 ], [ -2.029114398474155, 43.241272987680496 ], [ -2.027937634756516, 43.2426938594107 ], [ -2.026150500081731, 43.243219109669148 ], [ -2.023594196453489, 43.24525060750836 ], [ -2.022803544343773, 43.243904790172174 ], [ -2.021695756235658, 43.243260433024318 ], [ -2.020925479225582, 43.240496815338922 ], [ -2.021308879850474, 43.24032978459438 ], [ -2.020176074090594, 43.239372400975661 ], [ -2.01831133664011, 43.239503290009495 ], [ -2.013037174665838, 43.241695237618544 ], [ -2.011316760006229, 43.243019697522989 ], [ -2.009977710114595, 43.243337124001286 ], [ -2.009301373511953, 43.241961358161518 ], [ -2.0032375377454, 43.235041749846779 ], [ -2.001944000521755, 43.234319104834526 ], [ -1.997349878948874, 43.229483725046272 ], [ -1.996885090373591, 43.227767426516785 ], [ -1.995481272016895, 43.226217879677996 ], [ -1.990687563694311, 43.222769657570858 ], [ -1.984075009033886, 43.21907740258164 ], [ -1.975483303813822, 43.213299120928873 ], [ -1.976495270309877, 43.211047921018185 ], [ -1.976132052234094, 43.210441832612624 ], [ -1.975183420344671, 43.210454265796521 ], [ -1.975682408268129, 43.208185870467879 ], [ -1.974910903651943, 43.206004138011316 ], [ -1.973947188958454, 43.205540133625767 ], [ -1.9728126523234, 43.203557916512487 ], [ -1.971973110219848, 43.203388279073117 ], [ -1.969838658518801, 43.201631147997276 ], [ -1.964155139425048, 43.199065971871143 ], [ -1.966876443057807, 43.195317340514187 ], [ -1.968773582255986, 43.194482189378277 ], [ -1.978520128389328, 43.193886024534905 ], [ -1.981463381391266, 43.192467131369888 ], [ -1.982946813934725, 43.191247838724124 ], [ -1.984007561399545, 43.188525121677699 ], [ -1.987421401892692, 43.187445649973341 ], [ -1.990559186127673, 43.186901743647219 ], [ -1.993792487764781, 43.187239953821582 ], [ -1.996367433406244, 43.186599938237215 ], [ -1.99799989048054, 43.187093174262998 ], [ -2.000936861379197, 43.185939149631537 ], [ -2.002223806390962, 43.185869386715176 ], [ -2.006718573856855, 43.188663494542247 ], [ -2.006609721136657, 43.189538209105585 ], [ -2.0058868849477, 43.19006474281673 ], [ -2.006199170266819, 43.19162142440954 ], [ -2.008703643990539, 43.19281499382933 ], [ -2.011279214031135, 43.196936797655006 ], [ -2.013272646918264, 43.198324580960858 ], [ -2.015746872357819, 43.196646756779764 ], [ -2.017748005539848, 43.196318982214279 ], [ -2.019340884968353, 43.195088338591098 ], [ -2.022686894268819, 43.195945997339066 ], [ -2.029014075056593, 43.200474947668198 ], [ -2.030622215988517, 43.200584892076101 ], [ -2.033255642281206, 43.199518905815047 ], [ -2.033893234834592, 43.199829034373408 ], [ -2.034011745056842, 43.200616275302075 ], [ -2.035447629402447, 43.200998602773488 ], [ -2.035853380729239, 43.201640373787043 ], [ -2.037762352921258, 43.201743030496303 ], [ -2.039044408773807, 43.202489767652139 ], [ -2.038031613902011, 43.204583349325972 ], [ -2.037091609148576, 43.204731758631681 ], [ -2.036312544173843, 43.204272947935713 ], [ -2.035508395616417, 43.204548720805356 ], [ -2.035856241999129, 43.206663208125043 ], [ -2.036954939149205, 43.206993637304826 ], [ -2.038678673942948, 43.206595683353733 ], [ -2.040180084848474, 43.206917382567248 ], [ -2.040763894019997, 43.206587328640488 ], [ -2.039625480719604, 43.208536694234887 ], [ -2.041802399776151, 43.208780911741812 ], [ -2.043554095600992, 43.209722680928124 ], [ -2.050990717953653, 43.220713872851469 ], [ -2.047410827682915, 43.221978308368101 ], [ -2.046705687006785, 43.222559209388258 ], [ -2.046247772246852, 43.225694005246801 ], [ -2.03825049866987, 43.22664330817107 ], [ -2.039492837806643, 43.227722723701945 ], [ -2.045470689087831, 43.22875551573788 ], [ -2.045956043583375, 43.231270119095598 ], [ -2.050364182927881, 43.228802670268813 ], [ -2.051539152277349, 43.228749441704188 ], [ -2.054776143168167, 43.229602145200239 ], [ -2.055625934074832, 43.230475715586692 ], [ -2.055840671105829, 43.232839373786454 ], [ -2.056410281904009, 43.233074004759345 ], [ -2.056077450228027, 43.235035924302593 ], [ -2.057183633732958, 43.235877418914292 ], [ -2.056974055736061, 43.236402032385939 ], [ -2.055664107440888, 43.236910584458776 ], [ -2.055429475799845, 43.237795215090543 ], [ -2.05616325258671, 43.239090906072427 ], [ -2.055872372619891, 43.239799125300756 ], [ -2.054624259355096, 43.239789896612663 ], [ -2.054339571404229, 43.241350194847314 ], [ -2.052062171160577, 43.242125860153614 ], [ -2.051053236765994, 43.24380117022713 ], [ -2.049867732695131, 43.243849826933477 ], [ -2.04868345152365, 43.244998589308238 ], [ -2.046995453720099, 43.245070567684458 ], [ -2.041682247196862, 43.241136568836723 ], [ -2.042024227709189, 43.246353767459318 ] ] ] } },
{ "type": "Feature", "properties": { "municipality_code": "20010", "municipality_name": "Anoeta", "population_total": 2163, "population_65_plus": 451, "population_75_plus": 175, "pct_65_plus": 20.851, "pct_75_plus": 8.091, "reference_period": "2025-01-01", "source_id": "G360_DERIVED_MUNICIPAL_METRICS_V1", "area_km2": 4.1024318564623048, "services_hospital": 0, "services_mental_health": 0, "services_other_health": 0, "services_primary_care": 1, "services_total": 1, "primary_care_per_10000_65_plus": 22.173, "primary_care_per_10000_75_plus": 57.143, "hospital_per_10000_65_plus": 0.0, "hospital_per_10000_75_plus": 0.0, "mental_health_per_10000_65_plus": 0.0, "mental_health_per_10000_75_plus": 0.0, "other_health_per_10000_65_plus": 0.0, "other_health_per_10000_75_plus": 0.0, "representative_point_longitude": -2.079251, "representative_point_latitude": 43.165582, "distance_to_nearest_primary_care_m": 751.1, "distance_to_nearest_hospital_m": 16749.4, "distance_to_nearest_mental_health_m": 3259.9, "distance_to_nearest_other_health_m": 12112.2, "metrics_reference_period": "demography=2025-01-01;services=2026-09-20;geography=2025-05-07", "source_ids": "EUSTAT_EMH_2025|ODE_HEALTH_CENTRES_2026|GEOEUSKADI_MUNICIPIOS_2025" }, "geometry": { "type": "Polygon", "coordinates": [ [ [ -2.073557643203515, 43.180542597194567 ], [ -2.070882109909728, 43.177966387006414 ], [ -2.069901368710275, 43.177523388382475 ], [ -2.064511566924947, 43.178820747532413 ], [ -2.0598732099033, 43.177274304039322 ], [ -2.057499585084314, 43.176885791448662 ], [ -2.059611570865401, 43.174451940505413 ], [ -2.062583746203268, 43.172055401811036 ], [ -2.065460400409062, 43.170853702806831 ], [ -2.066752116150251, 43.169795144590424 ], [ -2.069514628537853, 43.169366638028542 ], [ -2.071077752926651, 43.167507712958098 ], [ -2.071480996459242, 43.165459265839196 ], [ -2.070901018505618, 43.164257367374596 ], [ -2.069980913798473, 43.163612306322726 ], [ -2.068114348709159, 43.16314962646139 ], [ -2.066185570704187, 43.158829823681309 ], [ -2.066286295248302, 43.157784448252201 ], [ -2.067896781486288, 43.156129514594348 ], [ -2.071739817416262, 43.150395546555238 ], [ -2.072205871677345, 43.150499724740101 ], [ -2.072136554799012, 43.153671922025055 ], [ -2.074190963340167, 43.15523046044315 ], [ -2.079746867615805, 43.157803318566494 ], [ -2.079528832817428, 43.159215303444533 ], [ -2.08222221099789, 43.160306598956289 ], [ -2.088021930017788, 43.160463141331029 ], [ -2.090006722843265, 43.161571267997964 ], [ -2.087633934795713, 43.164284206870391 ], [ -2.08610514833414, 43.167675081291343 ], [ -2.084770041804211, 43.169163771239297 ], [ -2.086248510325999, 43.172161400846065 ], [ -2.086230507891157, 43.174861490882414 ], [ -2.084569874704735, 43.177665734240634 ], [ -2.081771129378678, 43.178045033383697 ], [ -2.078597899714494, 43.179367159587059 ], [ -2.076046852617766, 43.179636870573425 ], [ -2.074734441509186, 43.179200312875622 ], [ -2.073557643203515, 43.180542597194567 ] ] ] } },
{ "type": "Feature", "properties": { "municipality_code": "20011", "municipality_name": "Antzuola", "population_total": 2123, "population_65_plus": 479, "population_75_plus": 250, "pct_65_plus": 22.562, "pct_75_plus": 11.776, "reference_period": "2025-01-01", "source_id": "G360_DERIVED_MUNICIPAL_METRICS_V1", "area_km2": 27.906882423659138, "services_hospital": 0, "services_mental_health": 0, "services_other_health": 0, "services_primary_care": 1, "services_total": 1, "primary_care_per_10000_65_plus": 20.877, "primary_care_per_10000_75_plus": 40.0, "hospital_per_10000_65_plus": 0.0, "hospital_per_10000_75_plus": 0.0, "mental_health_per_10000_65_plus": 0.0, "mental_health_per_10000_75_plus": 0.0, "other_health_per_10000_65_plus": 0.0, "other_health_per_10000_75_plus": 0.0, "representative_point_longitude": -2.3754891, "representative_point_latitude": 43.0964133, "distance_to_nearest_primary_care_m": 544.4, "distance_to_nearest_hospital_m": 4887.0, "distance_to_nearest_mental_health_m": 4887.0, "distance_to_nearest_other_health_m": 34693.5, "metrics_reference_period": "demography=2025-01-01;services=2026-09-20;geography=2025-05-07", "source_ids": "EUSTAT_EMH_2025|ODE_HEALTH_CENTRES_2026|GEOEUSKADI_MUNICIPIOS_2025" }, "geometry": { "type": "Polygon", "coordinates": [ [ [ -2.377276782891504, 43.127891699512446 ], [ -2.368493066183659, 43.126928444472668 ], [ -2.367051508021189, 43.126299075001391 ], [ -2.364448148781149, 43.124217585139114 ], [ -2.361423089447809, 43.124258296248833 ], [ -2.359362756678707, 43.123529560350292 ], [ -2.358079326721486, 43.123639248617309 ], [ -2.356202134987789, 43.125088923107732 ], [ -2.352073170319064, 43.125680795146081 ], [ -2.35000703733778, 43.127025875634658 ], [ -2.350064048866876, 43.126025456982141 ], [ -2.347658567123249, 43.124576882510254 ], [ -2.347706677893438, 43.123826064519328 ], [ -2.344957968192802, 43.122621383010092 ], [ -2.341975350273203, 43.119967350311988 ], [ -2.343484839182096, 43.118091191716999 ], [ -2.341458148033907, 43.117194380734567 ], [ -2.342241898223336, 43.114812165798895 ], [ -2.341941132276926, 43.114226168117426 ], [ -2.34048025281884, 43.113709845605889 ], [ -2.338645600516398, 43.114055809555282 ], [ -2.337316993125148, 43.111910783146435 ], [ -2.343304299803035, 43.108000038991953 ], [ -2.34646058936637, 43.103316659659953 ], [ -2.34351506179976, 43.101132472249738 ], [ -2.346056944246257, 43.099755170662227 ], [ -2.349746183316685, 43.087958160423618 ], [ -2.355109070274453, 43.077079767861335 ], [ -2.353800317201578, 43.074906969124626 ], [ -2.364998696722245, 43.071312068952764 ], [ -2.365742743564851, 43.070243610454042 ], [ -2.366912217923961, 43.070378252693324 ], [ -2.368846663488477, 43.069724496825451 ], [ -2.373509558495893, 43.069199629069423 ], [ -2.375337131892936, 43.067595928039061 ], [ -2.375685395321145, 43.066678895251648 ], [ -2.378391780354276, 43.064945358432574 ], [ -2.382248257649446, 43.066895907603005 ], [ -2.385406445799547, 43.066832101204959 ], [ -2.38832652095659, 43.067582570113309 ], [ -2.390796894759926, 43.067071153679159 ], [ -2.392315384560125, 43.067506343710306 ], [ -2.393076116028438, 43.068069785347326 ], [ -2.39330741195439, 43.06925594670227 ], [ -2.395159752830004, 43.072016720204793 ], [ -2.398546098593596, 43.072871550677654 ], [ -2.40046466138311, 43.075710239850892 ], [ -2.40162927922199, 43.076281496106276 ], [ -2.405557536966654, 43.075164412404703 ], [ -2.407900269030534, 43.075357308669886 ], [ -2.410028544261987, 43.07501466515442 ], [ -2.412512961115152, 43.073983077956456 ], [ -2.41040931639424, 43.075719699890684 ], [ -2.407043372531601, 43.077180198607557 ], [ -2.407748098548122, 43.080662993916903 ], [ -2.406642507424566, 43.082187113942446 ], [ -2.406591980950103, 43.082979915863184 ], [ -2.407672900317691, 43.084885465137205 ], [ -2.407145179379393, 43.086611137077718 ], [ -2.408220519496054, 43.08892583458924 ], [ -2.406197286254809, 43.093062516245254 ], [ -2.404184809033699, 43.095434940595844 ], [ -2.402906036634082, 43.098394313165812 ], [ -2.404561546477136, 43.100544831777391 ], [ -2.403639572498139, 43.102067717647124 ], [ -2.403535244248456, 43.106997631595569 ], [ -2.402496599912584, 43.107831005505581 ], [ -2.400721568025821, 43.108153887187427 ], [ -2.400409032378344, 43.109106576010646 ], [ -2.402836661151069, 43.11212510082887 ], [ -2.397148461249754, 43.118365278293368 ], [ -2.393070883177761, 43.119073207051947 ], [ -2.38867546098275, 43.125405116499721 ], [ -2.382461531367603, 43.126984642535511 ], [ -2.378165623774745, 43.127280266499959 ], [ -2.377276782891504, 43.127891699512446 ] ] ] } },
{ "type": "Feature", "properties": { "municipality_code": "20012", "municipality_name": "Arama", "population_total": 181, "population_65_plus": 40, "population_75_plus": 27, "pct_65_plus": 22.099, "pct_75_plus": 14.917, "reference_period": "2025-01-01", "source_id": "G360_DERIVED_MUNICIPAL_METRICS_V1", "area_km2": 1.3625340641207564, "services_hospital": 0, "services_mental_health": 0, "services_other_health": 0, "services_primary_care": 0, "services_total": 0, "primary_care_per_10000_65_plus": 0.0, "primary_care_per_10000_75_plus": 0.0, "hospital_per_10000_65_plus": 0.0, "hospital_per_10000_75_plus": 0.0, "mental_health_per_10000_65_plus": 0.0, "mental_health_per_10000_75_plus": 0.0, "other_health_per_10000_65_plus": 0.0, "other_health_per_10000_75_plus": 0.0, "representative_point_longitude": -2.1629113, "representative_point_latitude": 43.0593429, "distance_to_nearest_primary_care_m": 1079.0, "distance_to_nearest_hospital_m": 12492.7, "distance_to_nearest_mental_health_m": 2373.9, "distance_to_nearest_other_health_m": 25712.4, "metrics_reference_period": "demography=2025-01-01;services=2026-09-20;geography=2025-05-07", "source_ids": "EUSTAT_EMH_2025|ODE_HEALTH_CENTRES_2026|GEOEUSKADI_MUNICIPIOS_2025" }, "geometry": { "type": "Polygon", "coordinates": [ [ [ -2.164942043265068, 43.066088911656209 ], [ -2.161327283283728, 43.064845101274827 ], [ -2.161852280956016, 43.064562960421533 ], [ -2.157789630146033, 43.062831176609116 ], [ -2.156257356848477, 43.060425058926043 ], [ -2.155965954198381, 43.058539695746212 ], [ -2.154830664423876, 43.05818957950278 ], [ -2.155078123078152, 43.055103993546382 ], [ -2.15645326987011, 43.054693175740489 ], [ -2.15797096219424, 43.05331218074334 ], [ -2.160932902898694, 43.052516999368436 ], [ -2.161566721880257, 43.053313872454062 ], [ -2.162865507213906, 43.052877698406959 ], [ -2.166712634934147, 43.055656102616013 ], [ -2.170074919952711, 43.055708154454571 ], [ -2.169909111006029, 43.056172795210657 ], [ -2.170946961314002, 43.056548798094852 ], [ -2.171131549949692, 43.057129246221699 ], [ -2.169750941916635, 43.056981793907418 ], [ -2.169774983190418, 43.060064447649424 ], [ -2.170867028809416, 43.061523258305435 ], [ -2.172027546012517, 43.06172411873802 ], [ -2.172988688591847, 43.062969353511043 ], [ -2.172881990754361, 43.063468984279112 ], [ -2.171934059856558, 43.06403932557172 ], [ -2.168746029552449, 43.063981841981956 ], [ -2.166960538232033, 43.064474629569922 ], [ -2.164942043265068, 43.066088911656209 ] ] ] } },
{ "type": "Feature", "properties": { "municipality_code": "20013", "municipality_name": "Aretxabaleta", "population_total": 7183, "population_65_plus": 1677, "population_75_plus": 908, "pct_65_plus": 23.347, "pct_75_plus": 12.641, "reference_period": "2025-01-01", "source_id": "G360_DERIVED_MUNICIPAL_METRICS_V1", "area_km2": 26.943937405863437, "services_hospital": 0, "services_mental_health": 0, "services_other_health": 0, "services_primary_care": 1, "services_total": 1, "primary_care_per_10000_65_plus": 5.963, "primary_care_per_10000_75_plus": 11.013, "hospital_per_10000_65_plus": 0.0, "hospital_per_10000_75_plus": 0.0, "mental_health_per_10000_65_plus": 0.0, "mental_health_per_10000_75_plus": 0.0, "other_health_per_10000_65_plus": 0.0, "other_health_per_10000_75_plus": 0.0, "representative_point_longitude": -2.4793842, "representative_point_latitude": 43.010081, "distance_to_nearest_primary_care_m": 3509.2, "distance_to_nearest_hospital_m": 5912.6, "distance_to_nearest_mental_health_m": 5930.0, "distance_to_nearest_other_health_m": 47119.9, "metrics_reference_period": "demography=2025-01-01;services=2026-09-20;geography=2025-05-07", "source_ids": "EUSTAT_EMH_2025|ODE_HEALTH_CENTRES_2026|GEOEUSKADI_MUNICIPIOS_2025" }, "geometry": { "type": "Polygon", "coordinates": [ [ [ -2.517219783654628, 43.053067579060837 ], [ -2.513671568704285, 43.051266236724146 ], [ -2.509397917450956, 43.04975559923551 ], [ -2.502791668009828, 43.049095746834659 ], [ -2.499957023391632, 43.048386066155786 ], [ -2.498747692132033, 43.047094835116695 ], [ -2.495728789673209, 43.049512929065905 ], [ -2.493597086316984, 43.048061337547864 ], [ -2.49264777563771, 43.045628866660721 ], [ -2.493134591667796, 43.043537646875144 ], [ -2.492552772322478, 43.042479682802252 ], [ -2.492005473049415, 43.042001790816812 ], [ -2.49067559690937, 43.042480349010944 ], [ -2.489272735265173, 43.040062558019862 ], [ -2.487797134644965, 43.038890625996892 ], [ -2.478550804473375, 43.03926724276473 ], [ -2.474017554795461, 43.040091347268337 ], [ -2.470584208016665, 43.042183496450647 ], [ -2.467902059702986, 43.044777519006992 ], [ -2.467405200092245, 43.044592608172422 ], [ -2.466946811144651, 43.045032910914159 ], [ -2.465205372880272, 43.045144128685934 ], [ -2.464816484479385, 43.045471979889378 ], [ -2.464025782717745, 43.045215945252053 ], [ -2.462776094575383, 43.045716701152109 ], [ -2.459708484155092, 43.044531599379951 ], [ -2.458802680110844, 43.043759913987273 ], [ -2.457812029492279, 43.041346929075189 ], [ -2.45199885274802, 43.033092090373714 ], [ -2.451482923695651, 43.02850219508818 ], [ -2.451792120746991, 43.02487393337065 ], [ -2.456144786143551, 43.016522003793504 ], [ -2.461705803647693, 43.007221410056374 ], [ -2.465963727742538, 43.003628168681928 ], [ -2.471285028586449, 42.997266303382943 ], [ -2.472173838840427, 42.994687841769448 ], [ -2.471650291371738, 42.989829349270366 ], [ -2.472594447788311, 42.985425355513065 ], [ -2.473488621289163, 42.983513729826981 ], [ -2.478295981797123, 42.979457966334124 ], [ -2.479450965396784, 42.965859119877116 ], [ -2.482575687629147, 42.964787180098831 ], [ -2.483350242300568, 42.964891355985628 ], [ -2.491830503702827, 42.984199270765131 ], [ -2.496137260287181, 42.992476098561049 ], [ -2.499603198323127, 43.000216943892404 ], [ -2.501660172043822, 43.00637472720895 ], [ -2.498139407065888, 43.008460483759919 ], [ -2.499297999297446, 43.011874095658094 ], [ -2.497238597960866, 43.011986230671226 ], [ -2.499813638095853, 43.016378674134778 ], [ -2.498370297640714, 43.018504957469453 ], [ -2.497961636200356, 43.020460788251384 ], [ -2.499739835255543, 43.02245255426876 ], [ -2.501100554462803, 43.023165109610957 ], [ -2.500966118343714, 43.020317168381204 ], [ -2.505696443851266, 43.017641353902675 ], [ -2.508523936975664, 43.016768929544085 ], [ -2.510659180921842, 43.018122252038587 ], [ -2.509270137450974, 43.019527168941366 ], [ -2.509695582721161, 43.024566713655027 ], [ -2.510457853134861, 43.025720837248208 ], [ -2.515583131254167, 43.029525106604659 ], [ -2.514510015657492, 43.03213242025187 ], [ -2.521527082924514, 43.03763752417327 ], [ -2.524855488700002, 43.045353712626778 ], [ -2.528602635970087, 43.051911785825403 ], [ -2.517219783654628, 43.053067579060837 ] ] ] } },
{ "type": "Feature", "properties": { "municipality_code": "20014", "municipality_name": "Asteasu", "population_total": 1527, "population_65_plus": 273, "population_75_plus": 138, "pct_65_plus": 17.878, "pct_75_plus": 9.037, "reference_period": "2025-01-01", "source_id": "G360_DERIVED_MUNICIPAL_METRICS_V1", "area_km2": 16.867816836980452, "services_hospital": 0, "services_mental_health": 0, "services_other_health": 0, "services_primary_care": 1, "services_total": 1, "primary_care_per_10000_65_plus": 36.63, "primary_care_per_10000_75_plus": 72.464, "hospital_per_10000_65_plus": 0.0, "hospital_per_10000_75_plus": 0.0, "mental_health_per_10000_65_plus": 0.0, "mental_health_per_10000_75_plus": 0.0, "other_health_per_10000_65_plus": 0.0, "other_health_per_10000_75_plus": 0.0, "representative_point_longitude": -2.120481, "representative_point_latitude": 43.2032328, "distance_to_nearest_primary_care_m": 2122.0, "distance_to_nearest_hospital_m": 15842.8, "distance_to_nearest_mental_health_m": 8169.2, "distance_to_nearest_other_health_m": 10891.0, "metrics_reference_period": "demography=2025-01-01;services=2026-09-20;geography=2025-05-07", "source_ids": "EUSTAT_EMH_2025|ODE_HEALTH_CENTRES_2026|GEOEUSKADI_MUNICIPIOS_2025" }, "geometry": { "type": "Polygon", "coordinates": [ [ [ -2.108911664681207, 43.228369332577181 ], [ -2.108226335236098, 43.226469112150397 ], [ -2.107580095412221, 43.225962579291846 ], [ -2.105697028054029, 43.225834605450189 ], [ -2.104907298541777, 43.224843937073189 ], [ -2.103071537425592, 43.224164568897834 ], [ -2.099228553497391, 43.220351027689723 ], [ -2.093997840879815, 43.21180964686269 ], [ -2.090321431952563, 43.209423934195875 ], [ -2.090159362541466, 43.207451873814691 ], [ -2.093305665364074, 43.204732277105563 ], [ -2.091316433282386, 43.202070282527082 ], [ -2.091309244123334, 43.201238604552508 ], [ -2.089739092767318, 43.200034524341959 ], [ -2.089534254629055, 43.19918509529699 ], [ -2.086095801761406, 43.195822005886342 ], [ -2.084595344442952, 43.19224923198913 ], [ -2.082086917230591, 43.191243224667431 ], [ -2.081827456833761, 43.190288949849922 ], [ -2.080410149681225, 43.191346715362378 ], [ -2.079644864382228, 43.191434306549155 ], [ -2.07424516199253, 43.19061141560033 ], [ -2.07476519885944, 43.18985089104175 ], [ -2.07478944772387, 43.187514791911319 ], [ -2.074231682309341, 43.187105662564193 ], [ -2.074729127104131, 43.184943457391455 ], [ -2.073467181851285, 43.180784902216409 ], [ -2.074734441509186, 43.179200312875622 ], [ -2.076046852617766, 43.179636870573425 ], [ -2.078597899714494, 43.179367159587059 ], [ -2.081771129378678, 43.178045033383697 ], [ -2.084569874704735, 43.177665734240634 ], [ -2.087112953094326, 43.178075431455518 ], [ -2.08512993126982, 43.181491329082242 ], [ -2.08316049360549, 43.182614504115648 ], [ -2.082725018870483, 43.183938511632661 ], [ -2.084044342252206, 43.184131640510302 ], [ -2.085389255475749, 43.183869320571262 ], [ -2.089065194250874, 43.186358938165085 ], [ -2.091822520157399, 43.187447166195675 ], [ -2.094509394853723, 43.189484692272664 ], [ -2.098724840874656, 43.191413738657054 ], [ -2.109441042121369, 43.194495747816376 ], [ -2.111570042949192, 43.193252600389371 ], [ -2.113536739277515, 43.192835108103424 ], [ -2.118174215331712, 43.19097720873134 ], [ -2.124555015538878, 43.192337036583439 ], [ -2.127392361524491, 43.193590031672322 ], [ -2.129024009418314, 43.193269984438672 ], [ -2.131006834922516, 43.194465811248769 ], [ -2.14053747590733, 43.191118734990553 ], [ -2.143287065331897, 43.187544471205499 ], [ -2.143726898698753, 43.184984739411242 ], [ -2.148281337135908, 43.183261753197137 ], [ -2.151769655511794, 43.187500527341697 ], [ -2.148232943559134, 43.194104987079001 ], [ -2.15051458337707, 43.197094471503185 ], [ -2.151712748400525, 43.201076741079525 ], [ -2.147330184968241, 43.204922586583393 ], [ -2.147149233338956, 43.205417443637451 ], [ -2.148407655837675, 43.207181305943081 ], [ -2.148273129075489, 43.207844758455465 ], [ -2.144957304475951, 43.210683283996801 ], [ -2.139038076335385, 43.211681822810171 ], [ -2.13688071361522, 43.212397031341247 ], [ -2.136829713829438, 43.213494756616313 ], [ -2.135176913132708, 43.215259499694021 ], [ -2.13434871986016, 43.217774312693315 ], [ -2.13231352323965, 43.218972561707545 ], [ -2.131136095107643, 43.219066140421774 ], [ -2.131400144227743, 43.221564187936686 ], [ -2.129154870474139, 43.221882662253016 ], [ -2.128546351211813, 43.223370180754657 ], [ -2.125215905210943, 43.22376815693039 ], [ -2.121606056960637, 43.224708812075257 ], [ -2.119907111713678, 43.225742616554697 ], [ -2.114869318486245, 43.227678792183994 ], [ -2.108911664681207, 43.228369332577181 ] ] ] } },
{ "type": "Feature", "properties": { "municipality_code": "20015", "municipality_name": "Ataun", "population_total": 1723, "population_65_plus": 387, "population_75_plus": 203, "pct_65_plus": 22.461, "pct_75_plus": 11.782, "reference_period": "2025-01-01", "source_id": "G360_DERIVED_MUNICIPAL_METRICS_V1", "area_km2": 58.367934685299062, "services_hospital": 0, "services_mental_health": 0, "services_other_health": 0, "services_primary_care": 2, "services_total": 2, "primary_care_per_10000_65_plus": 51.68, "primary_care_per_10000_75_plus": 98.522, "hospital_per_10000_65_plus": 0.0, "hospital_per_10000_75_plus": 0.0, "mental_health_per_10000_65_plus": 0.0, "mental_health_per_10000_75_plus": 0.0, "other_health_per_10000_65_plus": 0.0, "other_health_per_10000_75_plus": 0.0, "representative_point_longitude": -2.1675105, "representative_point_latitude": 42.9779648, "distance_to_nearest_primary_care_m": 1054.1, "distance_to_nearest_hospital_m": 16677.9, "distance_to_nearest_mental_health_m": 8376.3, "distance_to_nearest_other_health_m": 34105.5, "metrics_reference_period": "demography=2025-01-01;services=2026-09-20;geography=2025-05-07", "source_ids": "EUSTAT_EMH_2025|ODE_HEALTH_CENTRES_2026|GEOEUSKADI_MUNICIPIOS_2025" }, "geometry": { "type": "MultiPolygon", "coordinates": [ [ [ [ -2.172160485163793, 43.019170800288784 ], [ -2.167059398825927, 43.020908472855915 ], [ -2.165855269344449, 43.019017479463052 ], [ -2.161704834526441, 43.01897535692418 ], [ -2.159866729331799, 43.017990599818738 ], [ -2.161479549612904, 43.016960986854947 ], [ -2.15899502905115, 43.017604546913738 ], [ -2.154108673730911, 43.016091986296274 ], [ -2.154094724206447, 43.015239740406848 ], [ -2.152987489244292, 43.015710526917047 ], [ -2.153523647861742, 43.017483542052531 ], [ -2.151507829525216, 43.017719466763708 ], [ -2.150023566077974, 43.01895331282315 ], [ -2.149544933740516, 43.017353532254326 ], [ -2.147631784858273, 43.015057088168327 ], [ -2.152244499851677, 43.011408210202269 ], [ -2.156340577748447, 43.013462795245239 ], [ -2.143526262268318, 42.999654335503259 ], [ -2.141720070889542, 42.995116501536252 ], [ -2.140585120137362, 42.994056647991179 ], [ -2.138931879201215, 42.99340507657422 ], [ -2.137129753155003, 42.993687340118683 ], [ -2.135147700820943, 42.992971303433237 ], [ -2.133741249359562, 42.993126280248219 ], [ -2.131904312990729, 42.991505026720432 ], [ -2.131847234857537, 42.990165545708493 ], [ -2.133079783150276, 42.986215635513325 ], [ -2.128779332433858, 42.985659527446451 ], [ -2.124935468492178, 42.984233170743167 ], [ -2.118908737634341, 42.979604529470443 ], [ -2.118118133518644, 42.976494710256297 ], [ -2.118278423474381, 42.974910942606364 ], [ -2.116996541627556, 42.973379858228398 ], [ -2.115471280237844, 42.972815957729701 ], [ -2.114813253302098, 42.970925465570637 ], [ -2.111912131179203, 42.970493796947146 ], [ -2.106842832040202, 42.970721840363986 ], [ -2.095692907464819, 42.972210530876573 ], [ -2.098250862001273, 42.965059865854322 ], [ -2.098435029362654, 42.96002523119143 ], [ -2.101453709093238, 42.95693643632513 ], [ -2.102997778634143, 42.956375715286931 ], [ -2.104649814402704, 42.953828825976025 ], [ -2.104671492309329, 42.952797501912777 ], [ -2.103526576288957, 42.951338527310547 ], [ -2.103315941983022, 42.9484872945063 ], [ -2.106419113639604, 42.948091425044602 ], [ -2.108801419058252, 42.946622616937155 ], [ -2.111788415448968, 42.946060239182238 ], [ -2.111842955409702, 42.945293592022978 ], [ -2.115643095088767, 42.943820871848615 ], [ -2.117134483226149, 42.942192389863095 ], [ -2.122290055783931, 42.941730696359961 ], [ -2.123650323158923, 42.940896158794082 ], [ -2.126330183299163, 42.940171574445912 ], [ -2.127940676442187, 42.938937385212284 ], [ -2.130207578016496, 42.940884310892294 ], [ -2.133048609020836, 42.940678164218305 ], [ -2.13557709032923, 42.94104688301335 ], [ -2.136032500475062, 42.939975629933194 ], [ -2.137976018017973, 42.940184063660659 ], [ -2.140968354775787, 42.941211364719926 ], [ -2.141823495645025, 42.941101926559028 ], [ -2.143834527183904, 42.941934010548898 ], [ -2.145888471015196, 42.941242230515407 ], [ -2.147948051306716, 42.94131952159745 ], [ -2.151599870827305, 42.94224758242224 ], [ -2.156737548738922, 42.94267711399074 ], [ -2.15727306928057, 42.942481304737484 ], [ -2.158606333801049, 42.940006141363625 ], [ -2.159515522131784, 42.939916945141697 ], [ -2.160934675022645, 42.937926450498566 ], [ -2.166062995755018, 42.93587657542593 ], [ -2.173694066133212, 42.935126233813236 ], [ -2.176104852299106, 42.935353377285388 ], [ -2.180682224614324, 42.93499524184579 ], [ -2.17992559808953, 42.938301299967399 ], [ -2.181729127772778, 42.939233106206395 ], [ -2.183427100189554, 42.94074941947067 ], [ -2.186428858449114, 42.94439310644119 ], [ -2.188666954091183, 42.944989659499086 ], [ -2.190196523534237, 42.946105184671687 ], [ -2.190736380100814, 42.946816160405589 ], [ -2.190262455177138, 42.947709722950542 ], [ -2.192548103126659, 42.949230840207072 ], [ -2.19869587476523, 42.951246670874205 ], [ -2.202748334839554, 42.949590092385911 ], [ -2.210268942017911, 42.949917627940621 ], [ -2.213588347824878, 42.952817250576366 ], [ -2.213168434834285, 42.955420766137905 ], [ -2.215409374630386, 42.958430407256749 ], [ -2.215576803860327, 42.960848622533859 ], [ -2.216294746279955, 42.96288211151716 ], [ -2.218394169481131, 42.964404954814981 ], [ -2.219439960209534, 42.965734979686403 ], [ -2.216775700310341, 42.97296397652574 ], [ -2.218035592988634, 42.976836531074134 ], [ -2.217869559174681, 42.977663378208881 ], [ -2.214275313459653, 42.979489765229999 ], [ -2.212652639021377, 42.979678445708537 ], [ -2.211250459880491, 42.980867916162552 ], [ -2.210117584600775, 42.981269316004351 ], [ -2.211645701168269, 42.98290253049035 ], [ -2.213409159269251, 42.987430522605308 ], [ -2.209379143115171, 42.989063945299293 ], [ -2.20748639228113, 42.989407472838209 ], [ -2.205570445629714, 42.991547280813137 ], [ -2.20530691897684, 42.992456890275847 ], [ -2.203030401328817, 42.993260000801314 ], [ -2.203062439884101, 42.993887031280877 ], [ -2.202080185150694, 42.994415783810368 ], [ -2.202342777673176, 42.996359389768202 ], [ -2.201997254705824, 42.997524661983661 ], [ -2.202427578905561, 42.999111826567948 ], [ -2.196961703004054, 43.000444473165061 ], [ -2.193324208827035, 43.002634207464943 ], [ -2.192754941878934, 43.003395525125342 ], [ -2.193116404317491, 43.005319649836167 ], [ -2.192020886871197, 43.006985292761733 ], [ -2.190827313687448, 43.007895783293044 ], [ -2.191018100891785, 43.008655552279784 ], [ -2.190228888866951, 43.009497387681847 ], [ -2.19023912340396, 43.010479531260337 ], [ -2.18863028334996, 43.011582402254305 ], [ -2.187468994539516, 43.011749698116574 ], [ -2.185578692503498, 43.01356715997558 ], [ -2.18471422974409, 43.014806397061626 ], [ -2.184370050869911, 43.01701953508362 ], [ -2.175223864169941, 43.019797308106135 ], [ -2.172160485163793, 43.019170800288784 ] ] ], [ [ [ -2.125469544912584, 43.000161089758301 ], [ -2.133423325344264, 43.002059257381525 ], [ -2.139322128452338, 43.004590773710952 ], [ -2.140726122418041, 43.004749545883733 ], [ -2.135428696140254, 43.008267441573842 ], [ -2.135352103194762, 43.007278684289318 ], [ -2.136433132829243, 43.006744444128856 ], [ -2.136369085890575, 43.006457557493128 ], [ -2.135601175971833, 43.006197606514277 ], [ -2.134819338985169, 43.006639934773418 ], [ -2.133335413302861, 43.00604908380943 ], [ -2.132461069629965, 43.006119445979138 ], [ -2.132833844079637, 43.005231700089816 ], [ -2.132194488914437, 43.004622080263012 ], [ -2.13076941819368, 43.004111804755546 ], [ -2.129422464217749, 43.004565765146843 ], [ -2.127073455599007, 43.004653479061176 ], [ -2.126801000147336, 43.003962910077654 ], [ -2.125888845205884, 43.004288353470237 ], [ -2.124700713415813, 43.003847137771658 ], [ -2.1265023688779, 43.001774490967939 ], [ -2.12542395075275, 43.000659321114476 ], [ -2.125469544912584, 43.000161089758301 ] ] ], [ [ [ -2.125468059215195, 43.000133494242974 ], [ -2.119505336342814, 43.000241265301803 ], [ -2.11632866929168, 42.99427950354368 ], [ -2.122740472403563, 42.992721371800265 ], [ -2.122663174293006, 42.993489493308871 ], [ -2.123596613188723, 42.994196461337332 ], [ -2.124487125325467, 42.995874976581931 ], [ -2.124063388628541, 42.997198439532362 ], [ -2.124633953161211, 42.999436908405713 ], [ -2.125468059215195, 43.000133494242974 ] ] ] ] } },
{ "type": "Feature", "properties": { "municipality_code": "20016", "municipality_name": "Aia", "population_total": 2127, "population_65_plus": 395, "population_75_plus": 183, "pct_65_plus": 18.571, "pct_75_plus": 8.604, "reference_period": "2025-01-01", "source_id": "G360_DERIVED_MUNICIPAL_METRICS_V1", "area_km2": 55.175166925876603, "services_hospital": 0, "services_mental_health": 0, "services_other_health": 0, "services_primary_care": 1, "services_total": 1, "primary_care_per_10000_65_plus": 25.316, "primary_care_per_10000_75_plus": 54.645, "hospital_per_10000_65_plus": 0.0, "hospital_per_10000_75_plus": 0.0, "mental_health_per_10000_65_plus": 0.0, "mental_health_per_10000_75_plus": 0.0, "other_health_per_10000_65_plus": 0.0, "other_health_per_10000_75_plus": 0.0, "representative_point_longitude": -2.1490991, "representative_point_latitude": 43.2435104, "distance_to_nearest_primary_care_m": 676.1, "distance_to_nearest_hospital_m": 15633.6, "distance_to_nearest_mental_health_m": 4911.7, "distance_to_nearest_other_health_m": 11096.5, "metrics_reference_period": "demography=2025-01-01;services=2026-09-20;geography=2025-05-07", "source_ids": "EUSTAT_EMH_2025|ODE_HEALTH_CENTRES_2026|GEOEUSKADI_MUNICIPIOS_2025" }, "geometry": { "type": "Polygon", "coordinates": [ [ [ -2.132270591985308, 43.290167697765888 ], [ -2.130048230986076, 43.287697913732821 ], [ -2.129587779353081, 43.285579597374294 ], [ -2.132884110481231, 43.284900386528129 ], [ -2.133079842431548, 43.283971697329498 ], [ -2.13153136097751, 43.283566450375147 ], [ -2.132845706819563, 43.281798918251333 ], [ -2.133486063032648, 43.27940594060253 ], [ -2.132864843897996, 43.276294649953542 ], [ -2.131032164909272, 43.274665317959297 ], [ -2.121879690331949, 43.27439704873381 ], [ -2.118355785781797, 43.275084877720438 ], [ -2.117196744013184, 43.274984916069052 ], [ -2.114195222342848, 43.272025189178599 ], [ -2.111811407129285, 43.271556385557318 ], [ -2.108382228009402, 43.271978575405704 ], [ -2.106352246838739, 43.27288718461709 ], [ -2.105459401944473, 43.274069457063348 ], [ -2.105566522595036, 43.273586839231406 ], [ -2.103148780653567, 43.272748579931424 ], [ -2.100437338306497, 43.270729618978031 ], [ -2.096841755670436, 43.269773181419353 ], [ -2.093624798829128, 43.269923324864301 ], [ -2.092967443713127, 43.269377506107062 ], [ -2.092910575788788, 43.26814952792526 ], [ -2.092027665008003, 43.267589761179835 ], [ -2.092477127378887, 43.266482597405492 ], [ -2.092064512629968, 43.265901134907409 ], [ -2.093600459784089, 43.264047366617994 ], [ -2.093711301996269, 43.262366932155906 ], [ -2.092744599275856, 43.258194742436864 ], [ -2.091396565473303, 43.257373493154745 ], [ -2.089589424574708, 43.255416083206931 ], [ -2.088395890167473, 43.255176725662729 ], [ -2.086942338900735, 43.252658931022061 ], [ -2.084986919751301, 43.251030046868522 ], [ -2.084821843821825, 43.250537975244121 ], [ -2.08596020088089, 43.249690064033089 ], [ -2.085548824920358, 43.248882472200037 ], [ -2.085831162145164, 43.248322634099274 ], [ -2.084238128188903, 43.246357294034823 ], [ -2.085186698499658, 43.245561526189107 ], [ -2.084521674282887, 43.244251938034601 ], [ -2.085279126461351, 43.243506479947833 ], [ -2.083585417127004, 43.242644569873185 ], [ -2.080705295291094, 43.242823722739693 ], [ -2.080661856139264, 43.242084338967075 ], [ -2.086049333418696, 43.240989550117739 ], [ -2.086584994962744, 43.241922690332252 ], [ -2.088309007815991, 43.24077276109842 ], [ -2.088517210259651, 43.238686499143277 ], [ -2.098556958291845, 43.23117180867947 ], [ -2.10176947627292, 43.230094216013008 ], [ -2.10503322620252, 43.229679531514464 ], [ -2.108857349672874, 43.229986851344563 ], [ -2.108799140370127, 43.228393252119403 ], [ -2.114869318486233, 43.227678792184015 ], [ -2.119907111713655, 43.225742616554705 ], [ -2.121606056960625, 43.224708812075257 ], [ -2.125215905210932, 43.22376815693039 ], [ -2.128546351211802, 43.223370180754678 ], [ -2.129154870474116, 43.221882662253059 ], [ -2.131325515079546, 43.221656841243458 ], [ -2.13113609510762, 43.219066140421752 ], [ -2.132313523239627, 43.218972561707545 ], [ -2.134348719860136, 43.217774312693315 ], [ -2.135176913132708, 43.215259499694021 ], [ -2.136829713829437, 43.213494756616356 ], [ -2.13688071361522, 43.212397031341247 ], [ -2.139038076335385, 43.211681822810192 ], [ -2.144957304475928, 43.210683283996822 ], [ -2.148418867177193, 43.207698459023938 ], [ -2.1472408624287, 43.205100683938937 ], [ -2.151712748400513, 43.20107674107954 ], [ -2.150514583377072, 43.197094471503185 ], [ -2.148232943559134, 43.194104987079008 ], [ -2.152011982894353, 43.193270300027436 ], [ -2.155671282242551, 43.194952173921074 ], [ -2.157258433810255, 43.194677372676722 ], [ -2.158694425692845, 43.1950372917618 ], [ -2.159266009615277, 43.19643187093827 ], [ -2.16113296630805, 43.197653058995883 ], [ -2.165651637260846, 43.204540791718436 ], [ -2.16949402400398, 43.206016248274416 ], [ -2.173605826076611, 43.208971859940625 ], [ -2.177847825371139, 43.210090336616574 ], [ -2.180709324027003, 43.210295101890082 ], [ -2.183242564255457, 43.211442617104204 ], [ -2.184166073575541, 43.212611659247187 ], [ -2.18511035393739, 43.21267293639287 ], [ -2.186150416579595, 43.213711871451153 ], [ -2.189089421232969, 43.214248204496947 ], [ -2.189299755105002, 43.215242804913814 ], [ -2.18992532499666, 43.215577762691062 ], [ -2.191345058187063, 43.217849106762003 ], [ -2.192755736616169, 43.217935292868191 ], [ -2.192478342839026, 43.218592628675424 ], [ -2.193140070501748, 43.220168631068987 ], [ -2.195574678726418, 43.221644589068333 ], [ -2.195891671394307, 43.222207682518089 ], [ -2.19914870276921, 43.223623758301137 ], [ -2.199522199222013, 43.225071628112815 ], [ -2.200285966710898, 43.225599480010352 ], [ -2.200882087147028, 43.227010908508511 ], [ -2.200402691457087, 43.228355499061671 ], [ -2.201259482618464, 43.229802564652466 ], [ -2.20062751028878, 43.230438920858262 ], [ -2.201328035432631, 43.231045069273215 ], [ -2.202346772173736, 43.231249821743106 ], [ -2.203263677248065, 43.233175372038794 ], [ -2.202838490028841, 43.234063471118738 ], [ -2.203919232645952, 43.235396877450846 ], [ -2.203630094995442, 43.236417867557314 ], [ -2.204159034115655, 43.236996109116973 ], [ -2.20565609419068, 43.23742245335071 ], [ -2.206187320288877, 43.238195809803699 ], [ -2.206093626077061, 43.239011824525427 ], [ -2.207368772265333, 43.239635447654337 ], [ -2.208131975683416, 43.24122767354902 ], [ -2.20970372918506, 43.241378803239812 ], [ -2.209408827746463, 43.242497779198267 ], [ -2.210295260193811, 43.243214671840157 ], [ -2.209953564000442, 43.244909575679344 ], [ -2.210661274706638, 43.245402160362808 ], [ -2.210103862265751, 43.245747733534081 ], [ -2.210301084898302, 43.246536595820544 ], [ -2.211034553464741, 43.247350307604613 ], [ -2.21262892467215, 43.247645385196861 ], [ -2.210735815182197, 43.250137676551169 ], [ -2.21038114290564, 43.2518415955807 ], [ -2.207221989938362, 43.254752299789658 ], [ -2.215833706269934, 43.260105640970743 ], [ -2.208579442481295, 43.26583749376757 ], [ -2.206671869142909, 43.269340428351789 ], [ -2.204723533714358, 43.268619397525924 ], [ -2.20255678489783, 43.270350288402916 ], [ -2.202043441586035, 43.27000045417789 ], [ -2.19873644840451, 43.273520874340733 ], [ -2.196218450397834, 43.27370850388602 ], [ -2.19655157673812, 43.2744167331197 ], [ -2.193668623507884, 43.275879035949821 ], [ -2.190530261880486, 43.274448982101191 ], [ -2.190833236412019, 43.271968318945284 ], [ -2.1864049450545, 43.271412860520698 ], [ -2.18647871901077, 43.270703180256483 ], [ -2.185622161983117, 43.271260562688084 ], [ -2.185500419649776, 43.272354902517201 ], [ -2.183442828663772, 43.272407028545963 ], [ -2.183408783778584, 43.273385322886995 ], [ -2.183036929510204, 43.273379792421899 ], [ -2.181101474143679, 43.271242322069874 ], [ -2.181356063490604, 43.270287857113814 ], [ -2.180316928242335, 43.268760611371953 ], [ -2.180577238768225, 43.265742240764446 ], [ -2.179607666479176, 43.2630219067469 ], [ -2.178296694123882, 43.261585355666504 ], [ -2.18040388350907, 43.259172580710462 ], [ -2.181557449520523, 43.257247965128393 ], [ -2.181180009370472, 43.256607106887571 ], [ -2.181577076987261, 43.255672498277114 ], [ -2.183812396491193, 43.253482403558039 ], [ -2.184099802155358, 43.252216750935055 ], [ -2.18537581391776, 43.250306752804889 ], [ -2.181651930284008, 43.247363381396724 ], [ -2.184983460490582, 43.245689764448997 ], [ -2.188014825970635, 43.244985049121958 ], [ -2.189569008790949, 43.244140433839952 ], [ -2.189459311503281, 43.243423985138506 ], [ -2.185372779706538, 43.243185183761689 ], [ -2.178995477932205, 43.243949216150824 ], [ -2.175392888569058, 43.248919096532042 ], [ -2.169676569160623, 43.254952244486987 ], [ -2.167006690818739, 43.256971642592049 ], [ -2.165193906788561, 43.257833638746526 ], [ -2.164202652334478, 43.257874081455491 ], [ -2.163368457095636, 43.258836596867098 ], [ -2.161677384142837, 43.259162650810573 ], [ -2.159899804580789, 43.260189025228783 ], [ -2.160318905196614, 43.260757823087197 ], [ -2.160008110142548, 43.262061885131182 ], [ -2.151020381273868, 43.262757086791723 ], [ -2.148474662235722, 43.262202305600887 ], [ -2.141351872152375, 43.279618976168805 ], [ -2.144540049235366, 43.280975930926047 ], [ -2.143180606928142, 43.282124141187786 ], [ -2.143702848482406, 43.289756333455053 ], [ -2.141661032264009, 43.291318332633367 ], [ -2.142646242783761, 43.293320764610918 ], [ -2.134239238716439, 43.291293632814252 ], [ -2.133848943118402, 43.292577130564048 ], [ -2.13225907983332, 43.293646019369987 ], [ -2.131977877967966, 43.293408295657883 ], [ -2.13303186296605, 43.292667947228018 ], [ -2.133389060885444, 43.291561997611851 ], [ -2.132878850470594, 43.289843407084405 ], [ -2.132270591985308, 43.290167697765888 ] ], [ [ -2.116300448391043, 43.244684035880553 ], [ -2.11683730448601, 43.243037839028645 ], [ -2.115959887671474, 43.242116804121103 ], [ -2.116611812406738, 43.24064591855403 ], [ -2.115814363852857, 43.239342538502619 ], [ -2.113155691225804, 43.238467084121034 ], [ -2.114769927269069, 43.237815991966791 ], [ -2.115110124999797, 43.237278988230379 ], [ -2.112420682555384, 43.237086185645353 ], [ -2.112363461411717, 43.238352593678606 ], [ -2.111494169562558, 43.238895371388288 ], [ -2.113038283753217, 43.240671839748615 ], [ -2.111579612366327, 43.242888932666489 ], [ -2.113346487349256, 43.243210733632424 ], [ -2.116300448391043, 43.244684035880553 ] ], [ [ -2.107887890404244, 43.238876934716579 ], [ -2.109324542335695, 43.237909009857951 ], [ -2.109446027176375, 43.236952233193293 ], [ -2.112164837787523, 43.236742380169936 ], [ -2.110269311408212, 43.235797160686737 ], [ -2.110834162559896, 43.234914256092253 ], [ -2.110235789537803, 43.234413886498871 ], [ -2.108762655070585, 43.235727673473043 ], [ -2.106855508960716, 43.235733370695002 ], [ -2.108257955600271, 43.237303849664947 ], [ -2.107887890404244, 43.238876934716579 ] ], [ [ -2.197862143016098, 43.257514651078004 ], [ -2.199193175222617, 43.261777996328846 ], [ -2.201517266546668, 43.265747901646719 ], [ -2.202330353248628, 43.265707867174712 ], [ -2.207005980972311, 43.262501658613658 ], [ -2.203469291093295, 43.2573805124579 ], [ -2.197862143016098, 43.257514651078004 ] ], [ [ -2.194406909908406, 43.269321718135039 ], [ -2.191195653739037, 43.269079497287528 ], [ -2.188394326765362, 43.270126271624484 ], [ -2.18939705375599, 43.270084223147343 ], [ -2.190172585176778, 43.271018523677917 ], [ -2.192328988296622, 43.27073759991243 ], [ -2.19389106983942, 43.271674031596234 ], [ -2.193770030505043, 43.272079452826169 ], [ -2.196048666155059, 43.271866687541177 ], [ -2.197546798467378, 43.271332467401322 ], [ -2.198220190080557, 43.270016265741681 ], [ -2.195451560158543, 43.268883522554397 ], [ -2.194406909908406, 43.269321718135039 ] ] ] } },
{ "type": "Feature", "properties": { "municipality_code": "20017", "municipality_name": "Azkoitia", "population_total": 12084, "population_65_plus": 2520, "population_75_plus": 1253, "pct_65_plus": 20.854, "pct_75_plus": 10.369, "reference_period": "2025-01-01", "source_id": "G360_DERIVED_MUNICIPAL_METRICS_V1", "area_km2": 55.199511478692251, "services_hospital": 0, "services_mental_health": 0, "services_other_health": 0, "services_primary_care": 1, "services_total": 1, "primary_care_per_10000_65_plus": 3.968, "primary_care_per_10000_75_plus": 7.981, "hospital_per_10000_65_plus": 0.0, "hospital_per_10000_75_plus": 0.0, "mental_health_per_10000_65_plus": 0.0, "mental_health_per_10000_75_plus": 0.0, "other_health_per_10000_65_plus": 0.0, "other_health_per_10000_75_plus": 0.0, "representative_point_longitude": -2.3291954, "representative_point_latitude": 43.1749358, "distance_to_nearest_primary_care_m": 1157.2, "distance_to_nearest_hospital_m": 9527.8, "distance_to_nearest_mental_health_m": 5027.6, "distance_to_nearest_other_health_m": 27348.2, "metrics_reference_period": "demography=2025-01-01;services=2026-09-20;geography=2025-05-07", "source_ids": "EUSTAT_EMH_2025|ODE_HEALTH_CENTRES_2026|GEOEUSKADI_MUNICIPIOS_2025" }, "geometry": { "type": "Polygon", "coordinates": [ [ [ -2.319662149471947, 43.221549512710062 ], [ -2.310656161052988, 43.218175474936395 ], [ -2.308017428854941, 43.216422743452149 ], [ -2.302893714170859, 43.214729952406479 ], [ -2.300592736521765, 43.213292837884666 ], [ -2.291713858635289, 43.201105118525533 ], [ -2.293774400653963, 43.197238330575644 ], [ -2.290401296007944, 43.19055871446119 ], [ -2.290041142793444, 43.187817019929383 ], [ -2.289359371233418, 43.187561584284502 ], [ -2.29084561077941, 43.185285877037693 ], [ -2.290822662000865, 43.1837961656489 ], [ -2.291750635431809, 43.182265268654994 ], [ -2.291728213151756, 43.180176201244358 ], [ -2.29077969515435, 43.178953525262834 ], [ -2.292595088776154, 43.178661784038965 ], [ -2.2916276436804, 43.1752743012797 ], [ -2.291965211864177, 43.173643438865064 ], [ -2.298491092037935, 43.174656743239737 ], [ -2.299598429506528, 43.172646788232065 ], [ -2.297746590130113, 43.172799710553825 ], [ -2.297168918020229, 43.17151353225384 ], [ -2.2977718724158, 43.171263182954895 ], [ -2.296945565341787, 43.170177652111605 ], [ -2.296101930154467, 43.170201838398761 ], [ -2.295947951057142, 43.168849039619218 ], [ -2.294871580718218, 43.168270463253371 ], [ -2.294565353255889, 43.16672362520935 ], [ -2.295028645128748, 43.166514940491588 ], [ -2.294463719760456, 43.166323429289257 ], [ -2.293990951811285, 43.165096780774789 ], [ -2.295151177845943, 43.164632434868913 ], [ -2.293574290436132, 43.162648292697007 ], [ -2.294556667026261, 43.161846723541309 ], [ -2.291145232712493, 43.160082078511728 ], [ -2.293080946464459, 43.158026107729512 ], [ -2.293021993294524, 43.155161711648446 ], [ -2.293967809056219, 43.153261633561961 ], [ -2.293656494544579, 43.151414018863434 ], [ -2.291729479206449, 43.150308506533243 ], [ -2.29269263496483, 43.148347369623302 ], [ -2.292251538548485, 43.146546856423001 ], [ -2.292461394693896, 43.145907422217135 ], [ -2.293645911795657, 43.145276999342215 ], [ -2.297528544758245, 43.144017134125967 ], [ -2.297571326870225, 43.141406000749953 ], [ -2.303479536594393, 43.139682559264855 ], [ -2.304574087109556, 43.136912515442305 ], [ -2.304481601459929, 43.134014369344975 ], [ -2.306622047077484, 43.131188702669284 ], [ -2.317133977506157, 43.131167546321237 ], [ -2.319120966935046, 43.130744093564878 ], [ -2.31970657844777, 43.131552609649482 ], [ -2.321799802133604, 43.131973675625986 ], [ -2.323619063685129, 43.131094586123801 ], [ -2.324542716868615, 43.131323002351955 ], [ -2.328410933217683, 43.130310485569652 ], [ -2.33041034788131, 43.129358235092873 ], [ -2.334007161795443, 43.125623394962069 ], [ -2.335462887562506, 43.122338513532171 ], [ -2.336766161111664, 43.120714394944727 ], [ -2.34196649364665, 43.119905968170023 ], [ -2.344957968192802, 43.122621383010092 ], [ -2.347706677893438, 43.123826064519328 ], [ -2.347658567123249, 43.124576882510254 ], [ -2.350064048866876, 43.126025456982141 ], [ -2.349976335167701, 43.127489156572899 ], [ -2.350886417327578, 43.128657395779378 ], [ -2.350594198675219, 43.129977398925654 ], [ -2.351664922731406, 43.130613223041429 ], [ -2.351103248072312, 43.131559254174036 ], [ -2.351777074109194, 43.132797463791952 ], [ -2.354495088182216, 43.132936708601534 ], [ -2.358731518228607, 43.132499394878714 ], [ -2.359291733185224, 43.132724879934685 ], [ -2.35821179504483, 43.138269897408122 ], [ -2.365273650689594, 43.142501399803763 ], [ -2.366035811260424, 43.149138130860301 ], [ -2.365082485370125, 43.149918190806588 ], [ -2.362967403724346, 43.150453076102615 ], [ -2.361821466145932, 43.152265885967786 ], [ -2.364385501461427, 43.156964655282991 ], [ -2.364333763322663, 43.159611425425986 ], [ -2.360831661697723, 43.165173610165851 ], [ -2.364646433670624, 43.168760331774621 ], [ -2.36547577079302, 43.170024729166258 ], [ -2.366406234982413, 43.17395157582876 ], [ -2.36616367392542, 43.174542178561786 ], [ -2.367495902695389, 43.176634966904842 ], [ -2.366953646711027, 43.17852470288932 ], [ -2.365600875088146, 43.179594025558252 ], [ -2.366582039175065, 43.181085338103408 ], [ -2.367029990702788, 43.183013876669925 ], [ -2.366190110073402, 43.185511018567276 ], [ -2.364744170997779, 43.185780277212821 ], [ -2.362473347354169, 43.187120723440529 ], [ -2.360426262926258, 43.191502816011528 ], [ -2.361733302043839, 43.194546233292904 ], [ -2.363657388772947, 43.19587807936562 ], [ -2.365321374958996, 43.199676467002519 ], [ -2.361880490618557, 43.203126403646046 ], [ -2.357325089687383, 43.209377077806167 ], [ -2.359685428351325, 43.211646427354466 ], [ -2.359755628588411, 43.213671031470035 ], [ -2.356108826984133, 43.213847398926056 ], [ -2.354513639132949, 43.212921324046235 ], [ -2.353632684036863, 43.212834423283873 ], [ -2.35268451022334, 43.213053271491823 ], [ -2.351335666103441, 43.21417915490796 ], [ -2.350417104682365, 43.214170639020843 ], [ -2.348375330719881, 43.215516669784314 ], [ -2.347106440463152, 43.21727459895785 ], [ -2.342723410548301, 43.216314318017183 ], [ -2.342016094735729, 43.217205309369938 ], [ -2.338917246739468, 43.219262965979929 ], [ -2.338759957202745, 43.223639900162041 ], [ -2.334812819092749, 43.227527377975854 ], [ -2.335085401522434, 43.229164709849293 ], [ -2.332262982944656, 43.230152725114976 ], [ -2.319662149471947, 43.221549512710062 ] ] ] } },
{ "type": "Feature", "properties": { "municipality_code": "20018", "municipality_name": "Azpeitia", "population_total": 15431, "population_65_plus": 3484, "population_75_plus": 1780, "pct_65_plus": 22.578, "pct_75_plus": 11.535, "reference_period": "2025-01-01", "source_id": "G360_DERIVED_MUNICIPAL_METRICS_V1", "area_km2": 69.221719513822393, "services_hospital": 0, "services_mental_health": 1, "services_other_health": 0, "services_primary_care": 4, "services_total": 5, "primary_care_per_10000_65_plus": 11.481, "primary_care_per_10000_75_plus": 22.472, "hospital_per_10000_65_plus": 0.0, "hospital_per_10000_75_plus": 0.0, "mental_health_per_10000_65_plus": 2.87, "mental_health_per_10000_75_plus": 5.618, "other_health_per_10000_65_plus": 0.0, "other_health_per_10000_75_plus": 0.0, "representative_point_longitude": -2.257571, "representative_point_latitude": 43.1653067, "distance_to_nearest_primary_care_m": 1406.8, "distance_to_nearest_hospital_m": 10002.2, "distance_to_nearest_mental_health_m": 1981.0, "distance_to_nearest_other_health_m": 22529.2, "metrics_reference_period": "demography=2025-01-01;services=2026-09-20;geography=2025-05-07", "source_ids": "EUSTAT_EMH_2025|ODE_HEALTH_CENTRES_2026|GEOEUSKADI_MUNICIPIOS_2025" }, "geometry": { "type": "Polygon", "coordinates": [ [ [ -2.257941804455206, 43.225198985712787 ], [ -2.255769029111622, 43.219355457184506 ], [ -2.256465121357342, 43.217356135030023 ], [ -2.258985229279411, 43.214795574631495 ], [ -2.257679483332788, 43.213568653033732 ], [ -2.256500783332095, 43.213225817279508 ], [ -2.253858741977549, 43.213455598485872 ], [ -2.253853767983534, 43.215358130114801 ], [ -2.252389736136193, 43.216095480217227 ], [ -2.253203270508789, 43.217007529331809 ], [ -2.250116735692889, 43.216999756965365 ], [ -2.24757979249812, 43.215903336583068 ], [ -2.245400249244703, 43.215563550644639 ], [ -2.242786031318368, 43.213863460158692 ], [ -2.241394180657362, 43.212383410657218 ], [ -2.238598706099336, 43.211678284324719 ], [ -2.236682364339398, 43.209653177936325 ], [ -2.234679761768726, 43.20863779029019 ], [ -2.23168776538051, 43.205644802574255 ], [ -2.228100659067248, 43.197183899276354 ], [ -2.23089226164753, 43.195238400447572 ], [ -2.227204273492764, 43.194895367016379 ], [ -2.222222411466994, 43.1914795204261 ], [ -2.221239122929792, 43.189959696241672 ], [ -2.219185436774182, 43.188621849537313 ], [ -2.218413618413872, 43.18687824216692 ], [ -2.221513215437229, 43.184879350995992 ], [ -2.222295525926549, 43.183906709515462 ], [ -2.222366455560115, 43.182349269528778 ], [ -2.223107022948863, 43.181283501116155 ], [ -2.225288023223825, 43.180316791814896 ], [ -2.226387476619969, 43.178953616295615 ], [ -2.22385350323624, 43.177713742038179 ], [ -2.224192855304483, 43.176583836941049 ], [ -2.222590008749538, 43.176485994975252 ], [ -2.22288352261521, 43.174940817513033 ], [ -2.221736938504913, 43.174342347288118 ], [ -2.222899390952835, 43.172449476949623 ], [ -2.224969042044655, 43.172034025707582 ], [ -2.226173658594266, 43.171049436751666 ], [ -2.222554340085642, 43.166510789533852 ], [ -2.220388772965075, 43.16465306423575 ], [ -2.215490055175855, 43.163328428695714 ], [ -2.208585867016919, 43.157230953302054 ], [ -2.204325430186472, 43.154538408729728 ], [ -2.2087406066252, 43.150668662241685 ], [ -2.211379022391502, 43.149579872116028 ], [ -2.214321780852589, 43.147324839126306 ], [ -2.217930714396353, 43.145815916109314 ], [ -2.220339664369959, 43.144310970628005 ], [ -2.223355701473419, 43.141285175762867 ], [ -2.224531789768843, 43.140945166432495 ], [ -2.226162096872484, 43.139013685820892 ], [ -2.232520774683446, 43.13672035626896 ], [ -2.233333867280788, 43.137135183646578 ], [ -2.233580762478904, 43.136310739977496 ], [ -2.232527281517998, 43.13333746339341 ], [ -2.230725979794849, 43.13152074174684 ], [ -2.230647289156515, 43.130475048232164 ], [ -2.229550491801456, 43.129771099410341 ], [ -2.228099531412923, 43.127837616775366 ], [ -2.226705888940095, 43.128002361688651 ], [ -2.224753248256477, 43.126825766872422 ], [ -2.224670485395243, 43.125690247384902 ], [ -2.226521728652437, 43.124281907021143 ], [ -2.225086104503368, 43.123339482704374 ], [ -2.227083949896076, 43.122305701164912 ], [ -2.226885488124449, 43.121935189742935 ], [ -2.225549401571754, 43.121552077803074 ], [ -2.226280459371914, 43.119830725546201 ], [ -2.225524844069652, 43.11849040816044 ], [ -2.22660901922054, 43.118146602745419 ], [ -2.228776974554124, 43.115786013641504 ], [ -2.227099090156402, 43.115264153885555 ], [ -2.22733587038966, 43.1141877900738 ], [ -2.228885801081538, 43.113401346736396 ], [ -2.231883745432624, 43.113199657582157 ], [ -2.233335384994297, 43.111918142437567 ], [ -2.235862692822112, 43.111279204384125 ], [ -2.237509045793694, 43.111260588179739 ], [ -2.239250918811435, 43.109658674923281 ], [ -2.241142501111776, 43.108513230625746 ], [ -2.241909394485254, 43.108489058166853 ], [ -2.241816732108969, 43.10734635967529 ], [ -2.242515392971377, 43.107010985615474 ], [ -2.247570601037078, 43.107204110776493 ], [ -2.249842019319896, 43.10572585231926 ], [ -2.252062718960378, 43.10548857722069 ], [ -2.254985242603764, 43.106032716110306 ], [ -2.25699974037334, 43.107161604616209 ], [ -2.259306006672898, 43.109420209832066 ], [ -2.266880735414504, 43.112838432515851 ], [ -2.268252779651644, 43.112674591860213 ], [ -2.271248552833934, 43.111281117769209 ], [ -2.275443600152168, 43.10669087188986 ], [ -2.28044422480649, 43.106712972186337 ], [ -2.283210810298627, 43.107207594561352 ], [ -2.287093470235, 43.111136182632087 ], [ -2.287128143445566, 43.114873057424397 ], [ -2.289547410253047, 43.118194598668715 ], [ -2.290869815493221, 43.119375234196525 ], [ -2.292863241869559, 43.119826917969299 ], [ -2.295992197236051, 43.123395745207134 ], [ -2.300220619332228, 43.126444701153098 ], [ -2.302537045921614, 43.127395348544091 ], [ -2.303918743543597, 43.127517313595767 ], [ -2.30482687080582, 43.130581779556749 ], [ -2.305442785697866, 43.13047746189963 ], [ -2.306622047077484, 43.131188702669284 ], [ -2.304481601459929, 43.134014369344975 ], [ -2.304574087109556, 43.136912515442305 ], [ -2.303479536594393, 43.139682559264855 ], [ -2.297571326870225, 43.141406000749953 ], [ -2.297528544758245, 43.144017134125967 ], [ -2.292461394693896, 43.145907422217135 ], [ -2.29269263496483, 43.148347369623302 ], [ -2.291729479206449, 43.150308506533243 ], [ -2.293656494544579, 43.151414018863434 ], [ -2.293967809056219, 43.153261633561961 ], [ -2.293021993294524, 43.155161711648446 ], [ -2.293080946464459, 43.158026107729512 ], [ -2.291145232712493, 43.160082078511728 ], [ -2.294556667026261, 43.161846723541309 ], [ -2.293574290436132, 43.162648292697007 ], [ -2.295151177845943, 43.164632434868913 ], [ -2.293990951811285, 43.165096780774789 ], [ -2.294463719760456, 43.166323429289257 ], [ -2.295028645128748, 43.166514940491588 ], [ -2.294565353255889, 43.16672362520935 ], [ -2.294871580718218, 43.168270463253371 ], [ -2.295947951057142, 43.168849039619218 ], [ -2.296101930154467, 43.170201838398761 ], [ -2.296945565341787, 43.170177652111605 ], [ -2.2977718724158, 43.171263182954895 ], [ -2.297168918020229, 43.17151353225384 ], [ -2.297746590130113, 43.172799710553825 ], [ -2.299598429506528, 43.172646788232065 ], [ -2.298491092037935, 43.174656743239737 ], [ -2.291965211864177, 43.173643438865064 ], [ -2.2916276436804, 43.1752743012797 ], [ -2.292595088776154, 43.178661784038965 ], [ -2.29077969515435, 43.178953525262834 ], [ -2.291728213151756, 43.180176201244358 ], [ -2.291750635431809, 43.182265268654994 ], [ -2.290822662000865, 43.1837961656489 ], [ -2.29084561077941, 43.185285877037693 ], [ -2.289359371233418, 43.187561584284502 ], [ -2.290041142793444, 43.187817019929383 ], [ -2.290401296007944, 43.19055871446119 ], [ -2.293774400653963, 43.197238330575644 ], [ -2.291713858635289, 43.201105118525533 ], [ -2.300592736521765, 43.213292837884666 ], [ -2.29805138161208, 43.21427561925762 ], [ -2.297759039158136, 43.214819367235151 ], [ -2.294899640300311, 43.216330847512047 ], [ -2.289755807502336, 43.222202375744125 ], [ -2.288644657243398, 43.222638397322498 ], [ -2.288211585698276, 43.223551545735013 ], [ -2.287013760335146, 43.222508765505111 ], [ -2.286631380531658, 43.221536801093251 ], [ -2.288139532972752, 43.218170262163227 ], [ -2.278986053468736, 43.216161519001389 ], [ -2.277382633651706, 43.216580331986584 ], [ -2.275522859401379, 43.218457800559442 ], [ -2.270654867735941, 43.221192408661416 ], [ -2.268062328096344, 43.221016557364941 ], [ -2.265699035804944, 43.221397384510908 ], [ -2.260283088973455, 43.223221285430149 ], [ -2.260784161430228, 43.223816166726792 ], [ -2.260348325103873, 43.224259680484288 ], [ -2.257941804455206, 43.225198985712787 ] ] ] } },
{ "type": "Feature", "properties": { "municipality_code": "20019", "municipality_name": "Beasain", "population_total": 13915, "population_65_plus": 3129, "population_75_plus": 1541, "pct_65_plus": 22.487, "pct_75_plus": 11.074, "reference_period": "2025-01-01", "source_id": "G360_DERIVED_MUNICIPAL_METRICS_V1", "area_km2": 29.942519839030371, "services_hospital": 0, "services_mental_health": 1, "services_other_health": 0, "services_primary_care": 3, "services_total": 4, "primary_care_per_10000_65_plus": 9.588, "primary_care_per_10000_75_plus": 19.468, "hospital_per_10000_65_plus": 0.0, "hospital_per_10000_75_plus": 0.0, "mental_health_per_10000_65_plus": 3.196, "mental_health_per_10000_75_plus": 6.489, "other_health_per_10000_65_plus": 0.0, "other_health_per_10000_75_plus": 0.0, "representative_point_longitude": -2.2165435, "representative_point_latitude": 43.0747736, "distance_to_nearest_primary_care_m": 3617.3, "distance_to_nearest_hospital_m": 7889.5, "distance_to_nearest_mental_health_m": 3361.9, "distance_to_nearest_other_health_m": 26639.9, "metrics_reference_period": "demography=2025-01-01;services=2026-09-20;geography=2025-05-07", "source_ids": "EUSTAT_EMH_2025|ODE_HEALTH_CENTRES_2026|GEOEUSKADI_MUNICIPIOS_2025" }, "geometry": { "type": "Polygon", "coordinates": [ [ [ -2.226444826443404, 43.114209193902731 ], [ -2.223639706596226, 43.114083064673387 ], [ -2.222689256225608, 43.113706606001266 ], [ -2.221846365484186, 43.114016288990747 ], [ -2.22134451896064, 43.113505029083626 ], [ -2.220339619181622, 43.113465435573218 ], [ -2.219392631465626, 43.112383336371927 ], [ -2.217546085123411, 43.112054640100382 ], [ -2.215834685750816, 43.110324588481369 ], [ -2.21157721228755, 43.10867886951366 ], [ -2.210662978355622, 43.107974669844552 ], [ -2.210401228794953, 43.107019239921073 ], [ -2.208307028251483, 43.10581978601391 ], [ -2.198824868643678, 43.102551995660129 ], [ -2.200466878795876, 43.100892486689702 ], [ -2.200252578487378, 43.099193530933903 ], [ -2.202544447466616, 43.091346554711762 ], [ -2.20645317922555, 43.088687569739243 ], [ -2.207300341407476, 43.086875623838708 ], [ -2.207227545793915, 43.085899259050557 ], [ -2.206266859988706, 43.083154299949619 ], [ -2.20283807706829, 43.080077205452426 ], [ -2.201412845874341, 43.079688981805951 ], [ -2.200387866886294, 43.078562171285981 ], [ -2.200450068954273, 43.077700612114732 ], [ -2.198912379681769, 43.076756837546981 ], [ -2.19699278055216, 43.076425538636535 ], [ -2.194035396781865, 43.074934865141778 ], [ -2.193078589269903, 43.074865117498881 ], [ -2.190931633729352, 43.072149538683263 ], [ -2.190517801270153, 43.07059159003613 ], [ -2.190989560027766, 43.069572695153973 ], [ -2.190054226657975, 43.068083837481446 ], [ -2.191631497358356, 43.066902124546417 ], [ -2.190290770273072, 43.065846587850025 ], [ -2.190719275040539, 43.063979430135483 ], [ -2.190177904173349, 43.063625394145525 ], [ -2.190071027790758, 43.062054755371477 ], [ -2.189376366694253, 43.061451173612596 ], [ -2.190370894821869, 43.061250818958413 ], [ -2.189807823851704, 43.06068880992548 ], [ -2.19034338899437, 43.059995544788734 ], [ -2.188053867529062, 43.057947237934108 ], [ -2.188100379038187, 43.056500475407546 ], [ -2.187218826668385, 43.055441973349964 ], [ -2.186867927902999, 43.052392270245619 ], [ -2.186219382700908, 43.051869695751144 ], [ -2.186176429210648, 43.047858027967621 ], [ -2.187502884136613, 43.047657133642822 ], [ -2.191104992810798, 43.048615699479456 ], [ -2.191522801967593, 43.047601023045985 ], [ -2.192356554920007, 43.042139084085662 ], [ -2.190556059062525, 43.041236301967885 ], [ -2.19547388210397, 43.039984177317514 ], [ -2.197378472521288, 43.039074019555116 ], [ -2.198289000569168, 43.039495386723623 ], [ -2.198744156082074, 43.037897734279589 ], [ -2.199733415901291, 43.037525637105269 ], [ -2.203783764739054, 43.038808731185874 ], [ -2.208490452000596, 43.039027079497032 ], [ -2.209648436025903, 43.041272419797998 ], [ -2.211582679033624, 43.042294578952607 ], [ -2.214137568410363, 43.043047014580168 ], [ -2.215875844675001, 43.043085075946962 ], [ -2.218610113873007, 43.040816580670331 ], [ -2.219734613705491, 43.035205428893995 ], [ -2.221350367239433, 43.035080330637768 ], [ -2.225325062143062, 43.035351663906674 ], [ -2.229084441969995, 43.036698840808363 ], [ -2.230656461113369, 43.035964618010397 ], [ -2.230120152901096, 43.039364413407199 ], [ -2.230513965161444, 43.040430182538806 ], [ -2.232200180470489, 43.041644214349873 ], [ -2.235591008867407, 43.042800625568212 ], [ -2.236089009699345, 43.044932314951446 ], [ -2.240857850499064, 43.045951452702162 ], [ -2.241610721984942, 43.048585616524313 ], [ -2.240722811952399, 43.050281341650368 ], [ -2.240944977126412, 43.051740913055255 ], [ -2.243460103518975, 43.052245621992789 ], [ -2.243576988923103, 43.053622936679595 ], [ -2.245248439215084, 43.05500303300326 ], [ -2.245446139155709, 43.056813131798677 ], [ -2.246989042280394, 43.060385679338232 ], [ -2.248374193769122, 43.061626562287465 ], [ -2.248685801748089, 43.062912945091334 ], [ -2.248068650679323, 43.065574065207137 ], [ -2.247395118256457, 43.066369888818294 ], [ -2.247694057379696, 43.067939539975704 ], [ -2.247161332861693, 43.067919052341423 ], [ -2.247622990346181, 43.069628432410227 ], [ -2.249641761607855, 43.072133620528419 ], [ -2.247254894788278, 43.073361408132804 ], [ -2.24249879469798, 43.073507686939536 ], [ -2.240199475108933, 43.074695027650392 ], [ -2.239985424040929, 43.077022419812479 ], [ -2.241977112000463, 43.078349306950599 ], [ -2.242257830182931, 43.079501648984156 ], [ -2.244306443592354, 43.081945921029515 ], [ -2.244365097147149, 43.086829402820193 ], [ -2.239335826109215, 43.089423080145131 ], [ -2.240646396171845, 43.091553337563539 ], [ -2.234928584723858, 43.093622932658675 ], [ -2.236645228712746, 43.094995355493111 ], [ -2.236812962007345, 43.095833933176294 ], [ -2.238089068401105, 43.097190550279358 ], [ -2.242992168914178, 43.098215987091059 ], [ -2.243598868560495, 43.099147309268147 ], [ -2.244486655480006, 43.099526866155315 ], [ -2.242418743126208, 43.101575322650049 ], [ -2.242295976992217, 43.104258298271382 ], [ -2.241798205446439, 43.104755001047138 ], [ -2.242483957312177, 43.106011694500921 ], [ -2.241808481751099, 43.10715369088701 ], [ -2.241919676272422, 43.108474936418467 ], [ -2.241142501111776, 43.108513230625746 ], [ -2.239250918811435, 43.109658674923281 ], [ -2.237413952495833, 43.111299338119174 ], [ -2.235862692822112, 43.111279204384125 ], [ -2.233335384994297, 43.111918142437567 ], [ -2.231883745432624, 43.113199657582157 ], [ -2.228885801081538, 43.113401346736396 ], [ -2.227004464072725, 43.114584234424839 ], [ -2.226444826443404, 43.114209193902731 ] ] ] } },
{ "type": "Feature", "properties": { "municipality_code": "20020", "municipality_name": "Beizama", "population_total": 101, "population_65_plus": 26, "population_75_plus": 14, "pct_65_plus": 25.743, "pct_75_plus": 13.861, "reference_period": "2025-01-01", "source_id": "G360_DERIVED_MUNICIPAL_METRICS_V1", "area_km2": 16.550786400367258, "services_hospital": 0, "services_mental_health": 0, "services_other_health": 0, "services_primary_care": 1, "services_total": 1, "primary_care_per_10000_65_plus": 384.615, "primary_care_per_10000_75_plus": 714.286, "hospital_per_10000_65_plus": 0.0, "hospital_per_10000_75_plus": 0.0, "mental_health_per_10000_65_plus": 0.0, "mental_health_per_10000_75_plus": 0.0, "other_health_per_10000_65_plus": 0.0, "other_health_per_10000_75_plus": 0.0, "representative_point_longitude": -2.2028857, "representative_point_latitude": 43.1269994, "distance_to_nearest_primary_care_m": 821.4, "distance_to_nearest_hospital_m": 10136.2, "distance_to_nearest_mental_health_m": 8034.9, "distance_to_nearest_other_health_m": 21543.3, "metrics_reference_period": "demography=2025-01-01;services=2026-09-20;geography=2025-05-07", "source_ids": "EUSTAT_EMH_2025|ODE_HEALTH_CENTRES_2026|GEOEUSKADI_MUNICIPIOS_2025" }, "geometry": { "type": "Polygon", "coordinates": [ [ [ -2.193302425682774, 43.148102052065667 ], [ -2.188709926195375, 43.143303158425304 ], [ -2.190152754880714, 43.139642210297801 ], [ -2.189585525637229, 43.138319619495334 ], [ -2.188358054466899, 43.136344267406685 ], [ -2.182384062621458, 43.132233266831705 ], [ -2.181230126722705, 43.1277854569284 ], [ -2.178178864711301, 43.12270628864249 ], [ -2.175633426019974, 43.121060713816036 ], [ -2.175663821846098, 43.119391886101006 ], [ -2.17843298015354, 43.116788602497635 ], [ -2.177897155390789, 43.115036463258548 ], [ -2.179698883637908, 43.113184400211779 ], [ -2.178109683489404, 43.112216320776575 ], [ -2.181130231366194, 43.1089500352264 ], [ -2.1824777484423, 43.106701168669829 ], [ -2.182180168207365, 43.106063123424001 ], [ -2.182605843525057, 43.104323733227957 ], [ -2.184332830026397, 43.103490390385751 ], [ -2.189835020722005, 43.103011250106135 ], [ -2.195497290343933, 43.105851353752385 ], [ -2.198824868643678, 43.102551995660129 ], [ -2.208307028251483, 43.10581978601391 ], [ -2.210401228794953, 43.107019239921073 ], [ -2.210662978355622, 43.107974669844552 ], [ -2.21157721228755, 43.10867886951366 ], [ -2.215834685750816, 43.110324588481369 ], [ -2.217546085123411, 43.112054640100382 ], [ -2.219392631465626, 43.112383336371927 ], [ -2.220295849771432, 43.113446385615283 ], [ -2.22134451896064, 43.113505029083626 ], [ -2.221846365484186, 43.114016288990747 ], [ -2.222689256225608, 43.113706606001266 ], [ -2.223704274302661, 43.114090947963589 ], [ -2.226095383602516, 43.114084807965185 ], [ -2.227004464072725, 43.114584234424839 ], [ -2.22725682607774, 43.115421603837383 ], [ -2.228697576327928, 43.115628738189109 ], [ -2.226947007428388, 43.117842956921798 ], [ -2.225524844069652, 43.11849040816044 ], [ -2.226280459371914, 43.119830725546201 ], [ -2.225549401571754, 43.121552077803074 ], [ -2.226885488124449, 43.121935189742935 ], [ -2.227083949896076, 43.122305701164912 ], [ -2.225086104503368, 43.123339482704374 ], [ -2.226521728652437, 43.124281907021143 ], [ -2.224670485395243, 43.125690247384902 ], [ -2.224753248256477, 43.126825766872422 ], [ -2.226705888940095, 43.128002361688651 ], [ -2.228099531412923, 43.127837616775366 ], [ -2.229550491801456, 43.129771099410341 ], [ -2.230647289156515, 43.130475048232164 ], [ -2.230725979794849, 43.13152074174684 ], [ -2.232527281517998, 43.13333746339341 ], [ -2.233578495212284, 43.136629316265378 ], [ -2.233333867280788, 43.137135183646578 ], [ -2.232520774683446, 43.13672035626896 ], [ -2.226162096872484, 43.139013685820892 ], [ -2.224531789768843, 43.140945166432495 ], [ -2.223355701473419, 43.141285175762867 ], [ -2.220339664369959, 43.144310970628005 ], [ -2.217930714396353, 43.145815916109314 ], [ -2.214321780852589, 43.147324839126306 ], [ -2.212658653228216, 43.148398628917441 ], [ -2.212584013569239, 43.148910436112239 ], [ -2.208868909057433, 43.150654171996443 ], [ -2.205150179716115, 43.151129468577352 ], [ -2.204107675412455, 43.150900196416607 ], [ -2.197221999778098, 43.151387393673822 ], [ -2.193302425682774, 43.148102052065667 ] ] ] } },
{ "type": "Feature", "properties": { "municipality_code": "20021", "municipality_name": "Belauntza", "population_total": 314, "population_65_plus": 75, "population_75_plus": 33, "pct_65_plus": 23.885, "pct_75_plus": 10.51, "reference_period": "2025-01-01", "source_id": "G360_DERIVED_MUNICIPAL_METRICS_V1", "area_km2": 3.4298050136647156, "services_hospital": 0, "services_mental_health": 0, "services_other_health": 0, "services_primary_care": 1, "services_total": 1, "primary_care_per_10000_65_plus": 133.333, "primary_care_per_10000_75_plus": 303.03, "hospital_per_10000_65_plus": 0.0, "hospital_per_10000_75_plus": 0.0, "mental_health_per_10000_65_plus": 0.0, "mental_health_per_10000_75_plus": 0.0, "other_health_per_10000_65_plus": 0.0, "other_health_per_10000_75_plus": 0.0, "representative_point_longitude": -2.0423724, "representative_point_latitude": 43.1365707, "distance_to_nearest_primary_care_m": 739.4, "distance_to_nearest_hospital_m": 18364.9, "distance_to_nearest_mental_health_m": 2980.4, "distance_to_nearest_other_health_m": 14334.6, "metrics_reference_period": "demography=2025-01-01;services=2026-09-20;geography=2025-05-07", "source_ids": "EUSTAT_EMH_2025|ODE_HEALTH_CENTRES_2026|GEOEUSKADI_MUNICIPIOS_2025" }, "geometry": { "type": "Polygon", "coordinates": [ [ [ -2.037683118774055, 43.143220027317106 ], [ -2.037226676769766, 43.143317707145201 ], [ -2.036211213625261, 43.141933440448639 ], [ -2.035126088516143, 43.142390096358056 ], [ -2.034076936331563, 43.142081772568389 ], [ -2.033604507441716, 43.140636993668082 ], [ -2.033856804022012, 43.138436083134458 ], [ -2.032435215874198, 43.139936683748616 ], [ -2.024463882436268, 43.133735409780371 ], [ -2.018974261387945, 43.135264183417178 ], [ -2.017851619235353, 43.133486164232934 ], [ -2.016589707507204, 43.129047595293187 ], [ -2.024265130583208, 43.127851664818905 ], [ -2.029667145440972, 43.130629896305962 ], [ -2.029936669547784, 43.131434932441422 ], [ -2.033108340274906, 43.130786077590869 ], [ -2.034303854458269, 43.129819180707898 ], [ -2.046654073485247, 43.131897254502334 ], [ -2.04769773363358, 43.12915072894365 ], [ -2.049524134530829, 43.128913637337213 ], [ -2.051916955180562, 43.130068995800073 ], [ -2.055678007321598, 43.134270849890143 ], [ -2.058259919421109, 43.133962955847238 ], [ -2.056757597936966, 43.135747294740412 ], [ -2.056934266739338, 43.137136949878197 ], [ -2.055410346671032, 43.13927794183455 ], [ -2.05341216694921, 43.139757252687993 ], [ -2.053524638376274, 43.141545319020565 ], [ -2.037368503949446, 43.145011798859933 ], [ -2.037683118774055, 43.143220027317106 ] ] ] } },
{ "type": "Feature", "properties": { "municipality_code": "20022", "municipality_name": "Berastegi", "population_total": 1088, "population_65_plus": 258, "population_75_plus": 92, "pct_65_plus": 23.713, "pct_75_plus": 8.456, "reference_period": "2025-01-01", "source_id": "G360_DERIVED_MUNICIPAL_METRICS_V1", "area_km2": 45.702360229118476, "services_hospital": 0, "services_mental_health": 0, "services_other_health": 0, "services_primary_care": 1, "services_total": 1, "primary_care_per_10000_65_plus": 38.76, "primary_care_per_10000_75_plus": 108.696, "hospital_per_10000_65_plus": 0.0, "hospital_per_10000_75_plus": 0.0, "mental_health_per_10000_65_plus": 0.0, "mental_health_per_10000_75_plus": 0.0, "other_health_per_10000_65_plus": 0.0, "other_health_per_10000_75_plus": 0.0, "representative_point_longitude": -1.957862, "representative_point_latitude": 43.1281243, "distance_to_nearest_primary_care_m": 1800.8, "distance_to_nearest_hospital_m": 18322.4, "distance_to_nearest_mental_health_m": 9895.5, "distance_to_nearest_other_health_m": 15809.2, "metrics_reference_period": "demography=2025-01-01;services=2026-09-20;geography=2025-05-07", "source_ids": "EUSTAT_EMH_2025|ODE_HEALTH_CENTRES_2026|GEOEUSKADI_MUNICIPIOS_2025" }, "geometry": { "type": "MultiPolygon", "coordinates": [ [ [ [ -1.961035148236135, 43.16463819519042 ], [ -1.960569081152883, 43.164244314225634 ], [ -1.959626861218501, 43.164224997170365 ], [ -1.959081482879476, 43.164885192499078 ], [ -1.958128561658762, 43.164888789023053 ], [ -1.957071045733096, 43.165690482400294 ], [ -1.956609017400234, 43.165148169307543 ], [ -1.954967159795677, 43.164835137603376 ], [ -1.954764715661755, 43.164339341713195 ], [ -1.952980022676293, 43.164214517912633 ], [ -1.953395233027022, 43.165031789290481 ], [ -1.952019373997285, 43.165698340876588 ], [ -1.951509968591468, 43.164714747544892 ], [ -1.951746915054606, 43.163925536208154 ], [ -1.951331964681962, 43.163785124388916 ], [ -1.949770403619713, 43.163957510352468 ], [ -1.949093222645529, 43.164508410064279 ], [ -1.94948574408416, 43.165241717006154 ], [ -1.948977646965493, 43.165566421671429 ], [ -1.948258134228665, 43.165372429861492 ], [ -1.947639485676861, 43.164422211240712 ], [ -1.946997546012086, 43.16522993406965 ], [ -1.945922872952174, 43.164772878780411 ], [ -1.945436504471966, 43.165121146898223 ], [ -1.944600144766644, 43.164735549076909 ], [ -1.944001653782263, 43.165235015128687 ], [ -1.943409004550819, 43.164911964385112 ], [ -1.943653964247908, 43.164288180739923 ], [ -1.942627959209633, 43.164555596190311 ], [ -1.94296976744293, 43.163961840261443 ], [ -1.942702027212852, 43.163085686619652 ], [ -1.941521872023709, 43.163042215393347 ], [ -1.940979007274012, 43.163367449002514 ], [ -1.93940677839102, 43.162694164798381 ], [ -1.938916797713081, 43.162938601275741 ], [ -1.939177861456945, 43.163490311808609 ], [ -1.938772545728153, 43.163784331992872 ], [ -1.937969329905893, 43.163182322185754 ], [ -1.937336018120564, 43.16340023136987 ], [ -1.936726596962805, 43.162987132868871 ], [ -1.935394911640687, 43.163970577901814 ], [ -1.934721557478883, 43.163893093300153 ], [ -1.933925327474217, 43.164418431249871 ], [ -1.933364662742355, 43.164475300105551 ], [ -1.932841004046426, 43.164046170538086 ], [ -1.932296658370956, 43.164489365861549 ], [ -1.93098474264309, 43.164449314225266 ], [ -1.929997674832556, 43.163975357959899 ], [ -1.928156333922177, 43.163844118764679 ], [ -1.927615011227702, 43.162036163068507 ], [ -1.925829264627325, 43.160799251045056 ], [ -1.924331988460896, 43.159007571148337 ], [ -1.923013450978207, 43.158548422457194 ], [ -1.918763334389418, 43.160138173240348 ], [ -1.917869805058165, 43.159812666580621 ], [ -1.920233670841041, 43.15015356162268 ], [ -1.917690690495885, 43.148393112097224 ], [ -1.914804762196978, 43.147571205164219 ], [ -1.911300228870865, 43.145972642675524 ], [ -1.908277640088091, 43.146019957925496 ], [ -1.905896097787911, 43.144886339006227 ], [ -1.903377064995193, 43.142346144405991 ], [ -1.901942212950599, 43.135802023440469 ], [ -1.904006355034457, 43.134439240762944 ], [ -1.904742836037518, 43.134605716631789 ], [ -1.909685196758995, 43.132112064345726 ], [ -1.91359200150962, 43.128930458966352 ], [ -1.915393324508459, 43.128622964043508 ], [ -1.916667445481015, 43.127866110031945 ], [ -1.918774254681565, 43.124973992386984 ], [ -1.921585915050445, 43.122374021939713 ], [ -1.921691013466573, 43.121316641620517 ], [ -1.921021212023442, 43.119884354192088 ], [ -1.924423560427048, 43.115166062130591 ], [ -1.926341268241335, 43.113553465926543 ], [ -1.929547795971242, 43.112929365362668 ], [ -1.933109819314391, 43.110144013174988 ], [ -1.93780303136027, 43.109417037361141 ], [ -1.938107803173467, 43.108912444179147 ], [ -1.939228168361759, 43.108655099203865 ], [ -1.939112276896219, 43.107548586389406 ], [ -1.937677107823217, 43.106585475700562 ], [ -1.938875348012311, 43.104828187736878 ], [ -1.941884355864072, 43.103628558932407 ], [ -1.944093871396004, 43.1034102752607 ], [ -1.945765962557457, 43.101435893973431 ], [ -1.947171838241616, 43.100843239778541 ], [ -1.9471251213783, 43.099986908158954 ], [ -1.948655551332341, 43.09980630079302 ], [ -1.948750022823416, 43.099201186951007 ], [ -1.947446634871223, 43.097670428870977 ], [ -1.949648273313642, 43.096932899275089 ], [ -1.95004269719502, 43.097221611449754 ], [ -1.950924071481206, 43.096809335719165 ], [ -1.95220632277675, 43.097236697692352 ], [ -1.955013462800635, 43.096482191239524 ], [ -1.957006033661172, 43.096315066549806 ], [ -1.957283414677924, 43.096653106756072 ], [ -1.962259584216194, 43.095379275250771 ], [ -1.965479639676688, 43.095424232174558 ], [ -1.968275314261657, 43.093976290631232 ], [ -1.971815834017284, 43.091273676817771 ], [ -1.97888919987178, 43.090104785658539 ], [ -1.981435875651177, 43.093329004587275 ], [ -1.988539442064849, 43.093446894013439 ], [ -1.993079135094024, 43.096559305713249 ], [ -1.996373030352221, 43.099728079927708 ], [ -1.997684703517476, 43.10307754443177 ], [ -2.00034941551434, 43.106594505772726 ], [ -2.001666835043284, 43.110854710231656 ], [ -2.001381937875824, 43.113176782626553 ], [ -2.001795602650406, 43.114371153447642 ], [ -2.003347585313966, 43.116113823647183 ], [ -2.005503930342857, 43.117368695480195 ], [ -2.004777871509341, 43.121346119552548 ], [ -1.993528181306794, 43.134855174509276 ], [ -1.982167549164586, 43.14553198887954 ], [ -1.980479056629536, 43.145726389553381 ], [ -1.978367048793723, 43.14668903111486 ], [ -1.975561852639876, 43.146722432336226 ], [ -1.972927807390441, 43.145532658894815 ], [ -1.971407135366494, 43.144366364989899 ], [ -1.96949275693035, 43.143872073442388 ], [ -1.968833648422606, 43.144510611328343 ], [ -1.968877322820231, 43.146401134611658 ], [ -1.967789836533037, 43.146715480877518 ], [ -1.96752767971277, 43.147511559429496 ], [ -1.966431335650266, 43.14751235705198 ], [ -1.965788467911815, 43.148143807209301 ], [ -1.965867086528636, 43.148746662482715 ], [ -1.964062351434226, 43.14897343404413 ], [ -1.963911196003995, 43.149311069169173 ], [ -1.964787906600589, 43.149929743992686 ], [ -1.964348837179993, 43.152422922799857 ], [ -1.964895249073622, 43.154086159358897 ], [ -1.963088396568158, 43.154270419681048 ], [ -1.962820757393691, 43.155092600811557 ], [ -1.965146767499983, 43.155691001747002 ], [ -1.965641404562738, 43.156859530185713 ], [ -1.966920423346935, 43.156003713546461 ], [ -1.967574266424488, 43.15600450562178 ], [ -1.968787824220664, 43.157582655550399 ], [ -1.968613898277343, 43.158044061277103 ], [ -1.967872768666527, 43.1581954224622 ], [ -1.965424852776686, 43.157405042625001 ], [ -1.96621215995485, 43.159162541252911 ], [ -1.965023103245052, 43.159979000354305 ], [ -1.964841964635579, 43.160743758581717 ], [ -1.966564564401324, 43.161259029292935 ], [ -1.966906239564815, 43.162855829558467 ], [ -1.968796387217175, 43.162900254871147 ], [ -1.969556254177775, 43.163632977843065 ], [ -1.968602799744559, 43.164391607574181 ], [ -1.96355974644868, 43.164760143887577 ], [ -1.963466521795171, 43.166160768806193 ], [ -1.96288826616905, 43.166481099626793 ], [ -1.9617297650056, 43.166371720495235 ], [ -1.960657602658735, 43.165774805492362 ], [ -1.961035148236135, 43.16463819519042 ] ] ], [ [ [ -1.983623846417059, 43.188854031684635 ], [ -1.98815294295384, 43.182249536060581 ], [ -1.990723904360865, 43.176993511324689 ], [ -1.993614861643004, 43.174348917146553 ], [ -1.996775526977943, 43.1698307394186 ], [ -2.00286908542913, 43.159655266456419 ], [ -2.006593829696818, 43.152602644950413 ], [ -2.006678662207583, 43.15158154738905 ], [ -2.007712569876888, 43.151505765623341 ], [ -2.010928613662799, 43.149852713460611 ], [ -2.012908276314375, 43.147587140893393 ], [ -2.012761058172893, 43.146802455716454 ], [ -2.0115054488817, 43.145948928895308 ], [ -2.011061999933551, 43.143879219962706 ], [ -2.010433199419228, 43.1434424282265 ], [ -2.011580426829792, 43.141899713742397 ], [ -2.010560421317703, 43.139478565528897 ], [ -2.013103890161943, 43.135829219891029 ], [ -2.017456254296238, 43.133543002698396 ], [ -2.016589707507204, 43.129047595293187 ], [ -2.017851619235353, 43.133486164232934 ], [ -2.018974261387945, 43.135264183417178 ], [ -2.020692483893154, 43.141948917814794 ], [ -2.020693048792835, 43.143742359138699 ], [ -2.01790154929047, 43.145839555972088 ], [ -2.017897701402406, 43.147805754264539 ], [ -2.017255589543849, 43.148643852262126 ], [ -2.015774690724281, 43.149107938119919 ], [ -2.015246241177344, 43.149795479152502 ], [ -2.014337742756252, 43.149697593764863 ], [ -2.012973795377976, 43.150503718787718 ], [ -2.013010143618316, 43.151260571187834 ], [ -2.01462839727481, 43.152404310841725 ], [ -2.014667176352365, 43.153680531170309 ], [ -2.013117809406944, 43.155173538751932 ], [ -2.011858860823557, 43.155761596491033 ], [ -2.010989209427087, 43.159628081562758 ], [ -2.007763445153911, 43.165019083547399 ], [ -2.004896682191288, 43.166094362595103 ], [ -2.003003785991325, 43.167509598717942 ], [ -2.002622961063665, 43.168935610858355 ], [ -2.003396691537813, 43.170010999379222 ], [ -2.00332206227817, 43.172136289689767 ], [ -2.00493284219105, 43.173915494770917 ], [ -2.004799464431525, 43.174993560912966 ], [ -2.004033746983876, 43.175209893014184 ], [ -2.0027769057608, 43.176991210203468 ], [ -2.001289809790246, 43.17778698781121 ], [ -1.999741174953065, 43.177966510203831 ], [ -1.998169783681842, 43.178663440492087 ], [ -1.996235132213042, 43.180834361711753 ], [ -1.994252434324156, 43.181013072663639 ], [ -1.995976330437041, 43.18281030910623 ], [ -1.996654783197267, 43.184222578453671 ], [ -1.996045814759717, 43.186829163881548 ], [ -1.993792487764781, 43.187239953821582 ], [ -1.990559186127673, 43.186901743647219 ], [ -1.987421401892692, 43.187445649973341 ], [ -1.983623846417059, 43.188854031684635 ] ] ] ] } },
{ "type": "Feature", "properties": { "municipality_code": "20023", "municipality_name": "Berrobi", "population_total": 588, "population_65_plus": 115, "population_75_plus": 61, "pct_65_plus": 19.558, "pct_75_plus": 10.374, "reference_period": "2025-01-01", "source_id": "G360_DERIVED_MUNICIPAL_METRICS_V1", "area_km2": 2.9581461193190455, "services_hospital": 0, "services_mental_health": 0, "services_other_health": 0, "services_primary_care": 1, "services_total": 1, "primary_care_per_10000_65_plus": 86.957, "primary_care_per_10000_75_plus": 163.934, "hospital_per_10000_65_plus": 0.0, "hospital_per_10000_75_plus": 0.0, "mental_health_per_10000_65_plus": 0.0, "mental_health_per_10000_75_plus": 0.0, "other_health_per_10000_65_plus": 0.0, "other_health_per_10000_75_plus": 0.0, "representative_point_longitude": -2.0277955, "representative_point_latitude": 43.1457477, "distance_to_nearest_primary_care_m": 49.5, "distance_to_nearest_hospital_m": 17033.6, "distance_to_nearest_mental_health_m": 4297.5, "distance_to_nearest_other_health_m": 13185.0, "metrics_reference_period": "demography=2025-01-01;services=2026-09-20;geography=2025-05-07", "source_ids": "EUSTAT_EMH_2025|ODE_HEALTH_CENTRES_2026|GEOEUSKADI_MUNICIPIOS_2025" }, "geometry": { "type": "Polygon", "coordinates": [ [ [ -2.011508368864228, 43.15752957165239 ], [ -2.011858860823557, 43.155761596491033 ], [ -2.013117809406944, 43.155173538751932 ], [ -2.014689761021085, 43.153608984756012 ], [ -2.01462839727481, 43.152404310841725 ], [ -2.013010143618316, 43.151260571187834 ], [ -2.012973795377976, 43.150503718787718 ], [ -2.014337742756252, 43.149697593764863 ], [ -2.015246241177344, 43.149795479152502 ], [ -2.015774690724281, 43.149107938119919 ], [ -2.017255589543849, 43.148643852262126 ], [ -2.017897701402406, 43.147805754264539 ], [ -2.01790154929047, 43.145839555972088 ], [ -2.020693048792835, 43.143742359138699 ], [ -2.020692483893154, 43.141948917814794 ], [ -2.018974261387945, 43.135264183417178 ], [ -2.024463882436268, 43.133735409780371 ], [ -2.032435215874198, 43.139936683748616 ], [ -2.033856804022012, 43.138436083134458 ], [ -2.033604507441716, 43.140636993668082 ], [ -2.034076936331563, 43.142081772568389 ], [ -2.035126088516143, 43.142390096358056 ], [ -2.036211213625261, 43.141933440448639 ], [ -2.037226676769766, 43.143317707145201 ], [ -2.037683118774055, 43.143220027317106 ], [ -2.037403779044572, 43.147617177067154 ], [ -2.038150344771096, 43.148315931918702 ], [ -2.036125457083279, 43.148825624790803 ], [ -2.034079980218175, 43.150536704267822 ], [ -2.033723150830608, 43.151531806525249 ], [ -2.030415929776756, 43.152338001026223 ], [ -2.025107473957152, 43.154813917271902 ], [ -2.011508368864228, 43.15752957165239 ] ] ] } },
{ "type": "Feature", "properties": { "municipality_code": "20024", "municipality_name": "Bidania-Goiatz", "population_total": 528, "population_65_plus": 103, "population_75_plus": 45, "pct_65_plus": 19.508, "pct_75_plus": 8.523, "reference_period": "2025-01-01", "source_id": "G360_DERIVED_MUNICIPAL_METRICS_V1", "area_km2": 13.741467757052447, "services_hospital": 0, "services_mental_health": 0, "services_other_health": 0, "services_primary_care": 1, "services_total": 1, "primary_care_per_10000_65_plus": 97.087, "primary_care_per_10000_75_plus": 222.222, "hospital_per_10000_65_plus": 0.0, "hospital_per_10000_75_plus": 0.0, "mental_health_per_10000_65_plus": 0.0, "mental_health_per_10000_75_plus": 0.0, "other_health_per_10000_65_plus": 0.0, "other_health_per_10000_75_plus": 0.0, "representative_point_longitude": -2.1669964, "representative_point_latitude": 43.1387285, "distance_to_nearest_primary_care_m": 535.5, "distance_to_nearest_hospital_m": 13326.6, "distance_to_nearest_mental_health_m": 7161.1, "distance_to_nearest_other_health_m": 18594.0, "metrics_reference_period": "demography=2025-01-01;services=2026-09-20;geography=2025-05-07", "source_ids": "EUSTAT_EMH_2025|ODE_HEALTH_CENTRES_2026|GEOEUSKADI_MUNICIPIOS_2025" }, "geometry": { "type": "MultiPolygon", "coordinates": [ [ [ [ -2.147871311807361, 43.167820043894629 ], [ -2.144434231099619, 43.165885082159456 ], [ -2.139001468562173, 43.159944069826622 ], [ -2.137696050643278, 43.155183139294245 ], [ -2.13724118878177, 43.151364204369457 ], [ -2.139149057741312, 43.149395991748321 ], [ -2.141974171703096, 43.143291253191499 ], [ -2.142226982559775, 43.142149269341417 ], [ -2.141528656033846, 43.140258426615254 ], [ -2.149568437509048, 43.134915944074166 ], [ -2.152685943761369, 43.131284289424613 ], [ -2.156183758398743, 43.118838633194308 ], [ -2.163972899816021, 43.112720472415177 ], [ -2.164476977828807, 43.110968552779937 ], [ -2.165094567904454, 43.110442844397426 ], [ -2.168104264098434, 43.110355366656542 ], [ -2.16970350413384, 43.111047602613255 ], [ -2.170706000675885, 43.112251241891862 ], [ -2.172021740621109, 43.112738984635335 ], [ -2.174873014936725, 43.112524404547045 ], [ -2.17813989939124, 43.113439396406058 ], [ -2.179698883637908, 43.113184400211779 ], [ -2.177897155390789, 43.115036463258548 ], [ -2.17843298015354, 43.116788602497635 ], [ -2.175992074819122, 43.118838922056611 ], [ -2.175633426019974, 43.121060713816036 ], [ -2.178178864711301, 43.12270628864249 ], [ -2.181230126722705, 43.1277854569284 ], [ -2.182384062621458, 43.132233266831705 ], [ -2.188358054466899, 43.136344267406685 ], [ -2.190152754880714, 43.139642210297801 ], [ -2.188709926195375, 43.143303158425304 ], [ -2.193302425682774, 43.148102052065667 ], [ -2.191252126213895, 43.148303242469204 ], [ -2.188285179006687, 43.150589530182202 ], [ -2.178299900498965, 43.146200003241148 ], [ -2.172046127503304, 43.148302922612608 ], [ -2.168586122418795, 43.14778761082988 ], [ -2.166808106344914, 43.147983497723871 ], [ -2.164408697734495, 43.151272468387219 ], [ -2.156541414563625, 43.151950791555336 ], [ -2.154967475204555, 43.152641280528677 ], [ -2.149947671669618, 43.160009894303677 ], [ -2.149145432035842, 43.164875780868869 ], [ -2.147871311807361, 43.167820043894629 ] ] ], [ [ [ -2.195497290343933, 43.105851353752385 ], [ -2.189835020722005, 43.103011250106135 ], [ -2.184332830026397, 43.103490390385751 ], [ -2.182605843525057, 43.104323733227957 ], [ -2.18092816788782, 43.102386199998286 ], [ -2.181215598398391, 43.101679841538719 ], [ -2.180584829427803, 43.101062981707791 ], [ -2.18020885597524, 43.097632866422309 ], [ -2.184819129904016, 43.097761513495996 ], [ -2.188649746965978, 43.098310163637322 ], [ -2.193630667429634, 43.100097975353727 ], [ -2.198824868643678, 43.102551995660129 ], [ -2.195497290343933, 43.105851353752385 ] ] ], [ [ [ -2.178151955009789, 43.108129501343676 ], [ -2.179391889221094, 43.10703629593467 ], [ -2.181130231366194, 43.1089500352264 ], [ -2.180512221844962, 43.109442138499816 ], [ -2.178151955009789, 43.108129501343676 ] ] ] ] } },
{ "type": "Feature", "properties": { "municipality_code": "20025", "municipality_name": "Zegama", "population_total": 1560, "population_65_plus": 339, "population_75_plus": 156, "pct_65_plus": 21.731, "pct_75_plus": 10.0, "reference_period": "2025-01-01", "source_id": "G360_DERIVED_MUNICIPAL_METRICS_V1", "area_km2": 34.827445372307913, "services_hospital": 0, "services_mental_health": 0, "services_other_health": 0, "services_primary_care": 1, "services_total": 1, "primary_care_per_10000_65_plus": 29.499, "primary_care_per_10000_75_plus": 64.103, "hospital_per_10000_65_plus": 0.0, "hospital_per_10000_75_plus": 0.0, "mental_health_per_10000_65_plus": 0.0, "mental_health_per_10000_75_plus": 0.0, "other_health_per_10000_65_plus": 0.0, "other_health_per_10000_75_plus": 0.0, "representative_point_longitude": -2.3001304, "representative_point_latitude": 42.9655239, "distance_to_nearest_primary_care_m": 1344.9, "distance_to_nearest_hospital_m": 13181.5, "distance_to_nearest_mental_health_m": 13105.6, "distance_to_nearest_other_health_m": 40453.8, "metrics_reference_period": "demography=2025-01-01;services=2026-09-20;geography=2025-05-07", "source_ids": "EUSTAT_EMH_2025|ODE_HEALTH_CENTRES_2026|GEOEUSKADI_MUNICIPIOS_2025" }, "geometry": { "type": "Polygon", "coordinates": [ [ [ -2.302908305446179, 42.997553048055522 ], [ -2.299483944829014, 42.997225338487894 ], [ -2.295754234872175, 42.996191723486334 ], [ -2.290714328765432, 42.996172578226854 ], [ -2.287120747797292, 42.993823617539682 ], [ -2.285771971328202, 42.994192430281259 ], [ -2.282616075999512, 42.996267357177331 ], [ -2.27599453737988, 42.994396812334863 ], [ -2.272212520134409, 42.993861317516476 ], [ -2.271801184305545, 42.993421975251444 ], [ -2.270225933087261, 42.989732501512769 ], [ -2.270146781330516, 42.986963569615128 ], [ -2.269169113290796, 42.984281114496973 ], [ -2.269298038538848, 42.980748349996645 ], [ -2.266240198544154, 42.977168182931187 ], [ -2.265561725088642, 42.974305530466168 ], [ -2.263725624426139, 42.971273790727047 ], [ -2.258755224482458, 42.958886455402663 ], [ -2.26130689896124, 42.949320705462497 ], [ -2.259756894893993, 42.948576865289795 ], [ -2.25788868566524, 42.945803979253988 ], [ -2.257891953073011, 42.944765125496353 ], [ -2.256381546040799, 42.942778427648705 ], [ -2.258963686790743, 42.939162188964708 ], [ -2.264098917733334, 42.936383914840746 ], [ -2.271084403358236, 42.9333539850657 ], [ -2.273843138346036, 42.931346892131423 ], [ -2.278959568283333, 42.931485314864396 ], [ -2.280692687085447, 42.933200352079133 ], [ -2.284485656444561, 42.935142668993478 ], [ -2.286979083315773, 42.93521712100523 ], [ -2.289592316868164, 42.936160447934661 ], [ -2.296922532731743, 42.936165451933654 ], [ -2.300354695830638, 42.935547385903995 ], [ -2.302759519552383, 42.936211059587862 ], [ -2.309239092470936, 42.939107674512762 ], [ -2.311202459105036, 42.939558956258416 ], [ -2.316474757873127, 42.94344835999356 ], [ -2.319517970315772, 42.94392035013874 ], [ -2.32320472028318, 42.945737920700715 ], [ -2.325864501856567, 42.948673978896437 ], [ -2.328949545295154, 42.955356886347992 ], [ -2.332055937032058, 42.957418315847079 ], [ -2.333105698095682, 42.958867145779131 ], [ -2.337182370333527, 42.962401016108927 ], [ -2.340586629941862, 42.969733880939131 ], [ -2.340056561387303, 42.972122508494316 ], [ -2.334153965071451, 42.976863271259546 ], [ -2.333746840701218, 42.979756035658191 ], [ -2.330686075373335, 42.982097688460662 ], [ -2.327589234111751, 42.982292327170377 ], [ -2.324455250425592, 42.984432388657098 ], [ -2.320226095564182, 42.988729330955728 ], [ -2.313374966953788, 42.991990141007399 ], [ -2.312089091612969, 42.997207331334188 ], [ -2.302908305446179, 42.997553048055522 ] ] ] } },
{ "type": "Feature", "properties": { "municipality_code": "20026", "municipality_name": "Zerain", "population_total": 290, "population_65_plus": 81, "population_75_plus": 41, "pct_65_plus": 27.931, "pct_75_plus": 14.138, "reference_period": "2025-01-01", "source_id": "G360_DERIVED_MUNICIPAL_METRICS_V1", "area_km2": 10.168120347619107, "services_hospital": 0, "services_mental_health": 0, "services_other_health": 0, "services_primary_care": 1, "services_total": 1, "primary_care_per_10000_65_plus": 123.457, "primary_care_per_10000_75_plus": 243.902, "hospital_per_10000_65_plus": 0.0, "hospital_per_10000_75_plus": 0.0, "mental_health_per_10000_65_plus": 0.0, "mental_health_per_10000_75_plus": 0.0, "other_health_per_10000_65_plus": 0.0, "other_health_per_10000_75_plus": 0.0, "representative_point_longitude": -2.287963, "representative_point_latitude": 43.0087032, "distance_to_nearest_primary_care_m": 1278.6, "distance_to_nearest_hospital_m": 8585.7, "distance_to_nearest_mental_health_m": 8953.3, "distance_to_nearest_other_health_m": 36003.3, "metrics_reference_period": "demography=2025-01-01;services=2026-09-20;geography=2025-05-07", "source_ids": "EUSTAT_EMH_2025|ODE_HEALTH_CENTRES_2026|GEOEUSKADI_MUNICIPIOS_2025" }, "geometry": { "type": "Polygon", "coordinates": [ [ [ -2.292160338045581, 43.020771020486649 ], [ -2.287797489378249, 43.01877563867243 ], [ -2.286536771890721, 43.01880560740414 ], [ -2.283459440903888, 43.017215187541453 ], [ -2.277259441427383, 43.018767387973718 ], [ -2.273278594630259, 43.018949835089749 ], [ -2.264052371944494, 43.018556702467905 ], [ -2.258416827157043, 43.017667910583505 ], [ -2.256743636177192, 43.015867761071618 ], [ -2.258390186410845, 43.014497343512048 ], [ -2.259787044599872, 43.012393089289638 ], [ -2.259202380628631, 43.010428463524192 ], [ -2.257884487353246, 43.010144912283032 ], [ -2.258861034281565, 43.009201840818989 ], [ -2.26312594871446, 43.006803695948534 ], [ -2.264098266842853, 43.00786876291096 ], [ -2.265273161116879, 43.007774014216508 ], [ -2.268829943768963, 43.007078190978042 ], [ -2.270860509373863, 43.006144536712092 ], [ -2.274459147451195, 43.006028278488195 ], [ -2.279400782498096, 43.004918290776423 ], [ -2.279964972018922, 43.002782785879113 ], [ -2.281046242347212, 43.001268632510254 ], [ -2.281763165186871, 42.997546037379024 ], [ -2.282616075999512, 42.996267357177331 ], [ -2.286752318107652, 42.99388012516183 ], [ -2.287865781517699, 42.994022404437523 ], [ -2.290714328765432, 42.996172578226854 ], [ -2.295754234872175, 42.996191723486334 ], [ -2.299483944829014, 42.997225338487894 ], [ -2.303836437665665, 42.997711782965531 ], [ -2.312089091612969, 42.997207331334188 ], [ -2.314729598908378, 43.004576779547499 ], [ -2.317626206253417, 43.015581752498882 ], [ -2.315277447528184, 43.022303295721471 ], [ -2.305167238011824, 43.022034075316284 ], [ -2.302262778734295, 43.023870265711757 ], [ -2.297975145176291, 43.024198212205249 ], [ -2.292160338045581, 43.020771020486649 ] ] ] } },
{ "type": "Feature", "properties": { "municipality_code": "20027", "municipality_name": "Zestoa", "population_total": 3908, "population_65_plus": 762, "population_75_plus": 387, "pct_65_plus": 19.498, "pct_75_plus": 9.903, "reference_period": "2025-01-01", "source_id": "G360_DERIVED_MUNICIPAL_METRICS_V1", "area_km2": 43.662960867744346, "services_hospital": 0, "services_mental_health": 0, "services_other_health": 0, "services_primary_care": 1, "services_total": 1, "primary_care_per_10000_65_plus": 13.123, "primary_care_per_10000_75_plus": 25.84, "hospital_per_10000_65_plus": 0.0, "hospital_per_10000_75_plus": 0.0, "mental_health_per_10000_65_plus": 0.0, "mental_health_per_10000_75_plus": 0.0, "other_health_per_10000_65_plus": 0.0, "other_health_per_10000_75_plus": 0.0, "representative_point_longitude": -2.2481628, "representative_point_latitude": 43.243611, "distance_to_nearest_primary_care_m": 900.0, "distance_to_nearest_hospital_m": 11123.6, "distance_to_nearest_mental_health_m": 7090.0, "distance_to_nearest_other_health_m": 19036.3, "metrics_reference_period": "demography=2025-01-01;services=2026-09-20;geography=2025-05-07", "source_ids": "EUSTAT_EMH_2025|ODE_HEALTH_CENTRES_2026|GEOEUSKADI_MUNICIPIOS_2025" }, "geometry": { "type": "Polygon", "coordinates": [ [ [ -2.263975227902927, 43.288819479065509 ], [ -2.26315002403437, 43.28649078363442 ], [ -2.265555476026772, 43.286444849266488 ], [ -2.266646654038678, 43.283229149104713 ], [ -2.266167722630263, 43.28142003676529 ], [ -2.264735148427248, 43.281514436753461 ], [ -2.263735048114148, 43.279228902928288 ], [ -2.260622816043812, 43.276098600976916 ], [ -2.258597468333357, 43.276120447136854 ], [ -2.258052786261352, 43.27842700199075 ], [ -2.258879977159935, 43.278854096072635 ], [ -2.258270026874071, 43.279492436251502 ], [ -2.258064432026909, 43.281507979476736 ], [ -2.257403599250114, 43.282342464985234 ], [ -2.255860063147423, 43.282511481040729 ], [ -2.255439922822649, 43.283206603217444 ], [ -2.254545087348348, 43.282542881046666 ], [ -2.255268832235922, 43.281343074751433 ], [ -2.255185729788709, 43.280357700559435 ], [ -2.254528788859578, 43.279117443942418 ], [ -2.252818363247977, 43.278604387057548 ], [ -2.251882188563832, 43.276015726476373 ], [ -2.252601850648577, 43.27299938461708 ], [ -2.255505399883046, 43.274121789828172 ], [ -2.256393011968067, 43.271028831342662 ], [ -2.254881938821165, 43.268862736282372 ], [ -2.253294003877882, 43.268131813719364 ], [ -2.254808802331368, 43.265414570484474 ], [ -2.254976352191208, 43.263907991408139 ], [ -2.253310699939223, 43.263325700584367 ], [ -2.251959560804014, 43.261260090437922 ], [ -2.25291707742935, 43.255096582141412 ], [ -2.252241550393299, 43.252873719067246 ], [ -2.251270936809403, 43.252580022928584 ], [ -2.24965914461743, 43.253700742816548 ], [ -2.246602403493175, 43.254419295507375 ], [ -2.239632431758563, 43.252684734880148 ], [ -2.236716536160291, 43.252784276411205 ], [ -2.234290420386489, 43.253561947070303 ], [ -2.232694721535194, 43.255279724469304 ], [ -2.231954883269391, 43.254785871470254 ], [ -2.230850266225508, 43.254673023962084 ], [ -2.224470022552229, 43.25591836092191 ], [ -2.220478730874968, 43.258187176446057 ], [ -2.215833706269934, 43.260105640970743 ], [ -2.207221989938374, 43.254752299789658 ], [ -2.21038114290564, 43.2518415955807 ], [ -2.210735815182197, 43.250137676551169 ], [ -2.21262892467215, 43.247645385196861 ], [ -2.211034553464764, 43.247350307604599 ], [ -2.210301084898314, 43.24653659582053 ], [ -2.210103862265751, 43.245747733534031 ], [ -2.210661274706639, 43.245402160362765 ], [ -2.209953564000442, 43.244909575679344 ], [ -2.210295260193822, 43.243214671840157 ], [ -2.209408827746463, 43.242497779198239 ], [ -2.209703729185059, 43.241378803239805 ], [ -2.208131975683428, 43.241227673549005 ], [ -2.207368772265345, 43.239635447654337 ], [ -2.206093626077073, 43.239011824525413 ], [ -2.206187320288877, 43.23819580980372 ], [ -2.20565609419068, 43.23742245335071 ], [ -2.204159034115655, 43.236996109116959 ], [ -2.203630094995454, 43.236417867557286 ], [ -2.203919232645953, 43.235396877450817 ], [ -2.202838490028853, 43.234063471118716 ], [ -2.203263677248088, 43.233175372038794 ], [ -2.202346772173735, 43.23124982174307 ], [ -2.201328035432642, 43.231045069273215 ], [ -2.200627510288791, 43.230438920858241 ], [ -2.201259482618476, 43.229802564652452 ], [ -2.200402691457087, 43.228355499061628 ], [ -2.200882087147039, 43.227010908508511 ], [ -2.20028596671091, 43.225599480010338 ], [ -2.199522199222023, 43.225071628112794 ], [ -2.199148702769222, 43.223623758301137 ], [ -2.195891671394307, 43.222207682518054 ], [ -2.195574678726429, 43.221644589068305 ], [ -2.193140070501759, 43.220168631068987 ], [ -2.192478342839038, 43.218592628675424 ], [ -2.19275573661617, 43.217935292868155 ], [ -2.191345058187075, 43.217849106761989 ], [ -2.18992532499666, 43.215577762691062 ], [ -2.189299755105002, 43.215242804913814 ], [ -2.18908942123298, 43.214248204496947 ], [ -2.186150416579595, 43.213711871451153 ], [ -2.185110353937402, 43.212672936392863 ], [ -2.184166073575553, 43.212611659247187 ], [ -2.183242564255446, 43.211442617104169 ], [ -2.180709324027015, 43.210295101890082 ], [ -2.176829242521068, 43.209856129365207 ], [ -2.173605826076622, 43.208971859940647 ], [ -2.172633176741749, 43.208373851046765 ], [ -2.177701150717375, 43.206011707371303 ], [ -2.179728930239428, 43.206674332783223 ], [ -2.180472605779139, 43.207445027460729 ], [ -2.181523922915988, 43.207312686667201 ], [ -2.181953122340643, 43.205845466539131 ], [ -2.184205598479441, 43.203620365921559 ], [ -2.1867531178762, 43.201773669719849 ], [ -2.190697901068865, 43.200036296913893 ], [ -2.192297241256334, 43.199975895343172 ], [ -2.194162188739411, 43.198545113621769 ], [ -2.194439419043955, 43.197730383000177 ], [ -2.198796847929733, 43.199348217961123 ], [ -2.205631638645335, 43.20034093521209 ], [ -2.213639013477494, 43.199914989687606 ], [ -2.215160514447991, 43.200590067287159 ], [ -2.22041345559833, 43.198807705723233 ], [ -2.228100659067248, 43.197183899276354 ], [ -2.23168776538051, 43.205644802574255 ], [ -2.234679761768726, 43.20863779029019 ], [ -2.236682364339398, 43.209653177936325 ], [ -2.238598706099336, 43.211678284324719 ], [ -2.241394180657362, 43.212383410657218 ], [ -2.242786031318368, 43.213863460158692 ], [ -2.245400249244703, 43.215563550644639 ], [ -2.24757979249812, 43.215903336583068 ], [ -2.250116735692889, 43.216999756965365 ], [ -2.253203270508789, 43.217007529331809 ], [ -2.252389736136193, 43.216095480217227 ], [ -2.253853767983534, 43.215358130114801 ], [ -2.253858741977549, 43.213455598485872 ], [ -2.256946662109241, 43.213259160068887 ], [ -2.258945203933556, 43.214512655924615 ], [ -2.258708430694552, 43.215305152995455 ], [ -2.256465121357342, 43.217356135030023 ], [ -2.255782105574442, 43.219037142515106 ], [ -2.257941804455206, 43.225198985712787 ], [ -2.260554568438644, 43.224154570281613 ], [ -2.260784161430228, 43.223816166726792 ], [ -2.260283088973455, 43.223221285430149 ], [ -2.262069634382952, 43.222432270690263 ], [ -2.268062328096344, 43.221016557364941 ], [ -2.270654867735941, 43.221192408661416 ], [ -2.275522859401379, 43.218457800559442 ], [ -2.277382633651706, 43.216580331986584 ], [ -2.278986053468736, 43.216161519001389 ], [ -2.288139532972752, 43.218170262163227 ], [ -2.286631380531658, 43.221536801093251 ], [ -2.2881723208231, 43.223639598737414 ], [ -2.287482209670456, 43.223892031673536 ], [ -2.287181931173745, 43.224521747397965 ], [ -2.28602676751599, 43.224734236468862 ], [ -2.285973452261189, 43.22591507051834 ], [ -2.285035225238642, 43.226405562494989 ], [ -2.284307565551568, 43.227792966824701 ], [ -2.282524436610308, 43.228470508823911 ], [ -2.282237242017651, 43.229466048902971 ], [ -2.280986855887508, 43.230089821099007 ], [ -2.279698160542594, 43.231567027039659 ], [ -2.278168203728049, 43.232210057678969 ], [ -2.277328917817098, 43.233578051221066 ], [ -2.274525302762735, 43.23602889534358 ], [ -2.276452735162362, 43.236884445126421 ], [ -2.274977665138247, 43.241133141899283 ], [ -2.276039930564364, 43.241974773931773 ], [ -2.277280578007593, 43.241978304807226 ], [ -2.279714610080279, 43.243164271998914 ], [ -2.282263227324974, 43.243712399263998 ], [ -2.283840712976688, 43.243485340132914 ], [ -2.288156499665427, 43.2441010387547 ], [ -2.294926952075351, 43.243447844973041 ], [ -2.2947129069523, 43.252000285356871 ], [ -2.296077171317821, 43.258768313348668 ], [ -2.293215227367782, 43.261018704297598 ], [ -2.289564031800035, 43.266273911749309 ], [ -2.281012763707965, 43.274506973833411 ], [ -2.280151894184526, 43.276446555505828 ], [ -2.279125235019987, 43.276890625624787 ], [ -2.276712538276457, 43.276380422295532 ], [ -2.276892604458046, 43.277410833472551 ], [ -2.275292605792169, 43.279056355694124 ], [ -2.274510217381626, 43.280805321729417 ], [ -2.275086599313153, 43.281366216835167 ], [ -2.274906318543241, 43.281979894806248 ], [ -2.272662794892208, 43.281728462361187 ], [ -2.270884601168962, 43.282558345723963 ], [ -2.268763076980077, 43.284250920074797 ], [ -2.267872937430178, 43.284115792166084 ], [ -2.267331510253335, 43.284445235203464 ], [ -2.267442483016514, 43.285729561781785 ], [ -2.266005523792529, 43.286685570123112 ], [ -2.267723904565573, 43.287236157301855 ], [ -2.268723412750966, 43.290022196561388 ], [ -2.263975227902927, 43.288819479065509 ] ] ] } },
{ "type": "Feature", "properties": { "municipality_code": "20028", "municipality_name": "Zizurkil", "population_total": 2904, "population_65_plus": 639, "population_75_plus": 339, "pct_65_plus": 22.004, "pct_75_plus": 11.674, "reference_period": "2025-01-01", "source_id": "G360_DERIVED_MUNICIPAL_METRICS_V1", "area_km2": 15.652089213788509, "services_hospital": 0, "services_mental_health": 0, "services_other_health": 0, "services_primary_care": 0, "services_total": 0, "primary_care_per_10000_65_plus": 0.0, "primary_care_per_10000_75_plus": 0.0, "hospital_per_10000_65_plus": 0.0, "hospital_per_10000_75_plus": 0.0, "mental_health_per_10000_65_plus": 0.0, "mental_health_per_10000_75_plus": 0.0, "other_health_per_10000_65_plus": 0.0, "other_health_per_10000_75_plus": 0.0, "representative_point_longitude": -2.0836756, "representative_point_latitude": 43.2133937, "distance_to_nearest_primary_care_m": 2469.6, "distance_to_nearest_hospital_m": 12848.1, "distance_to_nearest_mental_health_m": 5069.2, "distance_to_nearest_other_health_m": 7906.9, "metrics_reference_period": "demography=2025-01-01;services=2026-09-20;geography=2025-05-07", "source_ids": "EUSTAT_EMH_2025|ODE_HEALTH_CENTRES_2026|GEOEUSKADI_MUNICIPIOS_2025" }, "geometry": { "type": "MultiPolygon", "coordinates": [ [ [ [ -2.056211300180334, 43.245932660510576 ], [ -2.054540443329415, 43.244149591070403 ], [ -2.052927127815761, 43.243447589054355 ], [ -2.051324509011932, 43.243544061855609 ], [ -2.051950298917915, 43.242201328292268 ], [ -2.054339571404229, 43.241350194847314 ], [ -2.054624259355096, 43.239789896612663 ], [ -2.055872372619891, 43.239799125300756 ], [ -2.05616325258671, 43.239090906072427 ], [ -2.055429475799845, 43.237795215090543 ], [ -2.055664107440888, 43.236910584458776 ], [ -2.057140421952135, 43.236168520450668 ], [ -2.057068514412448, 43.235600987442318 ], [ -2.056066282104906, 43.234997647960753 ], [ -2.056424905113458, 43.233147031490773 ], [ -2.055838973925151, 43.23283499612711 ], [ -2.055540108712669, 43.230680937919317 ], [ -2.056772019051551, 43.229409774144898 ], [ -2.057010093524243, 43.228478541727512 ], [ -2.058585441294821, 43.22703188191204 ], [ -2.058151254262659, 43.225154860347352 ], [ -2.058258918527377, 43.223090786639439 ], [ -2.058860761542426, 43.222188724520926 ], [ -2.05856977963241, 43.219895655351756 ], [ -2.059035066640659, 43.219733149421899 ], [ -2.063879115942869, 43.222779666987257 ], [ -2.067844610084744, 43.226036673155384 ], [ -2.068798134865685, 43.224953155655335 ], [ -2.070377264867598, 43.224256777185389 ], [ -2.073738536335747, 43.22396035113649 ], [ -2.07516621687059, 43.222291562942722 ], [ -2.07757796472992, 43.221068942054735 ], [ -2.078480416164907, 43.21751053556072 ], [ -2.077832952903766, 43.216168558018637 ], [ -2.073094719317619, 43.214153405157035 ], [ -2.071436169244468, 43.211204675884844 ], [ -2.069520049185183, 43.21134857213999 ], [ -2.068868622543985, 43.210489626992569 ], [ -2.067987704358112, 43.210229321802622 ], [ -2.066846803848651, 43.206460547027213 ], [ -2.066043701027564, 43.205771566578193 ], [ -2.066489137303706, 43.204797508282056 ], [ -2.065886969337654, 43.204271467097982 ], [ -2.065966664662246, 43.203272081089374 ], [ -2.064407716841103, 43.202800231401923 ], [ -2.064819672411666, 43.201577754821265 ], [ -2.063326626483206, 43.201453838273004 ], [ -2.062896712418021, 43.200862196438138 ], [ -2.060858161297007, 43.200061282805109 ], [ -2.060852584134226, 43.199321754191885 ], [ -2.058589829144983, 43.198777029348086 ], [ -2.05707989499922, 43.195638384287683 ], [ -2.056326668898938, 43.196021670026411 ], [ -2.05482851046399, 43.195773040186218 ], [ -2.05498083868812, 43.194519449141218 ], [ -2.053437271269491, 43.191338561987216 ], [ -2.053778088629555, 43.188957347429216 ], [ -2.054522731666539, 43.186504476842465 ], [ -2.057144381858806, 43.18713221206869 ], [ -2.0591006481017, 43.186895724239712 ], [ -2.059579527769363, 43.18654037631503 ], [ -2.061327037198417, 43.187186904278796 ], [ -2.063311489285678, 43.187216721791408 ], [ -2.065074736022916, 43.186016615901927 ], [ -2.067080390177998, 43.186595752553195 ], [ -2.066944693303501, 43.185487879479993 ], [ -2.068958129955581, 43.184629324253166 ], [ -2.069274229248069, 43.183865563867464 ], [ -2.070435656085033, 43.18305731940255 ], [ -2.070882504529148, 43.181951591528758 ], [ -2.073648051096664, 43.180576412660024 ], [ -2.074729127104131, 43.184943457391455 ], [ -2.074231682309341, 43.187105662564193 ], [ -2.07478944772387, 43.187514791911319 ], [ -2.07476519885944, 43.18985089104175 ], [ -2.07424516199253, 43.19061141560033 ], [ -2.079644864382228, 43.191434306549155 ], [ -2.080410149681225, 43.191346715362378 ], [ -2.081827456833761, 43.190288949849922 ], [ -2.082086917230591, 43.191243224667431 ], [ -2.084595344442952, 43.19224923198913 ], [ -2.086095801761406, 43.195822005886342 ], [ -2.089534254629055, 43.19918509529699 ], [ -2.089739092767318, 43.200034524341959 ], [ -2.091309244123334, 43.201238604552508 ], [ -2.091316433282386, 43.202070282527082 ], [ -2.093305665364074, 43.204732277105563 ], [ -2.090159362541466, 43.207451873814691 ], [ -2.090321431952563, 43.209423934195875 ], [ -2.093997840879815, 43.21180964686269 ], [ -2.099228553497391, 43.220351027689723 ], [ -2.102985577602597, 43.224096358079166 ], [ -2.104907298541777, 43.224843937073189 ], [ -2.105697028054029, 43.225834605450189 ], [ -2.107580095412221, 43.225962579291846 ], [ -2.108242061223129, 43.226483309933933 ], [ -2.108860060108432, 43.2274424625896 ], [ -2.108519154785673, 43.228025233627918 ], [ -2.108923342085344, 43.228388706120768 ], [ -2.108857349672874, 43.229986851344563 ], [ -2.10503322620252, 43.229679531514464 ], [ -2.100882941392304, 43.23030476508864 ], [ -2.098199963424182, 43.231319109679262 ], [ -2.088517210259663, 43.238686499143263 ], [ -2.088309007816003, 43.24077276109842 ], [ -2.086584994962744, 43.241922690332252 ], [ -2.086049333418719, 43.240989550117739 ], [ -2.080661856139287, 43.242084338967047 ], [ -2.080705295291106, 43.242823722739693 ], [ -2.078675224183058, 43.242668030533444 ], [ -2.077573389910718, 43.242126621110742 ], [ -2.077645607460816, 43.241708848116396 ], [ -2.076807434359203, 43.241158312848299 ], [ -2.073312652787682, 43.239837692657552 ], [ -2.066425141607104, 43.239205211369587 ], [ -2.065060773209896, 43.242246549153805 ], [ -2.063547459349279, 43.243284713556427 ], [ -2.060834338939836, 43.243734789890595 ], [ -2.059696929288739, 43.243536897755106 ], [ -2.058586885885317, 43.24507214222357 ], [ -2.056211300180334, 43.245932660510576 ] ] ], [ [ [ -2.112835357538564, 43.243081774529195 ], [ -2.11157961236635, 43.242888932666489 ], [ -2.113056576072613, 43.24042183531752 ], [ -2.111494169562558, 43.238895371388296 ], [ -2.112363461411727, 43.238352593678606 ], [ -2.112287911550414, 43.237145932239606 ], [ -2.113643360711876, 43.236961619331865 ], [ -2.115155644311989, 43.237511660253645 ], [ -2.113167217508173, 43.238521470594122 ], [ -2.115814363852881, 43.239342538502619 ], [ -2.116611812406739, 43.240645918553994 ], [ -2.115959887671474, 43.242116804121103 ], [ -2.11683730448601, 43.243037839028645 ], [ -2.116751935158891, 43.244212453567393 ], [ -2.116196643591822, 43.244749954654012 ], [ -2.112835357538564, 43.243081774529195 ] ] ], [ [ [ -2.108281884685299, 43.237672143448727 ], [ -2.106855508960727, 43.235733370694994 ], [ -2.108762655070596, 43.235727673473043 ], [ -2.110235789537803, 43.234413886498857 ], [ -2.110834162559919, 43.234914256092246 ], [ -2.110269311408225, 43.235797160686687 ], [ -2.112164837787512, 43.236742380169936 ], [ -2.109446027176387, 43.236952233193293 ], [ -2.109324542335707, 43.23790900985793 ], [ -2.107834093138417, 43.23888371706061 ], [ -2.108281884685299, 43.237672143448727 ] ] ] ] } },
{ "type": "Feature", "properties": { "municipality_code": "20029", "municipality_name": "Deba", "population_total": 5364, "population_65_plus": 1473, "population_75_plus": 687, "pct_65_plus": 27.461, "pct_75_plus": 12.808, "reference_period": "2025-01-01", "source_id": "G360_DERIVED_MUNICIPAL_METRICS_V1", "area_km2": 50.193282601305867, "services_hospital": 0, "services_mental_health": 0, "services_other_health": 0, "services_primary_care": 2, "services_total": 2, "primary_care_per_10000_65_plus": 13.578, "primary_care_per_10000_75_plus": 29.112, "hospital_per_10000_65_plus": 0.0, "hospital_per_10000_75_plus": 0.0, "mental_health_per_10000_65_plus": 0.0, "mental_health_per_10000_75_plus": 0.0, "other_health_per_10000_65_plus": 0.0, "other_health_per_10000_75_plus": 0.0, "representative_point_longitude": -2.3276181, "representative_point_latitude": 43.2579134, "distance_to_nearest_primary_care_m": 2001.8, "distance_to_nearest_hospital_m": 4719.8, "distance_to_nearest_mental_health_m": 9777.6, "distance_to_nearest_other_health_m": 25355.8, "metrics_reference_period": "demography=2025-01-01;services=2026-09-20;geography=2025-05-07", "source_ids": "EUSTAT_EMH_2025|ODE_HEALTH_CENTRES_2026|GEOEUSKADI_MUNICIPIOS_2025" }, "geometry": { "type": "Polygon", "coordinates": [ [ [ -2.343024612281314, 43.303462342464911 ], [ -2.34142050230603, 43.302095857754878 ], [ -2.339756563977888, 43.30211760090107 ], [ -2.338720271853965, 43.30100486170172 ], [ -2.335317043179384, 43.300840522016124 ], [ -2.334873141962738, 43.300303069588161 ], [ -2.330920267999058, 43.299077633562632 ], [ -2.327633942323716, 43.297311293709754 ], [ -2.323692266918322, 43.296463055440071 ], [ -2.320860749080981, 43.297006543421688 ], [ -2.320098680915986, 43.298063386126358 ], [ -2.320332101355879, 43.298280793282785 ], [ -2.319324441205444, 43.297899130037628 ], [ -2.318645043112926, 43.296738266291555 ], [ -2.317524458986434, 43.296480988041147 ], [ -2.316719004474403, 43.296618631797791 ], [ -2.316703715036763, 43.297213383171069 ], [ -2.315726219917946, 43.297586362289344 ], [ -2.314190068546489, 43.296745859059293 ], [ -2.312365435334285, 43.29677407418778 ], [ -2.310773300506604, 43.297457934294236 ], [ -2.310658378015582, 43.298518521538853 ], [ -2.30948942473072, 43.297622268314051 ], [ -2.307197834642087, 43.297992006191471 ], [ -2.304179459384621, 43.296480184314348 ], [ -2.302959561378565, 43.296666805422916 ], [ -2.299415775787892, 43.295749648866718 ], [ -2.296336776214123, 43.295619541868021 ], [ -2.295165813288135, 43.295091056900013 ], [ -2.288181667023052, 43.294908325090702 ], [ -2.286537659051793, 43.294527003372636 ], [ -2.285008083964049, 43.294765850842765 ], [ -2.268723412750966, 43.290022196561388 ], [ -2.267723904565573, 43.287236157301855 ], [ -2.266005523792529, 43.286685570123112 ], [ -2.267442483016514, 43.285729561781785 ], [ -2.267331510253335, 43.284445235203464 ], [ -2.267858825860173, 43.284120728207235 ], [ -2.268763076980077, 43.284250920074797 ], [ -2.270884601168962, 43.282558345723963 ], [ -2.272662794892208, 43.281728462361187 ], [ -2.274906318543241, 43.281979894806248 ], [ -2.275086599313153, 43.281366216835167 ], [ -2.274510217381626, 43.280805321729417 ], [ -2.275292605792169, 43.279056355694124 ], [ -2.276892604458046, 43.277410833472551 ], [ -2.276712538276457, 43.276380422295532 ], [ -2.279125235019987, 43.276890625624787 ], [ -2.280151894184526, 43.276446555505828 ], [ -2.281012763707965, 43.274506973833411 ], [ -2.289564031800035, 43.266273911749309 ], [ -2.293215227367782, 43.261018704297598 ], [ -2.296077171317821, 43.258768313348668 ], [ -2.2947129069523, 43.252000285356871 ], [ -2.294926952075351, 43.243447844973041 ], [ -2.288156499665427, 43.2441010387547 ], [ -2.283840712976688, 43.243485340132914 ], [ -2.282443871885473, 43.243732248737558 ], [ -2.279714610080279, 43.243164271998914 ], [ -2.277280578007593, 43.241978304807226 ], [ -2.276039930564364, 43.241974773931773 ], [ -2.274977665138247, 43.241133141899283 ], [ -2.276452735162362, 43.236884445126421 ], [ -2.274525302762735, 43.23602889534358 ], [ -2.277328917817098, 43.233578051221066 ], [ -2.278168203728049, 43.232210057678969 ], [ -2.279698160542594, 43.231567027039659 ], [ -2.280986855887508, 43.230089821099007 ], [ -2.282237242017651, 43.229466048902971 ], [ -2.282524436610308, 43.228470508823911 ], [ -2.284307565551568, 43.227792966824701 ], [ -2.285035225238642, 43.226405562494989 ], [ -2.285973452261189, 43.22591507051834 ], [ -2.28602676751599, 43.224734236468862 ], [ -2.287242358605843, 43.224489202759642 ], [ -2.288644657243398, 43.222638397322498 ], [ -2.289755807502336, 43.222202375744125 ], [ -2.294899640300311, 43.216330847512047 ], [ -2.297759039158136, 43.214819367235151 ], [ -2.29805138161208, 43.21427561925762 ], [ -2.300592736521765, 43.213292837884666 ], [ -2.302893714170859, 43.214729952406479 ], [ -2.308017428854941, 43.216422743452149 ], [ -2.310656161052988, 43.218175474936395 ], [ -2.319662149471947, 43.221549512710062 ], [ -2.332262982944656, 43.230152725114976 ], [ -2.336435784797952, 43.235196460294361 ], [ -2.344646908795485, 43.237724053359742 ], [ -2.347853365479286, 43.240985950243491 ], [ -2.347233340902984, 43.242315227785681 ], [ -2.350092549323872, 43.243757663682729 ], [ -2.348959366981194, 43.244343213983122 ], [ -2.34877249465878, 43.247355597651733 ], [ -2.349503623401116, 43.248379175424375 ], [ -2.351605836999805, 43.25063102867815 ], [ -2.35756513565333, 43.255188050577509 ], [ -2.363209501270449, 43.26297027846411 ], [ -2.364709804693056, 43.263521346519411 ], [ -2.368618179337008, 43.267359741034511 ], [ -2.372959370927448, 43.268130830443972 ], [ -2.371461609953308, 43.272035478795175 ], [ -2.372846237797353, 43.274487816524427 ], [ -2.374591691140967, 43.274911503845125 ], [ -2.375148039102535, 43.275491223775688 ], [ -2.373943182024977, 43.278815786648636 ], [ -2.370887713841589, 43.279673164592403 ], [ -2.369299690318266, 43.27821659160314 ], [ -2.367187390679752, 43.277551534915133 ], [ -2.365710714986937, 43.278316304266603 ], [ -2.364972872496072, 43.279456326092266 ], [ -2.365192025706002, 43.280577137540966 ], [ -2.367934087903785, 43.281224252663726 ], [ -2.368299602046084, 43.281750381678364 ], [ -2.366886085880814, 43.283540435241527 ], [ -2.366943406265976, 43.284377270683464 ], [ -2.368244689015201, 43.286492272369024 ], [ -2.368609677215903, 43.289836580616146 ], [ -2.367595730410994, 43.29213142234056 ], [ -2.365909518542594, 43.293218428867981 ], [ -2.363288008060436, 43.293073020433418 ], [ -2.361525742026169, 43.291351281424085 ], [ -2.361585864502652, 43.290102436281458 ], [ -2.361035772093398, 43.289160398452779 ], [ -2.359915392383865, 43.288544044772713 ], [ -2.358677727266141, 43.288711690619188 ], [ -2.357581181151609, 43.289813430678137 ], [ -2.357360269794076, 43.292948597509714 ], [ -2.356632605453488, 43.292710510854462 ], [ -2.356209227535554, 43.293697643362549 ], [ -2.356574714723289, 43.29274107097573 ], [ -2.356270139839827, 43.292632742881963 ], [ -2.355985086397725, 43.293104419687765 ], [ -2.355251631012739, 43.298446131755149 ], [ -2.354245979646012, 43.301581436809563 ], [ -2.354986958632092, 43.298339285891736 ], [ -2.35124595036064, 43.297916253923439 ], [ -2.350802486275748, 43.298079692282165 ], [ -2.351289424654608, 43.298778599366074 ], [ -2.349541727053265, 43.298709603870556 ], [ -2.346657723360521, 43.299549412525295 ], [ -2.34569052782554, 43.300240118003316 ], [ -2.345634114677765, 43.301798577983391 ], [ -2.344921805391326, 43.303089718993995 ], [ -2.343282152413098, 43.302834491649982 ], [ -2.343346938430584, 43.303195767003821 ], [ -2.342848636871373, 43.303076295914998 ], [ -2.343024612281314, 43.303462342464911 ] ] ] } },
{ "type": "Feature", "properties": { "municipality_code": "20030", "municipality_name": "Eibar", "population_total": 27118, "population_65_plus": 7101, "population_75_plus": 3727, "pct_65_plus": 26.186, "pct_75_plus": 13.744, "reference_period": "2025-01-01", "source_id": "G360_DERIVED_MUNICIPAL_METRICS_V1", "area_km2": 24.556533447491315, "services_hospital": 1, "services_mental_health": 1, "services_other_health": 0, "services_primary_care": 4, "services_total": 6, "primary_care_per_10000_65_plus": 5.633, "primary_care_per_10000_75_plus": 10.732, "hospital_per_10000_65_plus": 1.408, "hospital_per_10000_75_plus": 2.683, "mental_health_per_10000_65_plus": 1.408, "mental_health_per_10000_75_plus": 2.683, "other_health_per_10000_65_plus": 0.0, "other_health_per_10000_75_plus": 0.0, "representative_point_longitude": -2.4620346, "representative_point_latitude": 43.1950117, "distance_to_nearest_primary_care_m": 1223.6, "distance_to_nearest_hospital_m": 2162.0, "distance_to_nearest_mental_health_m": 1859.7, "distance_to_nearest_other_health_m": 37077.9, "metrics_reference_period": "demography=2025-01-01;services=2026-09-20;geography=2025-05-07", "source_ids": "EUSTAT_EMH_2025|ODE_HEALTH_CENTRES_2026|GEOEUSKADI_MUNICIPIOS_2025" }, "geometry": { "type": "Polygon", "coordinates": [ [ [ -2.490794381777797, 43.224173032204469 ], [ -2.483041317547761, 43.224506552475873 ], [ -2.473928204481664, 43.221823925734313 ], [ -2.462547653264988, 43.223027453578332 ], [ -2.462040087440677, 43.222054224681209 ], [ -2.458729471664199, 43.219893155948775 ], [ -2.458351381781026, 43.219210281980331 ], [ -2.456710030231731, 43.219272774465615 ], [ -2.455563455083157, 43.218723968077541 ], [ -2.454822754399044, 43.218879127215054 ], [ -2.45302624269788, 43.218094824954804 ], [ -2.45101941850988, 43.217856560848709 ], [ -2.449748184917354, 43.216226123308623 ], [ -2.448705570607763, 43.215716252155211 ], [ -2.44747868803716, 43.215746018995269 ], [ -2.446062149413498, 43.214189143310797 ], [ -2.44476139360709, 43.214025169349448 ], [ -2.442471997294499, 43.212127171996123 ], [ -2.441000960766003, 43.209859948658533 ], [ -2.440244963650516, 43.209512286721896 ], [ -2.437889238884846, 43.206867421577762 ], [ -2.437312651636292, 43.206731825781993 ], [ -2.436261089616216, 43.204568336619758 ], [ -2.435183762542673, 43.203482062352748 ], [ -2.434913193154757, 43.202275012892812 ], [ -2.432426394446755, 43.200410115172993 ], [ -2.434041093541266, 43.19927857370903 ], [ -2.433484130782801, 43.197383534827154 ], [ -2.433786124067226, 43.196604139644514 ], [ -2.435567840036875, 43.195654696771626 ], [ -2.437059550793413, 43.193854822877555 ], [ -2.436526287926032, 43.192801412786707 ], [ -2.436200579592102, 43.18904071224717 ], [ -2.440280180340467, 43.185409211754973 ], [ -2.440870492984486, 43.183616179443959 ], [ -2.439465145490845, 43.181692231340882 ], [ -2.439953920992359, 43.178994528910501 ], [ -2.439455222316255, 43.177497123729985 ], [ -2.43998163579104, 43.175968032128957 ], [ -2.441987055478899, 43.174329468620186 ], [ -2.442846344926838, 43.172434808452827 ], [ -2.442709865461255, 43.171290629818529 ], [ -2.443518849152974, 43.169960251601857 ], [ -2.451291363941523, 43.170787782425272 ], [ -2.454902204855999, 43.167235000929601 ], [ -2.457319441604178, 43.166136650161519 ], [ -2.459362841443515, 43.164092778684463 ], [ -2.474091584627877, 43.170044625302367 ], [ -2.474472730481488, 43.171778914663477 ], [ -2.477354394907357, 43.174173615853832 ], [ -2.48129845141159, 43.17521227762866 ], [ -2.483782802788637, 43.173746779453573 ], [ -2.485345502716169, 43.172261185000842 ], [ -2.489844338930015, 43.177304745361624 ], [ -2.490199940324603, 43.179654689313786 ], [ -2.492481278143512, 43.180878946836593 ], [ -2.489886487779488, 43.18465679796271 ], [ -2.487819976645012, 43.189591995440473 ], [ -2.488954078605019, 43.193745111775385 ], [ -2.486465552458518, 43.196251609285305 ], [ -2.488165436846876, 43.198867813579703 ], [ -2.487291544314975, 43.199793281070541 ], [ -2.486924566074499, 43.201430770583777 ], [ -2.489021518732966, 43.201386217183156 ], [ -2.491047789172239, 43.201922297338811 ], [ -2.492201618264424, 43.203245539532283 ], [ -2.494611674124804, 43.204510843621058 ], [ -2.496160215074791, 43.207442503534011 ], [ -2.499409111336412, 43.209607547648602 ], [ -2.498830565170001, 43.211510776959855 ], [ -2.499661091038432, 43.213617917853341 ], [ -2.497550781174334, 43.218103378649616 ], [ -2.497726240036683, 43.220142277987847 ], [ -2.494770930463733, 43.225079698509667 ], [ -2.493915212713251, 43.225888231227472 ], [ -2.490794381777797, 43.224173032204469 ] ] ] } },
{ "type": "Feature", "properties": { "municipality_code": "20031", "municipality_name": "Elduain", "population_total": 239, "population_65_plus": 36, "population_75_plus": 19, "pct_65_plus": 15.063, "pct_75_plus": 7.95, "reference_period": "2025-01-01", "source_id": "G360_DERIVED_MUNICIPAL_METRICS_V1", "area_km2": 25.241712444692695, "services_hospital": 0, "services_mental_health": 0, "services_other_health": 0, "services_primary_care": 1, "services_total": 1, "primary_care_per_10000_65_plus": 277.778, "primary_care_per_10000_75_plus": 526.316, "hospital_per_10000_65_plus": 0.0, "hospital_per_10000_75_plus": 0.0, "mental_health_per_10000_65_plus": 0.0, "mental_health_per_10000_75_plus": 0.0, "other_health_per_10000_65_plus": 0.0, "other_health_per_10000_75_plus": 0.0, "representative_point_longitude": -1.9861256, "representative_point_latitude": 43.1563679, "distance_to_nearest_primary_care_m": 2064.3, "distance_to_nearest_hospital_m": 15230.1, "distance_to_nearest_mental_health_m": 7777.3, "distance_to_nearest_other_health_m": 12199.8, "metrics_reference_period": "demography=2025-01-01;services=2026-09-20;geography=2025-05-07", "source_ids": "EUSTAT_EMH_2025|ODE_HEALTH_CENTRES_2026|GEOEUSKADI_MUNICIPIOS_2025" }, "geometry": { "type": "Polygon", "coordinates": [ [ [ -1.96687157411358, 43.195309465165934 ], [ -1.962926633739403, 43.191735073940549 ], [ -1.958960132868364, 43.189347336153986 ], [ -1.956266623587824, 43.188692335720965 ], [ -1.954422879194728, 43.185992066957937 ], [ -1.948417424301823, 43.182388805033696 ], [ -1.94388671091796, 43.180725127356752 ], [ -1.938035100365104, 43.18028427606955 ], [ -1.937466792355262, 43.179634867322001 ], [ -1.935791996906952, 43.179002761967595 ], [ -1.934306640588675, 43.177366454911414 ], [ -1.932170034929664, 43.176254890616377 ], [ -1.931475487434754, 43.175064763316229 ], [ -1.92965101750329, 43.174218599066769 ], [ -1.927080442501173, 43.173413060041881 ], [ -1.920889367886307, 43.172590799957305 ], [ -1.919434479296641, 43.170607999081128 ], [ -1.916713478814589, 43.169341855397846 ], [ -1.915900555770405, 43.166620204463598 ], [ -1.915474537156296, 43.164719317283307 ], [ -1.917377924896491, 43.160455870940567 ], [ -1.917869805058165, 43.159812666580621 ], [ -1.918763334389418, 43.160138173240348 ], [ -1.923013450978207, 43.158548422457194 ], [ -1.924912168481182, 43.159386139481114 ], [ -1.925820961052692, 43.160791493844791 ], [ -1.927553377781433, 43.161959429611585 ], [ -1.928185698878007, 43.163866318591957 ], [ -1.929997674832556, 43.163975357959899 ], [ -1.93098474264309, 43.164449314225266 ], [ -1.932296658370956, 43.164489365861549 ], [ -1.932841004046426, 43.164046170538086 ], [ -1.933364662742355, 43.164475300105551 ], [ -1.933925327474217, 43.164418431249871 ], [ -1.934721557478883, 43.163893093300153 ], [ -1.935394911640687, 43.163970577901814 ], [ -1.936726596962805, 43.162987132868871 ], [ -1.937336018120564, 43.16340023136987 ], [ -1.937969329905893, 43.163182322185754 ], [ -1.938772545728153, 43.163784331992872 ], [ -1.939177861456945, 43.163490311808609 ], [ -1.938916797713081, 43.162938601275741 ], [ -1.93940677839102, 43.162694164798381 ], [ -1.940979007274012, 43.163367449002514 ], [ -1.941521872023709, 43.163042215393347 ], [ -1.942702027212852, 43.163085686619652 ], [ -1.94296976744293, 43.163961840261443 ], [ -1.942627959209633, 43.164555596190311 ], [ -1.943653964247908, 43.164288180739923 ], [ -1.943409004550819, 43.164911964385112 ], [ -1.944064965539243, 43.165239767796521 ], [ -1.944600144766644, 43.164735549076909 ], [ -1.945436504471966, 43.165121146898223 ], [ -1.945922872952174, 43.164772878780411 ], [ -1.946997546012086, 43.16522993406965 ], [ -1.947639485676861, 43.164422211240712 ], [ -1.948258134228665, 43.165372429861492 ], [ -1.948977646965493, 43.165566421671429 ], [ -1.94948574408416, 43.165241717006154 ], [ -1.949093222645529, 43.164508410064279 ], [ -1.949770403619713, 43.163957510352468 ], [ -1.951461298594803, 43.163785795663934 ], [ -1.951967968351048, 43.165691547749759 ], [ -1.953395233027022, 43.165031789290481 ], [ -1.95280627575726, 43.164368916633535 ], [ -1.953281260613789, 43.164192192645473 ], [ -1.954784826247985, 43.164346828286469 ], [ -1.954967159795677, 43.164835137603376 ], [ -1.956609017400234, 43.165148169307543 ], [ -1.957159768709358, 43.16569129208267 ], [ -1.958128561658762, 43.164888789023053 ], [ -1.959081482879476, 43.164885192499078 ], [ -1.959392842462366, 43.164307690692098 ], [ -1.960347245435961, 43.164198344596883 ], [ -1.961088967325086, 43.164776381612612 ], [ -1.960657602658735, 43.165774805492362 ], [ -1.962565181670356, 43.166502076053526 ], [ -1.963466521795171, 43.166160768806193 ], [ -1.96355974644868, 43.164760143887577 ], [ -1.969037981466477, 43.164274273201585 ], [ -1.969556254177775, 43.163632977843065 ], [ -1.969342792355609, 43.163169721628577 ], [ -1.966906239564815, 43.162855829558467 ], [ -1.966564564401324, 43.161259029292935 ], [ -1.964807345394432, 43.160583135752788 ], [ -1.965126694015906, 43.159868765815318 ], [ -1.96621215995485, 43.159162541252911 ], [ -1.965424852776686, 43.157405042625001 ], [ -1.968205196065944, 43.158181912614161 ], [ -1.968728275962865, 43.157845209528176 ], [ -1.968644634697087, 43.157110469736395 ], [ -1.967311439900337, 43.155943382049529 ], [ -1.965502529293544, 43.156815844153776 ], [ -1.965146767499983, 43.155691001747002 ], [ -1.96277543302141, 43.154985888852998 ], [ -1.963088396568158, 43.154270419681048 ], [ -1.964895249073622, 43.154086159358897 ], [ -1.964348837179993, 43.152422922799857 ], [ -1.964787906600589, 43.149929743992686 ], [ -1.963911196003995, 43.149311069169173 ], [ -1.964062351434226, 43.14897343404413 ], [ -1.965867086528636, 43.148746662482715 ], [ -1.965788467911815, 43.148143807209301 ], [ -1.966431335650266, 43.14751235705198 ], [ -1.96752767971277, 43.147511559429496 ], [ -1.967789836533037, 43.146715480877518 ], [ -1.968877322820231, 43.146401134611658 ], [ -1.968833648422606, 43.144510611328343 ], [ -1.96949275693035, 43.143872073442388 ], [ -1.971407135366494, 43.144366364989899 ], [ -1.972927807390441, 43.145532658894815 ], [ -1.975561852639876, 43.146722432336226 ], [ -1.978367048793723, 43.14668903111486 ], [ -1.980479056629536, 43.145726389553381 ], [ -1.982167549164586, 43.14553198887954 ], [ -1.993528181306794, 43.134855174509276 ], [ -1.998423067752637, 43.129230775906017 ], [ -2.004777871509341, 43.121346119552548 ], [ -2.005503930342857, 43.117368695480195 ], [ -2.008011364503108, 43.12225824664295 ], [ -2.014465064234929, 43.125142463828006 ], [ -2.017451885896283, 43.127106643159856 ], [ -2.016589707507204, 43.129047595293187 ], [ -2.017456254296238, 43.133543002698396 ], [ -2.013103890161943, 43.135829219891029 ], [ -2.010560421317703, 43.139478565528897 ], [ -2.011580426829792, 43.141899713742397 ], [ -2.010433199419228, 43.1434424282265 ], [ -2.011061999933551, 43.143879219962706 ], [ -2.0115054488817, 43.145948928895308 ], [ -2.012761058172893, 43.146802455716454 ], [ -2.012908276314375, 43.147587140893393 ], [ -2.010928613662799, 43.149852713460611 ], [ -2.007712569876888, 43.151505765623341 ], [ -2.006678662207583, 43.15158154738905 ], [ -2.006593829696818, 43.152602644950413 ], [ -2.00286908542913, 43.159655266456419 ], [ -1.993614861643004, 43.174348917146553 ], [ -1.990723904360865, 43.176993511324689 ], [ -1.98815294295384, 43.182249536060581 ], [ -1.983623846417059, 43.188854031684635 ], [ -1.982946813934725, 43.191247838724124 ], [ -1.981463381391266, 43.192467131369888 ], [ -1.978520128389328, 43.193886024534905 ], [ -1.968773582255986, 43.194482189378277 ], [ -1.96687157411358, 43.195309465165934 ] ] ] } },
{ "type": "Feature", "properties": { "municipality_code": "20032", "municipality_name": "Elgoibar", "population_total": 11659, "population_65_plus": 2794, "population_75_plus": 1420, "pct_65_plus": 23.964, "pct_75_plus": 12.179, "reference_period": "2025-01-01", "source_id": "G360_DERIVED_MUNICIPAL_METRICS_V1", "area_km2": 38.826959818526255, "services_hospital": 0, "services_mental_health": 0, "services_other_health": 0, "services_primary_care": 1, "services_total": 1, "primary_care_per_10000_65_plus": 3.579, "primary_care_per_10000_75_plus": 7.042, "hospital_per_10000_65_plus": 0.0, "hospital_per_10000_75_plus": 0.0, "mental_health_per_10000_65_plus": 0.0, "mental_health_per_10000_75_plus": 0.0, "other_health_per_10000_65_plus": 0.0, "other_health_per_10000_75_plus": 0.0, "representative_point_longitude": -2.3995752, "representative_point_latitude": 43.2101646, "distance_to_nearest_primary_care_m": 1244.2, "distance_to_nearest_hospital_m": 4631.0, "distance_to_nearest_mental_health_m": 7117.1, "distance_to_nearest_other_health_m": 31769.2, "metrics_reference_period": "demography=2025-01-01;services=2026-09-20;geography=2025-05-07", "source_ids": "EUSTAT_EMH_2025|ODE_HEALTH_CENTRES_2026|GEOEUSKADI_MUNICIPIOS_2025" }, "geometry": { "type": "Polygon", "coordinates": [ [ [ -2.400797559905914, 43.24421418007779 ], [ -2.397297482110255, 43.242915637042778 ], [ -2.396713180856556, 43.243298041808046 ], [ -2.396147213034441, 43.242499205310871 ], [ -2.394536107229729, 43.241940292086625 ], [ -2.39326736107589, 43.240826069269524 ], [ -2.392858801613281, 43.239382472143902 ], [ -2.392062818162958, 43.238491154000343 ], [ -2.382234731090226, 43.237560932473961 ], [ -2.381274167757299, 43.237147825416059 ], [ -2.379633783978169, 43.234916321429594 ], [ -2.376750628661409, 43.233383334815954 ], [ -2.375942563344004, 43.231144084332122 ], [ -2.371653979683923, 43.230514213053979 ], [ -2.369469890165697, 43.228720245205444 ], [ -2.365810691801159, 43.22715896253181 ], [ -2.364220979920201, 43.221354718354355 ], [ -2.358940758348508, 43.217590971869711 ], [ -2.359789866384491, 43.213901716814966 ], [ -2.359722970081842, 43.211778050557662 ], [ -2.357325089687383, 43.209377077806167 ], [ -2.361880490618557, 43.203126403646046 ], [ -2.365327395763022, 43.199596721112918 ], [ -2.363657388772947, 43.19587807936562 ], [ -2.361733302043839, 43.194546233292904 ], [ -2.36043237530554, 43.191446289535364 ], [ -2.362523705210013, 43.187056364285709 ], [ -2.364744170997779, 43.185780277212821 ], [ -2.366124744400218, 43.185565978980257 ], [ -2.366556334662493, 43.185082318460353 ], [ -2.366969169278678, 43.182019006020454 ], [ -2.365600875088146, 43.179594025558252 ], [ -2.366953646711027, 43.17852470288932 ], [ -2.367497371956498, 43.176669758675047 ], [ -2.370278974340312, 43.176632086204016 ], [ -2.373339485590492, 43.175974713800422 ], [ -2.377669364361047, 43.179174713271131 ], [ -2.378615689081111, 43.179193325359932 ], [ -2.379751617405385, 43.180223520951522 ], [ -2.381433018555054, 43.180933824672799 ], [ -2.382380593469662, 43.180831345951773 ], [ -2.38419525359962, 43.181545692521773 ], [ -2.389235058828727, 43.184614567606168 ], [ -2.393097167540721, 43.185087499879337 ], [ -2.39565579474835, 43.186570689213802 ], [ -2.396727168800286, 43.186502376685006 ], [ -2.400571428900284, 43.187876228450712 ], [ -2.406895439394238, 43.191584979373502 ], [ -2.41108019138819, 43.191781520212452 ], [ -2.414623846912359, 43.192460564897978 ], [ -2.417070343788239, 43.19350046138883 ], [ -2.420235431054747, 43.195588145744438 ], [ -2.424059058243761, 43.196586115657347 ], [ -2.426059662531789, 43.196444861904126 ], [ -2.42744302042021, 43.195368947719906 ], [ -2.429641842756665, 43.195405179287825 ], [ -2.435963252246663, 43.193783376054839 ], [ -2.436526287926032, 43.192801412786707 ], [ -2.437059550793413, 43.193854822877555 ], [ -2.435567840036875, 43.195654696771626 ], [ -2.433786124067226, 43.196604139644514 ], [ -2.433484130782801, 43.197383534827154 ], [ -2.434041093541266, 43.19927857370903 ], [ -2.432426394446755, 43.200410115172993 ], [ -2.434913193154757, 43.202275012892812 ], [ -2.435183762542673, 43.203482062352748 ], [ -2.436261089616216, 43.204568336619758 ], [ -2.437309831952565, 43.206728687270022 ], [ -2.437889238884846, 43.206867421577762 ], [ -2.440244963650516, 43.209512286721896 ], [ -2.441000960766003, 43.209859948658533 ], [ -2.442471997294499, 43.212127171996123 ], [ -2.44476139360709, 43.214025169349448 ], [ -2.446062149413498, 43.214189143310797 ], [ -2.44747868803716, 43.215746018995269 ], [ -2.448705570607763, 43.215716252155211 ], [ -2.449748184917354, 43.216226123308623 ], [ -2.45101941850988, 43.217856560848709 ], [ -2.45302624269788, 43.218094824954804 ], [ -2.454822754399044, 43.218879127215054 ], [ -2.455563455083157, 43.218723968077541 ], [ -2.456710030231731, 43.219272774465615 ], [ -2.458351381781026, 43.219210281980331 ], [ -2.458729471664199, 43.219893155948775 ], [ -2.462040087440677, 43.222054224681209 ], [ -2.462547653264988, 43.223027453578332 ], [ -2.461947394349147, 43.224907254209128 ], [ -2.456233793404066, 43.227943362803991 ], [ -2.451864423530026, 43.230955384236246 ], [ -2.447022293653988, 43.235087567782521 ], [ -2.444060383689931, 43.238255829562839 ], [ -2.444555129194428, 43.239516997976544 ], [ -2.443108787988975, 43.241140174162851 ], [ -2.436733395379801, 43.243751199906747 ], [ -2.434120912514498, 43.242537216485452 ], [ -2.418356776334738, 43.243370363724296 ], [ -2.415547069132751, 43.244155564702368 ], [ -2.413186753038649, 43.244079218445414 ], [ -2.409396648741923, 43.242303409772546 ], [ -2.40791778041235, 43.242063386692863 ], [ -2.405168315262822, 43.24375752437755 ], [ -2.400797559905914, 43.24421418007779 ] ] ] } },
{ "type": "Feature", "properties": { "municipality_code": "20033", "municipality_name": "Elgeta", "population_total": 1109, "population_65_plus": 227, "population_75_plus": 108, "pct_65_plus": 20.469, "pct_75_plus": 9.739, "reference_period": "2025-01-01", "source_id": "G360_DERIVED_MUNICIPAL_METRICS_V1", "area_km2": 17.518091245027914, "services_hospital": 0, "services_mental_health": 0, "services_other_health": 0, "services_primary_care": 1, "services_total": 1, "primary_care_per_10000_65_plus": 44.053, "primary_care_per_10000_75_plus": 92.593, "hospital_per_10000_65_plus": 0.0, "hospital_per_10000_75_plus": 0.0, "mental_health_per_10000_65_plus": 0.0, "mental_health_per_10000_75_plus": 0.0, "other_health_per_10000_65_plus": 0.0, "other_health_per_10000_75_plus": 0.0, "representative_point_longitude": -2.4801632, "representative_point_latitude": 43.1484891, "distance_to_nearest_primary_care_m": 1429.8, "distance_to_nearest_hospital_m": 3763.5, "distance_to_nearest_mental_health_m": 3997.1, "distance_to_nearest_other_health_m": 39885.1, "metrics_reference_period": "demography=2025-01-01;services=2026-09-20;geography=2025-05-07", "source_ids": "EUSTAT_EMH_2025|ODE_HEALTH_CENTRES_2026|GEOEUSKADI_MUNICIPIOS_2025" }, "geometry": { "type": "Polygon", "coordinates": [ [ [ -2.481263533901018, 43.175199742235705 ], [ -2.477188258202259, 43.17410143620053 ], [ -2.474472730481488, 43.171778914663477 ], [ -2.474091584627877, 43.170044625302367 ], [ -2.459362841443515, 43.164092778684463 ], [ -2.458958046415556, 43.158818369363409 ], [ -2.455474707797077, 43.157197276581435 ], [ -2.454788957871461, 43.151402831124642 ], [ -2.464307297555312, 43.141306818326569 ], [ -2.466217812045631, 43.141049828726054 ], [ -2.463856532893603, 43.134913067231679 ], [ -2.472605917545147, 43.12173720338653 ], [ -2.496310121289945, 43.123370850790998 ], [ -2.498767054223352, 43.127530832266707 ], [ -2.501065689107063, 43.130146886103397 ], [ -2.502508745440707, 43.133995362745921 ], [ -2.503360696844749, 43.139874819559736 ], [ -2.501771472084891, 43.145964188681404 ], [ -2.502710898059555, 43.148482875820925 ], [ -2.500651692725899, 43.151169143517073 ], [ -2.500837403320728, 43.15209123785808 ], [ -2.502205822059594, 43.15323937187113 ], [ -2.503293260270234, 43.155266851573828 ], [ -2.504406271257334, 43.155310758922013 ], [ -2.507842837839705, 43.158509247179055 ], [ -2.509734243483447, 43.161234030442898 ], [ -2.509027048626533, 43.162849252861804 ], [ -2.507573280819249, 43.164535639415192 ], [ -2.508010796582965, 43.165231612227963 ], [ -2.50762151170487, 43.166602270145241 ], [ -2.502047348112526, 43.166969584824308 ], [ -2.49973809125525, 43.167819379820834 ], [ -2.492005898879061, 43.169069214755389 ], [ -2.485345502716169, 43.172261185000842 ], [ -2.483782802788637, 43.173746779453573 ], [ -2.481263533901018, 43.175199742235705 ] ] ] } },
{ "type": "Feature", "properties": { "municipality_code": "20034", "municipality_name": "Eskoriatza", "population_total": 4227, "population_65_plus": 961, "population_75_plus": 497, "pct_65_plus": 22.735, "pct_75_plus": 11.758, "reference_period": "2025-01-01", "source_id": "G360_DERIVED_MUNICIPAL_METRICS_V1", "area_km2": 40.322368866163515, "services_hospital": 0, "services_mental_health": 0, "services_other_health": 0, "services_primary_care": 1, "services_total": 1, "primary_care_per_10000_65_plus": 10.406, "primary_care_per_10000_75_plus": 20.121, "hospital_per_10000_65_plus": 0.0, "hospital_per_10000_75_plus": 0.0, "mental_health_per_10000_65_plus": 0.0, "mental_health_per_10000_75_plus": 0.0, "other_health_per_10000_65_plus": 0.0, "other_health_per_10000_75_plus": 0.0, "representative_point_longitude": -2.5499455, "representative_point_latitude": 43.0024219, "distance_to_nearest_primary_care_m": 2261.6, "distance_to_nearest_hospital_m": 8716.5, "distance_to_nearest_mental_health_m": 8687.0, "distance_to_nearest_other_health_m": 52300.3, "metrics_reference_period": "demography=2025-01-01;services=2026-09-20;geography=2025-05-07", "source_ids": "EUSTAT_EMH_2025|ODE_HEALTH_CENTRES_2026|GEOEUSKADI_MUNICIPIOS_2025" }, "geometry": { "type": "Polygon", "coordinates": [ [ [ -2.524855488700002, 43.045353712626778 ], [ -2.521527082924514, 43.03763752417327 ], [ -2.514510015657492, 43.03213242025187 ], [ -2.515583131254167, 43.029525106604659 ], [ -2.510457853134861, 43.025720837248208 ], [ -2.509695582721161, 43.024566713655027 ], [ -2.509270137450974, 43.019527168941366 ], [ -2.510659180921842, 43.018122252038587 ], [ -2.508523936975664, 43.016768929544085 ], [ -2.505696443851266, 43.017641353902675 ], [ -2.500966118343714, 43.020317168381204 ], [ -2.501100554462803, 43.023165109610957 ], [ -2.499739835255543, 43.02245255426876 ], [ -2.497961636200356, 43.020460788251384 ], [ -2.498370297640714, 43.018504957469453 ], [ -2.499813638095853, 43.016378674134778 ], [ -2.497238597960866, 43.011986230671226 ], [ -2.499297999297446, 43.011874095658094 ], [ -2.498139407065888, 43.008460483759919 ], [ -2.501660172043822, 43.00637472720895 ], [ -2.499603198323127, 43.000216943892404 ], [ -2.491830503702827, 42.984199270765131 ], [ -2.483350242300568, 42.964891355985628 ], [ -2.487333088390263, 42.964668466761538 ], [ -2.492271022825454, 42.962440006138223 ], [ -2.492996127589989, 42.961740820409993 ], [ -2.500140170047213, 42.959602364960581 ], [ -2.501203996283457, 42.959484355729202 ], [ -2.505071471567399, 42.96018886489535 ], [ -2.510826458194658, 42.9630466165613 ], [ -2.511236999065943, 42.964018312226656 ], [ -2.534697098549988, 42.973284192668643 ], [ -2.535369628544767, 42.976866815426774 ], [ -2.538733693817298, 42.981554519905288 ], [ -2.541759122543866, 42.983631991138495 ], [ -2.54624283997978, 42.985752903530958 ], [ -2.550220483562558, 42.986885504668727 ], [ -2.560250504020579, 42.992828574562594 ], [ -2.568207667574478, 42.991826166325708 ], [ -2.571952604968553, 42.993302566563315 ], [ -2.57731695980475, 42.992317736568552 ], [ -2.578902988575685, 42.991209734491392 ], [ -2.580565409832191, 42.99086122175661 ], [ -2.588998353151555, 42.986703621057956 ], [ -2.592309085520583, 42.98549527075096 ], [ -2.593162223573491, 42.9869007599752 ], [ -2.592773851259166, 42.987481198040079 ], [ -2.598900858720717, 42.99381107800874 ], [ -2.599637972237948, 42.998786624485639 ], [ -2.600589598702297, 43.001064901359172 ], [ -2.59611003588911, 43.008792728776847 ], [ -2.591815805567495, 43.00819297612631 ], [ -2.589856446495419, 43.007295190886026 ], [ -2.584065311246366, 43.008569850272075 ], [ -2.581668801262368, 43.007862503518218 ], [ -2.580375120850381, 43.008191495361686 ], [ -2.570681633999577, 43.014651341769941 ], [ -2.562942684043199, 43.018528169639964 ], [ -2.56000789197738, 43.018594638416118 ], [ -2.556584720940752, 43.019845555028581 ], [ -2.555043122446067, 43.021091272502346 ], [ -2.54927761616036, 43.019995942176436 ], [ -2.54055879067786, 43.02545731683535 ], [ -2.541049231718631, 43.033317878832776 ], [ -2.536104656829206, 43.036589096333735 ], [ -2.534120582499503, 43.039839319471852 ], [ -2.532388204818345, 43.04095851036606 ], [ -2.530063992285948, 43.044959367725113 ], [ -2.526706725692682, 43.045672145992818 ], [ -2.524855488700002, 43.045353712626778 ] ] ] } },
{ "type": "Feature", "properties": { "municipality_code": "20035", "municipality_name": "Ezkio-Itsaso", "population_total": 632, "population_65_plus": 164, "population_75_plus": 83, "pct_65_plus": 25.949, "pct_75_plus": 13.133, "reference_period": "2025-01-01", "source_id": "G360_DERIVED_MUNICIPAL_METRICS_V1", "area_km2": 21.217891173312921, "services_hospital": 0, "services_mental_health": 0, "services_other_health": 0, "services_primary_care": 1, "services_total": 1, "primary_care_per_10000_65_plus": 60.976, "primary_care_per_10000_75_plus": 120.482, "hospital_per_10000_65_plus": 0.0, "hospital_per_10000_75_plus": 0.0, "mental_health_per_10000_65_plus": 0.0, "mental_health_per_10000_75_plus": 0.0, "other_health_per_10000_65_plus": 0.0, "other_health_per_10000_75_plus": 0.0, "representative_point_longitude": -2.2705022, "representative_point_latitude": 43.0832427, "distance_to_nearest_primary_care_m": 2110.1, "distance_to_nearest_hospital_m": 3432.5, "distance_to_nearest_mental_health_m": 3801.8, "distance_to_nearest_other_health_m": 28873.2, "metrics_reference_period": "demography=2025-01-01;services=2026-09-20;geography=2025-05-07", "source_ids": "EUSTAT_EMH_2025|ODE_HEALTH_CENTRES_2026|GEOEUSKADI_MUNICIPIOS_2025" }, "geometry": { "type": "Polygon", "coordinates": [ [ [ -2.265990055095639, 43.112699900670584 ], [ -2.259306006672898, 43.109420209832066 ], [ -2.25699974037334, 43.107161604616209 ], [ -2.254387603584273, 43.105745153687046 ], [ -2.250939543781387, 43.105580819466013 ], [ -2.249842019319896, 43.10572585231926 ], [ -2.247570601037078, 43.107204110776493 ], [ -2.243251423751956, 43.106911028265856 ], [ -2.241816732108969, 43.10734635967529 ], [ -2.242483957312177, 43.106011694500921 ], [ -2.241797148508095, 43.104840540323138 ], [ -2.242295976992217, 43.104258298271382 ], [ -2.242418743126208, 43.101575322650049 ], [ -2.244486655480006, 43.099526866155315 ], [ -2.243598868560495, 43.099147309268147 ], [ -2.242992168914178, 43.098215987091059 ], [ -2.238089068401105, 43.097190550279358 ], [ -2.236812962007345, 43.095833933176294 ], [ -2.236645228712746, 43.094995355493111 ], [ -2.234928584723858, 43.093622932658675 ], [ -2.240646396171845, 43.091553337563539 ], [ -2.239335826109215, 43.089423080145131 ], [ -2.244365097147149, 43.086829402820193 ], [ -2.244306443592354, 43.081945921029515 ], [ -2.242257830182931, 43.079501648984156 ], [ -2.241977112000463, 43.078349306950599 ], [ -2.239985424040929, 43.077022419812479 ], [ -2.240199475108933, 43.074695027650392 ], [ -2.24249879469798, 43.073507686939536 ], [ -2.247254894788278, 43.073361408132804 ], [ -2.249641761607855, 43.072133620528419 ], [ -2.247622990346181, 43.069628432410227 ], [ -2.247161332861693, 43.067919052341423 ], [ -2.247694057379696, 43.067939539975704 ], [ -2.247395118256457, 43.066369888818294 ], [ -2.248068650679323, 43.065574065207137 ], [ -2.248685801748089, 43.062912945091334 ], [ -2.248374193769122, 43.061626562287465 ], [ -2.246989042280394, 43.060385679338232 ], [ -2.246277399499332, 43.058180733869172 ], [ -2.251018467527304, 43.058219738654266 ], [ -2.252822207402241, 43.057547241240464 ], [ -2.256321407654184, 43.057347468276824 ], [ -2.25777498601667, 43.057580183791089 ], [ -2.260285539459777, 43.056390890201179 ], [ -2.261968307946099, 43.053778226391799 ], [ -2.263209899026437, 43.053589373187762 ], [ -2.263561394361673, 43.055563036823486 ], [ -2.26488272807556, 43.05607368261041 ], [ -2.265441741169006, 43.056850041876011 ], [ -2.268741077060363, 43.059045022560255 ], [ -2.270226420787443, 43.059662342707895 ], [ -2.271446246467342, 43.059694197959871 ], [ -2.271603496691896, 43.060188967142231 ], [ -2.272875063755734, 43.060005034917538 ], [ -2.27648013024188, 43.062273425811441 ], [ -2.276409288888556, 43.063800659872378 ], [ -2.277512646180294, 43.064677425507249 ], [ -2.278089288007799, 43.065896454839951 ], [ -2.279109084010493, 43.065936318961889 ], [ -2.280318157122289, 43.066730668880687 ], [ -2.283920927060359, 43.066760899812174 ], [ -2.283977423726082, 43.067183830665762 ], [ -2.285940179461764, 43.068404378812474 ], [ -2.286397834246394, 43.069460156157234 ], [ -2.287674764803997, 43.069896759221393 ], [ -2.289039096457859, 43.068952194001305 ], [ -2.294445367159257, 43.067695835138494 ], [ -2.296981606800817, 43.068880340805158 ], [ -2.299107191510346, 43.069224143215443 ], [ -2.300036795275993, 43.068794620072097 ], [ -2.299841349912399, 43.067657098716943 ], [ -2.301559679536764, 43.067283718706662 ], [ -2.30218783423307, 43.067474043097739 ], [ -2.303837342012819, 43.070651485714649 ], [ -2.299512757458753, 43.07779400961747 ], [ -2.299702208503638, 43.078351320287481 ], [ -2.298200573911965, 43.07955288266718 ], [ -2.29735552732053, 43.079352373091822 ], [ -2.296758921884267, 43.080310849477762 ], [ -2.297089645904262, 43.082728878615931 ], [ -2.296533419568423, 43.083300784454416 ], [ -2.296954651176812, 43.084703997118083 ], [ -2.29649988049965, 43.086053225357539 ], [ -2.295552762709487, 43.08648142356185 ], [ -2.294250962228816, 43.088034430489792 ], [ -2.291155881802929, 43.089701887407422 ], [ -2.290298551255531, 43.091036842082424 ], [ -2.290550440523046, 43.092545980728332 ], [ -2.29016922686342, 43.093673126860537 ], [ -2.288277101382632, 43.095356995381621 ], [ -2.288332114551888, 43.099033884533611 ], [ -2.287399828713259, 43.100395703998359 ], [ -2.282352100477834, 43.103948823430287 ], [ -2.28044422480649, 43.106712972186337 ], [ -2.275443600152168, 43.10669087188986 ], [ -2.271248552833934, 43.111281117769209 ], [ -2.268252779651644, 43.112674591860213 ], [ -2.265990055095639, 43.112699900670584 ] ] ] } },
{ "type": "Feature", "properties": { "municipality_code": "20036", "municipality_name": "Hondarribia", "population_total": 16960, "population_65_plus": 4377, "population_75_plus": 2254, "pct_65_plus": 25.808, "pct_75_plus": 13.29, "reference_period": "2025-01-01", "source_id": "G360_DERIVED_MUNICIPAL_METRICS_V1", "area_km2": 29.756653294748617, "services_hospital": 1, "services_mental_health": 0, "services_other_health": 0, "services_primary_care": 1, "services_total": 2, "primary_care_per_10000_65_plus": 2.285, "primary_care_per_10000_75_plus": 4.437, "hospital_per_10000_65_plus": 2.285, "hospital_per_10000_75_plus": 4.437, "mental_health_per_10000_65_plus": 0.0, "mental_health_per_10000_75_plus": 0.0, "other_health_per_10000_65_plus": 0.0, "other_health_per_10000_75_plus": 0.0, "representative_point_longitude": -1.8239952, "representative_point_latitude": 43.3617119, "distance_to_nearest_primary_care_m": 2583.5, "distance_to_nearest_hospital_m": 2331.6, "distance_to_nearest_mental_health_m": 4037.4, "distance_to_nearest_other_health_m": 8788.1, "metrics_reference_period": "demography=2025-01-01;services=2026-09-20;geography=2025-05-07", "source_ids": "EUSTAT_EMH_2025|ODE_HEALTH_CENTRES_2026|GEOEUSKADI_MUNICIPIOS_2025" }, "geometry": { "type": "MultiPolygon", "coordinates": [ [ [ [ -1.793958834595671, 43.3938184666005 ], [ -1.791009234446255, 43.393563200427188 ], [ -1.791379845304806, 43.393274476784221 ], [ -1.790888300575444, 43.393292511494536 ], [ -1.791046456011033, 43.392765448063948 ], [ -1.788630033040755, 43.393256364420111 ], [ -1.789319430171269, 43.392832987400915 ], [ -1.788862620489418, 43.392979423070933 ], [ -1.788701682270331, 43.392901361434063 ], [ -1.790543450680081, 43.392316934573095 ], [ -1.79103164263995, 43.391697014776796 ], [ -1.790737209033063, 43.390874955237202 ], [ -1.789363018292688, 43.391226531709123 ], [ -1.790127678832714, 43.390829248686529 ], [ -1.78866580503896, 43.390760105909933 ], [ -1.789095271427843, 43.389939765413096 ], [ -1.788600470738136, 43.390103986621099 ], [ -1.789831960209384, 43.388713696942965 ], [ -1.789507690409782, 43.388157757143603 ], [ -1.7895644290098, 43.387633223415371 ], [ -1.787930487695102, 43.386178099164042 ], [ -1.789357873489043, 43.385449819801792 ], [ -1.78854960679407, 43.386409408877569 ], [ -1.790020778905972, 43.387445719999519 ], [ -1.789666252519869, 43.388162316958919 ], [ -1.79038346207753, 43.388578253810721 ], [ -1.791021856265781, 43.387791901027285 ], [ -1.79029075452118, 43.387596698165765 ], [ -1.792635118649557, 43.385953326975098 ], [ -1.79100525421958, 43.384900334228419 ], [ -1.790220837382664, 43.385413570918367 ], [ -1.790174826263158, 43.385070197895374 ], [ -1.791100588811984, 43.384402140066847 ], [ -1.79284555620519, 43.385483719962863 ], [ -1.793362572532694, 43.385584983225876 ], [ -1.793661802431011, 43.385174135828514 ], [ -1.794009605936931, 43.3853937390708 ], [ -1.796249508800778, 43.382998650865019 ], [ -1.794857416473972, 43.380513008384554 ], [ -1.792022200126492, 43.378682398127303 ], [ -1.790857381848779, 43.378482706273722 ], [ -1.789073151063912, 43.380626046249098 ], [ -1.787200222499435, 43.380004074974721 ], [ -1.791105790283349, 43.374200148715524 ], [ -1.791060490207095, 43.371640263665952 ], [ -1.790271834386364, 43.369630968273945 ], [ -1.788138203020079, 43.366745430871326 ], [ -1.779313231712675, 43.364305563028474 ], [ -1.779342348678273, 43.36285355481813 ], [ -1.782532035362304, 43.35985172477892 ], [ -1.787729407998328, 43.357010492911662 ], [ -1.790350016593779, 43.354928873362255 ], [ -1.791293819231633, 43.353621517317514 ], [ -1.79129117205054, 43.352360238330213 ], [ -1.793216657701051, 43.35033745624829 ], [ -1.795612135679769, 43.349661651140352 ], [ -1.796834515956133, 43.349697024100927 ], [ -1.798244456748444, 43.348831494465067 ], [ -1.801306036241236, 43.345504999714407 ], [ -1.806845878373416, 43.343166935682504 ], [ -1.821113773726902, 43.339878247423208 ], [ -1.826758655205441, 43.336436334331069 ], [ -1.837289306915107, 43.331439080377024 ], [ -1.848373424462667, 43.330051325303067 ], [ -1.849378368994071, 43.33022996806092 ], [ -1.860244751550546, 43.348749066602608 ], [ -1.867414425429861, 43.36257949088904 ], [ -1.871111424896045, 43.368041590738137 ], [ -1.870801420253138, 43.369071623505157 ], [ -1.8680875182716, 43.369409831478876 ], [ -1.867785504711134, 43.370251724836393 ], [ -1.866348005712624, 43.370691395200744 ], [ -1.866174614521111, 43.37143190894102 ], [ -1.865263999255306, 43.371554340816125 ], [ -1.864905035890964, 43.372283556306854 ], [ -1.864782325764186, 43.371821312963 ], [ -1.864169430152981, 43.371751475848384 ], [ -1.863758876382033, 43.372506107930015 ], [ -1.863524696471485, 43.372025016964663 ], [ -1.863319137176644, 43.372404040050768 ], [ -1.863422483818702, 43.371668687512702 ], [ -1.862744252034444, 43.371594591600449 ], [ -1.861841133684083, 43.370022082393675 ], [ -1.861464925899188, 43.370021939188462 ], [ -1.861122927408374, 43.371240971135258 ], [ -1.86077957606517, 43.371186406132757 ], [ -1.860560803639598, 43.371947349310929 ], [ -1.860246607384373, 43.371792404032185 ], [ -1.85974387007352, 43.373887127597392 ], [ -1.858745876518268, 43.374216727703462 ], [ -1.85879908324937, 43.374492883217215 ], [ -1.858559844334664, 43.374138423633894 ], [ -1.858399199045251, 43.374825566146768 ], [ -1.857784966393556, 43.374806016025033 ], [ -1.857272654512071, 43.375327564648344 ], [ -1.857090218398225, 43.374821135231244 ], [ -1.856783112613787, 43.375576235340354 ], [ -1.856821405635367, 43.375154312135017 ], [ -1.855915008760842, 43.374654507970149 ], [ -1.855531912677246, 43.375104405910491 ], [ -1.85469978336726, 43.374423806799555 ], [ -1.854185660658819, 43.374601085504715 ], [ -1.853790617455034, 43.37550107750787 ], [ -1.853602516643776, 43.375205108494868 ], [ -1.853139623803253, 43.375827082675819 ], [ -1.852740646695922, 43.375736368312602 ], [ -1.852022998042143, 43.377259102134417 ], [ -1.850631849977325, 43.377595849029341 ], [ -1.850058043705075, 43.378734357768913 ], [ -1.849949328923757, 43.378425224402555 ], [ -1.848784221482016, 43.379744529220652 ], [ -1.848901264292049, 43.378008221134216 ], [ -1.848571465181252, 43.377692718717547 ], [ -1.847601245141502, 43.377970275374565 ], [ -1.84685190632427, 43.377424709250199 ], [ -1.846382326086832, 43.377509386551964 ], [ -1.84622064553791, 43.376537802654873 ], [ -1.845352032391936, 43.376053963794575 ], [ -1.845095628280088, 43.377004399059338 ], [ -1.844444512244044, 43.376930558495751 ], [ -1.844238068133925, 43.377452977741449 ], [ -1.843021258493233, 43.37748677545099 ], [ -1.842503729645747, 43.378326599770567 ], [ -1.841758829564911, 43.378133657035548 ], [ -1.841181117256263, 43.37841828558696 ], [ -1.841170758120323, 43.379065866008446 ], [ -1.842112736801941, 43.379210923979294 ], [ -1.84099281539688, 43.379360396905106 ], [ -1.840612833659337, 43.380008732484086 ], [ -1.841191699399962, 43.379891329987331 ], [ -1.839874123143852, 43.381180094160513 ], [ -1.839494338665663, 43.380833173611194 ], [ -1.838462327289216, 43.381671898665999 ], [ -1.83751647899508, 43.381721355947789 ], [ -1.837485074504208, 43.382059781440788 ], [ -1.837363660705759, 43.382217924573737 ], [ -1.83726736367247, 43.382263318011972 ], [ -1.837447823566937, 43.381470246183753 ], [ -1.836478365960221, 43.381940949855192 ], [ -1.83617629175396, 43.381701420869256 ], [ -1.835253003095972, 43.382738959374279 ], [ -1.833897086582015, 43.382894422694676 ], [ -1.833831433430179, 43.383524239629367 ], [ -1.833067718054696, 43.383698877266056 ], [ -1.832973973199283, 43.38354016391326 ], [ -1.833105328664372, 43.383565996305926 ], [ -1.83314397647638, 43.383456267160781 ], [ -1.833076188694457, 43.383405331005392 ], [ -1.832914230985374, 43.383488139203507 ], [ -1.832929264006373, 43.383727718986954 ], [ -1.832675829761862, 43.383810223499211 ], [ -1.832607650235182, 43.383522377942981 ], [ -1.831650215955344, 43.384160464449224 ], [ -1.831854129978779, 43.383847394573813 ], [ -1.831062654578026, 43.383994902172091 ], [ -1.831441044087105, 43.383641746098455 ], [ -1.830866010869626, 43.383518361262709 ], [ -1.830025365593186, 43.384149164026432 ], [ -1.829847381615727, 43.383858212383949 ], [ -1.828500857830459, 43.384158588119909 ], [ -1.828399378486457, 43.38401744037774 ], [ -1.828470382852518, 43.383971705269644 ], [ -1.828486713156886, 43.383918656719338 ], [ -1.828463131046278, 43.383893112828126 ], [ -1.827684171535187, 43.384178672260994 ], [ -1.827389291433319, 43.384719963178675 ], [ -1.826934435370924, 43.38510590764249 ], [ -1.826457536685295, 43.385341431125944 ], [ -1.827079241216021, 43.384664738069866 ], [ -1.826265101032938, 43.384981172086931 ], [ -1.826178116678651, 43.384383379329542 ], [ -1.825706971330852, 43.384538459676939 ], [ -1.825869569026003, 43.384256851725731 ], [ -1.825099203612414, 43.384134943810871 ], [ -1.823718530117661, 43.385471945826858 ], [ -1.823906898209205, 43.38508408409416 ], [ -1.823315412596461, 43.385166692212209 ], [ -1.823277236614957, 43.384753268823374 ], [ -1.822263693654617, 43.385292641431732 ], [ -1.822508612996423, 43.384732660572034 ], [ -1.821783033001951, 43.384841793445922 ], [ -1.821438654835679, 43.384309237738329 ], [ -1.821732652368028, 43.383376352884348 ], [ -1.82088366889884, 43.384024921106217 ], [ -1.820616543251514, 43.384997339867581 ], [ -1.818052550468112, 43.38625525007037 ], [ -1.817170998866993, 43.386492044082367 ], [ -1.817083437779105, 43.385922062202873 ], [ -1.81612502732328, 43.386473115916225 ], [ -1.816050407835641, 43.386126755681538 ], [ -1.81565549353091, 43.38652426100527 ], [ -1.815239376951473, 43.386152842351265 ], [ -1.815059612912931, 43.386514305974245 ], [ -1.814657100309233, 43.386312938607453 ], [ -1.814798537470795, 43.387006120185646 ], [ -1.813825869983831, 43.387792470878956 ], [ -1.812601483423896, 43.387697013381143 ], [ -1.811991283910358, 43.388071920325963 ], [ -1.811426547478742, 43.387838511424398 ], [ -1.810803457277157, 43.388354466457614 ], [ -1.809875658064698, 43.388150229578464 ], [ -1.809388718514817, 43.388578720726024 ], [ -1.809316090403311, 43.388195549147078 ], [ -1.809127244965667, 43.388470106633449 ], [ -1.808507355668379, 43.38839278487935 ], [ -1.808543748200417, 43.388079181890745 ], [ -1.807828918278081, 43.388197162336652 ], [ -1.805534800712484, 43.389335414716754 ], [ -1.805909066474373, 43.389126100297574 ], [ -1.805315404657895, 43.38795230366609 ], [ -1.804162437507865, 43.388871753419679 ], [ -1.804299051385396, 43.388435389890383 ], [ -1.803332159469787, 43.388148301224717 ], [ -1.802876685487856, 43.389058377025968 ], [ -1.801403216067838, 43.389954903445251 ], [ -1.801838205255639, 43.390186372018768 ], [ -1.801645853174547, 43.390473936581287 ], [ -1.798445315754682, 43.392164865358353 ], [ -1.79684387020828, 43.392601485769525 ], [ -1.796713644266626, 43.392992615318839 ], [ -1.793660291776112, 43.393991532631034 ], [ -1.793958834595671, 43.3938184666005 ] ] ], [ [ [ -1.791138019613505, 43.395886153858761 ], [ -1.79152660066848, 43.395427077455864 ], [ -1.790514203829125, 43.395215216348717 ], [ -1.79192321444145, 43.394675263053507 ], [ -1.792167845310784, 43.394152083197298 ], [ -1.793443679614737, 43.394329251575577 ], [ -1.79296835073091, 43.394867377588028 ], [ -1.793315635059104, 43.394938935734515 ], [ -1.791138019613505, 43.395886153858761 ] ] ] ] } },
{ "type": "Feature", "properties": { "municipality_code": "20037", "municipality_name": "Gaintza", "population_total": 124, "population_65_plus": 27, "population_75_plus": 13, "pct_65_plus": 21.774, "pct_75_plus": 10.484, "reference_period": "2025-01-01", "source_id": "G360_DERIVED_MUNICIPAL_METRICS_V1", "area_km2": 5.8989862785204155, "services_hospital": 0, "services_mental_health": 0, "services_other_health": 0, "services_primary_care": 0, "services_total": 0, "primary_care_per_10000_65_plus": 0.0, "primary_care_per_10000_75_plus": 0.0, "hospital_per_10000_65_plus": 0.0, "hospital_per_10000_75_plus": 0.0, "mental_health_per_10000_65_plus": 0.0, "mental_health_per_10000_75_plus": 0.0, "other_health_per_10000_65_plus": 0.0, "other_health_per_10000_75_plus": 0.0, "representative_point_longitude": -2.1324256, "representative_point_latitude": 43.0546598, "distance_to_nearest_primary_care_m": 1664.7, "distance_to_nearest_hospital_m": 15029.0, "distance_to_nearest_mental_health_m": 4706.2, "distance_to_nearest_other_health_m": 25134.4, "metrics_reference_period": "demography=2025-01-01;services=2026-09-20;geography=2025-05-07", "source_ids": "EUSTAT_EMH_2025|ODE_HEALTH_CENTRES_2026|GEOEUSKADI_MUNICIPIOS_2025" }, "geometry": { "type": "Polygon", "coordinates": [ [ [ -2.120463673782886, 43.068693104100703 ], [ -2.120015506885099, 43.06669487554889 ], [ -2.119242804718716, 43.065452105220508 ], [ -2.118195181457885, 43.065304094489385 ], [ -2.117996192727763, 43.064717560297375 ], [ -2.117936024195595, 43.063269717541935 ], [ -2.119266713080294, 43.062306744230106 ], [ -2.119146607563796, 43.060678385874468 ], [ -2.118300511402339, 43.05952056458711 ], [ -2.117229132972345, 43.059003108781788 ], [ -2.116233671283603, 43.054727771873537 ], [ -2.113902882025088, 43.051805297229031 ], [ -2.114182350807387, 43.050478492785217 ], [ -2.114975992063145, 43.049956613625866 ], [ -2.115494771572168, 43.048764798555972 ], [ -2.11686427472735, 43.047611917502756 ], [ -2.118573741378782, 43.046973423848229 ], [ -2.118969111770668, 43.04639162801854 ], [ -2.119602149940358, 43.045008179762874 ], [ -2.119766771915873, 43.041822634795267 ], [ -2.121811698249973, 43.040462724878445 ], [ -2.122677208828103, 43.041944104304072 ], [ -2.124087826193014, 43.041573293527634 ], [ -2.125383047955202, 43.042586553896321 ], [ -2.126661381175346, 43.042568037491897 ], [ -2.129283332561192, 43.043348981961223 ], [ -2.132186124173174, 43.042965862592638 ], [ -2.134457552734376, 43.043388326283264 ], [ -2.136033455637206, 43.042592587733253 ], [ -2.138746719518295, 43.042006850511001 ], [ -2.140537057053898, 43.041040953168554 ], [ -2.141632797359965, 43.041311717510595 ], [ -2.147654248590468, 43.05017463867744 ], [ -2.148913355678956, 43.052712367309219 ], [ -2.148799209066998, 43.055094454067458 ], [ -2.144153631789814, 43.060133992729021 ], [ -2.14142705020037, 43.062179297877975 ], [ -2.137307190745552, 43.063814880000415 ], [ -2.136060895114537, 43.063931641927979 ], [ -2.134553082655897, 43.06491874522272 ], [ -2.133327810285267, 43.064730367843481 ], [ -2.131682755226932, 43.06509864737987 ], [ -2.128978675645586, 43.06602998661964 ], [ -2.127826537036708, 43.066829491271648 ], [ -2.125308285720798, 43.066833956639663 ], [ -2.123273982514617, 43.067338946597225 ], [ -2.120463673782886, 43.068693104100703 ] ] ] } },
{ "type": "Feature", "properties": { "municipality_code": "20038", "municipality_name": "Gabiria", "population_total": 542, "population_65_plus": 123, "population_75_plus": 55, "pct_65_plus": 22.694, "pct_75_plus": 10.148, "reference_period": "2025-01-01", "source_id": "G360_DERIVED_MUNICIPAL_METRICS_V1", "area_km2": 14.826865030335222, "services_hospital": 0, "services_mental_health": 0, "services_other_health": 0, "services_primary_care": 1, "services_total": 1, "primary_care_per_10000_65_plus": 81.301, "primary_care_per_10000_75_plus": 181.818, "hospital_per_10000_65_plus": 0.0, "hospital_per_10000_75_plus": 0.0, "mental_health_per_10000_65_plus": 0.0, "mental_health_per_10000_75_plus": 0.0, "other_health_per_10000_65_plus": 0.0, "other_health_per_10000_75_plus": 0.0, "representative_point_longitude": -2.293212, "representative_point_latitude": 43.0514759, "distance_to_nearest_primary_care_m": 1065.1, "distance_to_nearest_hospital_m": 3929.9, "distance_to_nearest_mental_health_m": 4341.2, "distance_to_nearest_other_health_m": 32681.5, "metrics_reference_period": "demography=2025-01-01;services=2026-09-20;geography=2025-05-07", "source_ids": "EUSTAT_EMH_2025|ODE_HEALTH_CENTRES_2026|GEOEUSKADI_MUNICIPIOS_2025" }, "geometry": { "type": "Polygon", "coordinates": [ [ [ -2.30218783423307, 43.067474043097739 ], [ -2.301559679536764, 43.067283718706662 ], [ -2.299841349912399, 43.067657098716943 ], [ -2.300036795275993, 43.068794620072097 ], [ -2.299107191510346, 43.069224143215443 ], [ -2.297105059683751, 43.068919738432406 ], [ -2.294305404549069, 43.067700919869111 ], [ -2.289039096457859, 43.068952194001305 ], [ -2.287633914057508, 43.069904096086724 ], [ -2.286368791459084, 43.069437896752135 ], [ -2.285940179461764, 43.068404378812474 ], [ -2.283977423726082, 43.067183830665762 ], [ -2.283920927060359, 43.066760899812174 ], [ -2.280318157122289, 43.066730668880687 ], [ -2.279109084010493, 43.065936318961889 ], [ -2.278089288007799, 43.065896454839951 ], [ -2.277512646180294, 43.064677425507249 ], [ -2.276409288888556, 43.063800659872378 ], [ -2.27648013024188, 43.062273425811441 ], [ -2.272875063755734, 43.060005034917538 ], [ -2.271603496691896, 43.060188967142231 ], [ -2.271446246467342, 43.059694197959871 ], [ -2.270226420787443, 43.059662342707895 ], [ -2.268799810701668, 43.059078068702092 ], [ -2.265441741169006, 43.056850041876011 ], [ -2.26488272807556, 43.05607368261041 ], [ -2.263561394361673, 43.055563036823486 ], [ -2.263161694346913, 43.054796922396456 ], [ -2.263452616818221, 43.053753805524373 ], [ -2.26219810511017, 43.053887463236251 ], [ -2.261631151287419, 43.053551381522269 ], [ -2.261324568930497, 43.052312886737091 ], [ -2.264386071167431, 43.051761049872994 ], [ -2.269002615431047, 43.043144225409456 ], [ -2.271229708312533, 43.040083771127144 ], [ -2.2713918476568, 43.039211357684124 ], [ -2.270865513210213, 43.038788577959274 ], [ -2.271752744548891, 43.038118878148346 ], [ -2.277614102987848, 43.03837179020713 ], [ -2.285636103908012, 43.039696162935577 ], [ -2.287870866985733, 43.038506806642182 ], [ -2.287893288141437, 43.037611188216239 ], [ -2.290002073704665, 43.037143677385487 ], [ -2.291618953453012, 43.036109264678771 ], [ -2.293064933577516, 43.035986449417052 ], [ -2.294015902164821, 43.034707408102044 ], [ -2.298271215584515, 43.036068341702432 ], [ -2.301470994822546, 43.034967156191236 ], [ -2.304820961882, 43.034546489929305 ], [ -2.30918287846153, 43.033271321440488 ], [ -2.311145978741838, 43.033058930089261 ], [ -2.314919074577447, 43.035933098950601 ], [ -2.321138006255206, 43.042046499683977 ], [ -2.320498756252356, 43.042429648091144 ], [ -2.320280319965155, 43.043222998850993 ], [ -2.320565178768781, 43.045946673972594 ], [ -2.321289809811629, 43.047651688017694 ], [ -2.321099669254986, 43.050152230694565 ], [ -2.323388523272176, 43.054159525645183 ], [ -2.326700730722055, 43.056560725032377 ], [ -2.3275390662338, 43.059512583722231 ], [ -2.327052350638149, 43.061706622899891 ], [ -2.321022918581129, 43.065378254423287 ], [ -2.30654826943023, 43.066957011264108 ], [ -2.303837342012819, 43.070651485714649 ], [ -2.30218783423307, 43.067474043097739 ] ] ] } },
{ "type": "Feature", "properties": { "municipality_code": "20039", "municipality_name": "Getaria", "population_total": 2931, "population_65_plus": 574, "population_75_plus": 301, "pct_65_plus": 19.584, "pct_75_plus": 10.27, "reference_period": "2025-01-01", "source_id": "G360_DERIVED_MUNICIPAL_METRICS_V1", "area_km2": 11.005080393298803, "services_hospital": 0, "services_mental_health": 0, "services_other_health": 0, "services_primary_care": 1, "services_total": 1, "primary_care_per_10000_65_plus": 17.422, "primary_care_per_10000_75_plus": 33.223, "hospital_per_10000_65_plus": 0.0, "hospital_per_10000_75_plus": 0.0, "mental_health_per_10000_65_plus": 0.0, "mental_health_per_10000_75_plus": 0.0, "other_health_per_10000_65_plus": 0.0, "other_health_per_10000_75_plus": 0.0, "representative_point_longitude": -2.2113986, "representative_point_latitude": 43.2923736, "distance_to_nearest_primary_care_m": 1153.5, "distance_to_nearest_hospital_m": 14826.6, "distance_to_nearest_mental_health_m": 2913.3, "distance_to_nearest_other_health_m": 16215.4, "metrics_reference_period": "demography=2025-01-01;services=2026-09-20;geography=2025-05-07", "source_ids": "EUSTAT_EMH_2025|ODE_HEALTH_CENTRES_2026|GEOEUSKADI_MUNICIPIOS_2025" }, "geometry": { "type": "Polygon", "coordinates": [ [ [ -2.198025915121891, 43.30390726263704 ], [ -2.197474868099147, 43.305419224412738 ], [ -2.199985933972601, 43.306343034085053 ], [ -2.200815374625257, 43.305241992862712 ], [ -2.200909875322743, 43.306273224360105 ], [ -2.200395112279882, 43.306704726816058 ], [ -2.201992009114266, 43.306759461607065 ], [ -2.201386396042991, 43.306473662248045 ], [ -2.202768783993483, 43.304940375757489 ], [ -2.202393480060019, 43.304533814808387 ], [ -2.201339312999724, 43.305163260899846 ], [ -2.201349748397689, 43.303885857379086 ], [ -2.200405681580605, 43.303386802182004 ], [ -2.199437198995587, 43.304120022059642 ], [ -2.199051644626296, 43.30399855268189 ], [ -2.200225873492013, 43.303202122181688 ], [ -2.201398572057899, 43.303565726086049 ], [ -2.20171403419897, 43.303211437813587 ], [ -2.200686398667282, 43.300358459641885 ], [ -2.196731519435223, 43.299274968118461 ], [ -2.193407821903796, 43.299724677454627 ], [ -2.19330142593042, 43.299193108113762 ], [ -2.191872386443294, 43.298674262435064 ], [ -2.192173113303629, 43.296809200103112 ], [ -2.1916516158091, 43.296298738659303 ], [ -2.191804181848031, 43.295753689735122 ], [ -2.190957235803388, 43.295271630554133 ], [ -2.190368803279295, 43.293452415571949 ], [ -2.189317592064361, 43.292568700595616 ], [ -2.189324901604162, 43.286606207385951 ], [ -2.190020317721556, 43.285826456673341 ], [ -2.192336607345205, 43.284874698930999 ], [ -2.195829197100186, 43.281464095541814 ], [ -2.193561270143419, 43.281330288742218 ], [ -2.194607658707466, 43.278687922078731 ], [ -2.193668623507884, 43.275879035949821 ], [ -2.19873644840451, 43.273520874340733 ], [ -2.202852559352695, 43.272876575615591 ], [ -2.207128765077643, 43.272928610163419 ], [ -2.211681943875011, 43.275069544367852 ], [ -2.213262140956717, 43.27422107858601 ], [ -2.213623984354376, 43.274574287131863 ], [ -2.213731470272439, 43.278800038853319 ], [ -2.212362434184996, 43.280863873186455 ], [ -2.212398372605335, 43.281638221265148 ], [ -2.214186396267629, 43.283020575908736 ], [ -2.215985790879865, 43.283490876542785 ], [ -2.217108781243171, 43.284223461342009 ], [ -2.218252715524506, 43.285907164439635 ], [ -2.222306176543388, 43.286089834561558 ], [ -2.223616362115857, 43.288323777381734 ], [ -2.228151377399382, 43.290567084972736 ], [ -2.234349887019376, 43.292954023998725 ], [ -2.241910941276612, 43.295137841702093 ], [ -2.24675729950409, 43.300891473070067 ], [ -2.248720851320379, 43.302199750024172 ], [ -2.247067420430109, 43.304499041822538 ], [ -2.248286312295959, 43.302329305322097 ], [ -2.246742099672434, 43.301418599391219 ], [ -2.245901007295915, 43.301438900250012 ], [ -2.245787984131721, 43.301994637228908 ], [ -2.24443843832937, 43.303019634482951 ], [ -2.24457926416241, 43.303415955066299 ], [ -2.240931683377798, 43.303458349787682 ], [ -2.238964057911867, 43.304908515981296 ], [ -2.239643129420596, 43.306683328660327 ], [ -2.239265081330582, 43.30819655185902 ], [ -2.238486929290463, 43.30806648043383 ], [ -2.237769907495054, 43.308521116701414 ], [ -2.232994067626776, 43.309148323098846 ], [ -2.228178947896536, 43.311000944363954 ], [ -2.224728535067283, 43.310405729598102 ], [ -2.223125332616015, 43.310604567382292 ], [ -2.223088853824626, 43.310244767924026 ], [ -2.220558950075475, 43.309356004847594 ], [ -2.215745354663288, 43.308920957001192 ], [ -2.214827226907314, 43.30771354068888 ], [ -2.213963915036324, 43.307288088817351 ], [ -2.212105183224923, 43.307150496729612 ], [ -2.210552846022518, 43.305880595869517 ], [ -2.209222337285131, 43.306041050553254 ], [ -2.208499430889702, 43.305698919694294 ], [ -2.207154443952422, 43.303842589665791 ], [ -2.206537097544538, 43.303805171870138 ], [ -2.205143008841765, 43.304324780112303 ], [ -2.203156267876702, 43.30701061163564 ], [ -2.203750524292817, 43.308469705628696 ], [ -2.203017281956585, 43.30981528106765 ], [ -2.203306667523949, 43.310741704023044 ], [ -2.202807915680999, 43.31018246817964 ], [ -2.202393352941787, 43.3105031113327 ], [ -2.202627586302371, 43.311921970032493 ], [ -2.202067783669055, 43.311570760666463 ], [ -2.200824603134752, 43.311755858746217 ], [ -2.199838271511248, 43.310117699120923 ], [ -2.198790301936612, 43.31004066761782 ], [ -2.199432526262174, 43.309671475917078 ], [ -2.198885923584467, 43.309257041290437 ], [ -2.199648514639334, 43.30686518868113 ], [ -2.196581573620143, 43.305643649781864 ], [ -2.198025915121891, 43.30390726263704 ] ] ] } },
{ "type": "Feature", "properties": { "municipality_code": "20040", "municipality_name": "Hernani", "population_total": 20428, "population_65_plus": 4557, "population_75_plus": 2298, "pct_65_plus": 22.308, "pct_75_plus": 11.249, "reference_period": "2025-01-01", "source_id": "G360_DERIVED_MUNICIPAL_METRICS_V1", "area_km2": 39.893326472006194, "services_hospital": 0, "services_mental_health": 0, "services_other_health": 0, "services_primary_care": 2, "services_total": 2, "primary_care_per_10000_65_plus": 4.389, "primary_care_per_10000_75_plus": 8.703, "hospital_per_10000_65_plus": 0.0, "hospital_per_10000_75_plus": 0.0, "mental_health_per_10000_65_plus": 0.0, "mental_health_per_10000_75_plus": 0.0, "other_health_per_10000_65_plus": 0.0, "other_health_per_10000_75_plus": 0.0, "representative_point_longitude": -1.9243882, "representative_point_latitude": 43.2278527, "distance_to_nearest_primary_care_m": 5882.0, "distance_to_nearest_hospital_m": 8071.7, "distance_to_nearest_mental_health_m": 7977.6, "distance_to_nearest_other_health_m": 8411.5, "metrics_reference_period": "demography=2025-01-01;services=2026-09-20;geography=2025-05-07", "source_ids": "EUSTAT_EMH_2025|ODE_HEALTH_CENTRES_2026|GEOEUSKADI_MUNICIPIOS_2025" }, "geometry": { "type": "Polygon", "coordinates": [ [ [ -1.981943582404197, 43.283090377455991 ], [ -1.974692009527445, 43.281152798555226 ], [ -1.970697847110101, 43.277881693992896 ], [ -1.966866648522516, 43.276950739215891 ], [ -1.967664624478615, 43.275882484212374 ], [ -1.965336542683961, 43.275650345126728 ], [ -1.964341907170574, 43.275008421515132 ], [ -1.959810675742415, 43.275049307531006 ], [ -1.95758242329842, 43.277017805088313 ], [ -1.958698514466305, 43.274443661933987 ], [ -1.959531017700858, 43.273580154342461 ], [ -1.953485220487262, 43.269254079452203 ], [ -1.952428102678062, 43.268957384439041 ], [ -1.949430002984928, 43.266960418695341 ], [ -1.947049196896248, 43.26802986989459 ], [ -1.943472422027986, 43.267859167505136 ], [ -1.940909853888017, 43.265582007111725 ], [ -1.940848982554025, 43.263725906375264 ], [ -1.940282578696087, 43.263038491274308 ], [ -1.93876248159963, 43.262379712165156 ], [ -1.939055394810765, 43.260942446615807 ], [ -1.940214042453777, 43.260205435562355 ], [ -1.938777719501109, 43.25888547406845 ], [ -1.939356202596151, 43.257499675277586 ], [ -1.938679636549823, 43.256732525431957 ], [ -1.9382958508201, 43.254405838941395 ], [ -1.938467068300151, 43.253016246374003 ], [ -1.939543772711975, 43.252693522032274 ], [ -1.939267301258856, 43.25240238915184 ], [ -1.935112589262154, 43.253378173055701 ], [ -1.933521078992266, 43.253312012748957 ], [ -1.93267441077419, 43.254997148789535 ], [ -1.931136231453736, 43.255879446113155 ], [ -1.930231596567968, 43.255991046276314 ], [ -1.929613635263546, 43.256563844017485 ], [ -1.928399987510103, 43.256254972292751 ], [ -1.928008185889711, 43.256845849524758 ], [ -1.926966093208399, 43.256604327187134 ], [ -1.926382593080999, 43.258502764993828 ], [ -1.925024409121513, 43.258653764144185 ], [ -1.92496304737072, 43.259419604357056 ], [ -1.922084134474284, 43.258666166190338 ], [ -1.919773865648146, 43.259328002539277 ], [ -1.915223369591707, 43.253387610823665 ], [ -1.908147245600385, 43.25544208718911 ], [ -1.905504476774609, 43.256560661051864 ], [ -1.90450325828734, 43.255024775859951 ], [ -1.904047358184321, 43.251149165294002 ], [ -1.902115140357308, 43.249983891797548 ], [ -1.900765188592965, 43.250523250125646 ], [ -1.900821774541124, 43.251853735800239 ], [ -1.897336907851028, 43.250896927564035 ], [ -1.892980170669009, 43.250307157908793 ], [ -1.893298515462497, 43.2489566431993 ], [ -1.892178556696711, 43.247330256125068 ], [ -1.892719905007765, 43.245772468556794 ], [ -1.892364885396467, 43.2445076024323 ], [ -1.899407069806826, 43.241849667859391 ], [ -1.898943199944901, 43.239788452744712 ], [ -1.900919736392168, 43.237137848019771 ], [ -1.902680726480675, 43.236554828172316 ], [ -1.904625973899779, 43.236796045988058 ], [ -1.90626355269399, 43.236539862187726 ], [ -1.907316486865445, 43.236011201781174 ], [ -1.908724538948671, 43.236099616991652 ], [ -1.909929409067351, 43.23557805836996 ], [ -1.90850090335946, 43.233772112291092 ], [ -1.908566105164478, 43.231945693618499 ], [ -1.910470988208598, 43.2307644314537 ], [ -1.910952835483035, 43.229889081887706 ], [ -1.911644766932179, 43.229736475602024 ], [ -1.911945956486817, 43.228854872408782 ], [ -1.91089156734588, 43.227446812287695 ], [ -1.914458166158664, 43.224996823617545 ], [ -1.914813043377247, 43.22378821582511 ], [ -1.916053162636294, 43.22299724398907 ], [ -1.915930823041109, 43.22261832395786 ], [ -1.912977478698465, 43.221339643866983 ], [ -1.913624958426149, 43.22067496468015 ], [ -1.91382876479172, 43.219112173710094 ], [ -1.912749734734473, 43.217206484388534 ], [ -1.912360903562907, 43.21511430459455 ], [ -1.913432945511171, 43.210207953291544 ], [ -1.911694771363908, 43.207437478158774 ], [ -1.911890612264317, 43.206131358556391 ], [ -1.911050298602953, 43.204611371672407 ], [ -1.911380026045541, 43.202286347685352 ], [ -1.91375248978742, 43.198668051427212 ], [ -1.91501552751954, 43.193367091330103 ], [ -1.917971174718696, 43.190018696843886 ], [ -1.919470098171207, 43.189861726970108 ], [ -1.922084594913876, 43.186724826695986 ], [ -1.922026855494864, 43.184547876091678 ], [ -1.921560674597791, 43.183657195141507 ], [ -1.922974238195994, 43.178810224993015 ], [ -1.922376490502131, 43.177018324362642 ], [ -1.92099376182293, 43.175447913314365 ], [ -1.920594779743293, 43.173617783534084 ], [ -1.920889367886307, 43.172590799957305 ], [ -1.927080442501173, 43.173413060041881 ], [ -1.92965101750329, 43.174218599066769 ], [ -1.931475487434754, 43.175064763316229 ], [ -1.932170034929664, 43.176254890616377 ], [ -1.934306640588675, 43.177366454911414 ], [ -1.935791996906952, 43.179002761967595 ], [ -1.937466792355262, 43.179634867322001 ], [ -1.938035100365104, 43.18028427606955 ], [ -1.943748662420707, 43.180698573933412 ], [ -1.947321201282781, 43.181877258348635 ], [ -1.954422879194728, 43.185992066957937 ], [ -1.956266623587824, 43.188692335720965 ], [ -1.958375512705322, 43.189246645812673 ], [ -1.94570441008113, 43.19329645320601 ], [ -1.944390977247778, 43.194723062685817 ], [ -1.943930852086461, 43.198129021093926 ], [ -1.942981301039524, 43.199464711661541 ], [ -1.943800061806743, 43.201843198700949 ], [ -1.942666706633519, 43.202557302463305 ], [ -1.942801065384059, 43.20338830847929 ], [ -1.941482445441946, 43.203765275725004 ], [ -1.940520301992648, 43.204609254060948 ], [ -1.941712305283184, 43.206616148781194 ], [ -1.94129845038663, 43.208700065937137 ], [ -1.942025117897838, 43.209020716617339 ], [ -1.942147131907292, 43.210084615618229 ], [ -1.946301473044879, 43.211608551759802 ], [ -1.947631458443295, 43.211686848518347 ], [ -1.952593482565856, 43.213766001553964 ], [ -1.95343602981972, 43.213713579940581 ], [ -1.951296060368227, 43.215030776667597 ], [ -1.949803926076118, 43.217062152227633 ], [ -1.948730915859013, 43.217737009790298 ], [ -1.943823642658237, 43.218278954202887 ], [ -1.938072670772625, 43.219781182206084 ], [ -1.934962593674123, 43.221773538293917 ], [ -1.933016519700463, 43.223846902064921 ], [ -1.931122885748928, 43.223524847602569 ], [ -1.93075495650107, 43.22320924072983 ], [ -1.930968163297304, 43.222610315213046 ], [ -1.930135248015375, 43.222261513462264 ], [ -1.926822304399071, 43.223461858992465 ], [ -1.930137819895194, 43.22379888678482 ], [ -1.933338444342224, 43.227159436437482 ], [ -1.933797746518331, 43.226868263848097 ], [ -1.941623469675166, 43.229061619658424 ], [ -1.942522155053922, 43.227710141671125 ], [ -1.946486549326697, 43.22833649865629 ], [ -1.951273737654832, 43.232712309807212 ], [ -1.96335136613667, 43.240506248618779 ], [ -1.963264694342347, 43.24120689845914 ], [ -1.962053567413998, 43.242086799286341 ], [ -1.962256523132828, 43.243231763893093 ], [ -1.965138879047841, 43.243323615411867 ], [ -1.967134762283704, 43.246089032289518 ], [ -1.96825928307117, 43.245334846115789 ], [ -1.96966646376412, 43.245258218708436 ], [ -1.970492397686068, 43.245736890995794 ], [ -1.97165073423571, 43.245409865457788 ], [ -1.974098717999353, 43.245529866862945 ], [ -1.975887421025455, 43.247459267121009 ], [ -1.975962523033404, 43.24938848784911 ], [ -1.976487064814766, 43.249313644962669 ], [ -1.97733146147329, 43.251272794378288 ], [ -1.977067213459936, 43.254214984773114 ], [ -1.978017732353941, 43.255278293486981 ], [ -1.977741100060534, 43.256354938693853 ], [ -1.978298838279306, 43.257013482671582 ], [ -1.977421711043954, 43.258419336055326 ], [ -1.980411170079418, 43.259056757406512 ], [ -1.984203713013474, 43.257758757296301 ], [ -1.988258843708977, 43.259024778428092 ], [ -1.990325892207512, 43.260155110523883 ], [ -1.994062322791768, 43.260405645616437 ], [ -1.996001665039558, 43.260986759419289 ], [ -2.000026545107645, 43.26107291478543 ], [ -1.999849797860413, 43.264304058698123 ], [ -2.000359390000856, 43.265466303374048 ], [ -1.998398725288343, 43.265341815708339 ], [ -1.998292956803726, 43.266896068566311 ], [ -2.000081253583522, 43.266985174316716 ], [ -2.00236329024749, 43.268098098091812 ], [ -2.002731548079584, 43.268769451228302 ], [ -2.004669161295836, 43.269896484408712 ], [ -2.004656677729821, 43.270616067673323 ], [ -2.003716028714988, 43.27185987019805 ], [ -2.004677912413776, 43.272905928176371 ], [ -2.006554495204651, 43.273956094754581 ], [ -2.007081091547085, 43.277259645125831 ], [ -2.00576163958468, 43.277692973062173 ], [ -2.003579273451294, 43.277234225917574 ], [ -2.002595314566519, 43.277399528054858 ], [ -2.001031683278583, 43.278457709305634 ], [ -2.001613620617004, 43.279882557278661 ], [ -1.999775897915083, 43.279888712023173 ], [ -1.997437233607288, 43.281103815783005 ], [ -1.995221335827437, 43.281218647185149 ], [ -1.993423155669878, 43.281131106173383 ], [ -1.994597502081402, 43.27946106658046 ], [ -1.994694135018516, 43.278521095683288 ], [ -1.991000099508006, 43.277944496914849 ], [ -1.989220730101351, 43.279267130913858 ], [ -1.989355164728217, 43.280259772467538 ], [ -1.986667535060549, 43.282573639505635 ], [ -1.984089172028447, 43.283349489416992 ], [ -1.981943582404197, 43.283090377455991 ] ] ] } },
{ "type": "Feature", "properties": { "municipality_code": "20041", "municipality_name": "Hernialde", "population_total": 323, "population_65_plus": 82, "population_75_plus": 27, "pct_65_plus": 25.387, "pct_75_plus": 8.359, "reference_period": "2025-01-01", "source_id": "G360_DERIVED_MUNICIPAL_METRICS_V1", "area_km2": 4.2559999377674043, "services_hospital": 0, "services_mental_health": 0, "services_other_health": 0, "services_primary_care": 0, "services_total": 0, "primary_care_per_10000_65_plus": 0.0, "primary_care_per_10000_75_plus": 0.0, "hospital_per_10000_65_plus": 0.0, "hospital_per_10000_75_plus": 0.0, "mental_health_per_10000_65_plus": 0.0, "mental_health_per_10000_75_plus": 0.0, "other_health_per_10000_65_plus": 0.0, "other_health_per_10000_75_plus": 0.0, "representative_point_longitude": -2.09712, "representative_point_latitude": 43.1546428, "distance_to_nearest_primary_care_m": 2192.5, "distance_to_nearest_hospital_m": 18562.2, "distance_to_nearest_mental_health_m": 2519.9, "distance_to_nearest_other_health_m": 13854.8, "metrics_reference_period": "demography=2025-01-01;services=2026-09-20;geography=2025-05-07", "source_ids": "EUSTAT_EMH_2025|ODE_HEALTH_CENTRES_2026|GEOEUSKADI_MUNICIPIOS_2025" }, "geometry": { "type": "Polygon", "coordinates": [ [ [ -2.088021930017788, 43.160463141331029 ], [ -2.08222221099789, 43.160306598956289 ], [ -2.079528832817428, 43.159215303444533 ], [ -2.079746867615805, 43.157803318566494 ], [ -2.074190963340167, 43.15523046044315 ], [ -2.072136554799012, 43.153671922025055 ], [ -2.072222250274378, 43.150288220138968 ], [ -2.072732575045057, 43.150258064448224 ], [ -2.074640432515995, 43.148342149606073 ], [ -2.077904439507436, 43.149311392771317 ], [ -2.079252074290188, 43.148837789072346 ], [ -2.084825486459466, 43.148182114867488 ], [ -2.088442765458995, 43.146281941899574 ], [ -2.09000300880223, 43.146201922745277 ], [ -2.091031563257932, 43.147070078291961 ], [ -2.092407765973325, 43.147402511241701 ], [ -2.095148554294583, 43.1489712958358 ], [ -2.097914897429734, 43.148290833519617 ], [ -2.101265303661219, 43.148919017602999 ], [ -2.104140113562694, 43.148438943112446 ], [ -2.109250746109197, 43.149978004555209 ], [ -2.11732636624051, 43.150660573370082 ], [ -2.121310707107785, 43.152055557283482 ], [ -2.120836824100424, 43.156160256287293 ], [ -2.116068514584992, 43.156163992116674 ], [ -2.111748583724322, 43.158500059058113 ], [ -2.108191813617837, 43.158162184394122 ], [ -2.099227322602576, 43.159250527081511 ], [ -2.097509483472043, 43.159914246508599 ], [ -2.09720357725656, 43.160565308719193 ], [ -2.096049103150885, 43.160877888089004 ], [ -2.091105997840192, 43.160948358299827 ], [ -2.090006722843265, 43.161571267997964 ], [ -2.088021930017788, 43.160463141331029 ] ] ] } },
{ "type": "Feature", "properties": { "municipality_code": "20042", "municipality_name": "Ibarra", "population_total": 4076, "population_65_plus": 1127, "population_75_plus": 574, "pct_65_plus": 27.65, "pct_75_plus": 14.082, "reference_period": "2025-01-01", "source_id": "G360_DERIVED_MUNICIPAL_METRICS_V1", "area_km2": 5.1348471663156312, "services_hospital": 0, "services_mental_health": 0, "services_other_health": 0, "services_primary_care": 1, "services_total": 1, "primary_care_per_10000_65_plus": 8.873, "primary_care_per_10000_75_plus": 17.422, "hospital_per_10000_65_plus": 0.0, "hospital_per_10000_75_plus": 0.0, "mental_health_per_10000_65_plus": 0.0, "mental_health_per_10000_75_plus": 0.0, "other_health_per_10000_65_plus": 0.0, "other_health_per_10000_75_plus": 0.0, "representative_point_longitude": -2.055256, "representative_point_latitude": 43.1425819, "distance_to_nearest_primary_care_m": 927.7, "distance_to_nearest_hospital_m": 18114.7, "distance_to_nearest_mental_health_m": 2057.0, "distance_to_nearest_other_health_m": 13881.8, "metrics_reference_period": "demography=2025-01-01;services=2026-09-20;geography=2025-05-07", "source_ids": "EUSTAT_EMH_2025|ODE_HEALTH_CENTRES_2026|GEOEUSKADI_MUNICIPIOS_2025" }, "geometry": { "type": "Polygon", "coordinates": [ [ [ -2.027103552434609, 43.162395001492861 ], [ -2.024598320069079, 43.160336588410594 ], [ -2.025300252439088, 43.158246732497901 ], [ -2.010005580938943, 43.160845169105421 ], [ -2.010989209427087, 43.159628081562758 ], [ -2.011491998771859, 43.157576493554238 ], [ -2.024010534042132, 43.155190130576614 ], [ -2.030415929776756, 43.152338001026223 ], [ -2.033723150830608, 43.151531806525249 ], [ -2.034079980218175, 43.150536704267822 ], [ -2.036125457083279, 43.148825624790803 ], [ -2.038150344771096, 43.148315931918702 ], [ -2.037403779044572, 43.147617177067154 ], [ -2.037368503949446, 43.145011798859933 ], [ -2.053524638376274, 43.141545319020565 ], [ -2.05341216694921, 43.139757252687993 ], [ -2.055410346671032, 43.13927794183455 ], [ -2.056934266739338, 43.137136949878197 ], [ -2.056757597936966, 43.135747294740412 ], [ -2.058259919421109, 43.133962955847238 ], [ -2.055678007321598, 43.134270849890143 ], [ -2.051916955180562, 43.130068995800073 ], [ -2.049524134530829, 43.128913637337213 ], [ -2.050161338542423, 43.128507490468394 ], [ -2.052028323468955, 43.128293558928434 ], [ -2.052401171095051, 43.127474760847413 ], [ -2.053179731077523, 43.128491455474396 ], [ -2.054290748758667, 43.12705822716751 ], [ -2.055315472984431, 43.127503146504104 ], [ -2.057017877418004, 43.125654347125298 ], [ -2.058286992749614, 43.125783852341151 ], [ -2.058556329613163, 43.125019462266955 ], [ -2.057577396563129, 43.122786656084095 ], [ -2.058176732334795, 43.122222576819055 ], [ -2.060289370480761, 43.121999698998913 ], [ -2.06168026923894, 43.122397735823668 ], [ -2.063881557063361, 43.121270309360909 ], [ -2.064764530663018, 43.122320468061481 ], [ -2.065682063434265, 43.121907106079227 ], [ -2.068035403496039, 43.124503135995376 ], [ -2.068494404882963, 43.12651545664216 ], [ -2.06853848767407, 43.128235722442483 ], [ -2.067107416278817, 43.130426818809852 ], [ -2.068225975189271, 43.131801186109172 ], [ -2.069918465660548, 43.132113784013804 ], [ -2.071071875503016, 43.133726852711753 ], [ -2.066952184146655, 43.139828439826246 ], [ -2.06478341448, 43.138789382374014 ], [ -2.055629386461421, 43.148907486913863 ], [ -2.052240553572137, 43.150639942473759 ], [ -2.04239753660861, 43.153743975017527 ], [ -2.03002853163161, 43.156953349212337 ], [ -2.031272111688844, 43.160126896070075 ], [ -2.027103552434609, 43.162395001492861 ] ] ] } },
{ "type": "Feature", "properties": { "municipality_code": "20043", "municipality_name": "Idiazabal", "population_total": 2279, "population_65_plus": 559, "population_75_plus": 299, "pct_65_plus": 24.528, "pct_75_plus": 13.12, "reference_period": "2025-01-01", "source_id": "G360_DERIVED_MUNICIPAL_METRICS_V1", "area_km2": 29.302905019671432, "services_hospital": 0, "services_mental_health": 0, "services_other_health": 0, "services_primary_care": 1, "services_total": 1, "primary_care_per_10000_65_plus": 17.889, "primary_care_per_10000_75_plus": 33.445, "hospital_per_10000_65_plus": 0.0, "hospital_per_10000_75_plus": 0.0, "mental_health_per_10000_65_plus": 0.0, "mental_health_per_10000_75_plus": 0.0, "other_health_per_10000_65_plus": 0.0, "other_health_per_10000_75_plus": 0.0, "representative_point_longitude": -2.2253279, "representative_point_latitude": 42.991227, "distance_to_nearest_primary_care_m": 2311.2, "distance_to_nearest_hospital_m": 12507.9, "distance_to_nearest_mental_health_m": 7289.9, "distance_to_nearest_other_health_m": 34788.6, "metrics_reference_period": "demography=2025-01-01;services=2026-09-20;geography=2025-05-07", "source_ids": "EUSTAT_EMH_2025|ODE_HEALTH_CENTRES_2026|GEOEUSKADI_MUNICIPIOS_2025" }, "geometry": { "type": "Polygon", "coordinates": [ [ [ -2.229020020591097, 43.036690690465782 ], [ -2.225325062143062, 43.035351663906674 ], [ -2.219734613705491, 43.035205428893995 ], [ -2.219728854805222, 43.031778183805429 ], [ -2.221595680592835, 43.026371585190461 ], [ -2.217937682498142, 43.024376545399846 ], [ -2.216349767292557, 43.021938544687877 ], [ -2.215276989201551, 43.017476690818292 ], [ -2.215072883137629, 43.008864520773734 ], [ -2.213327003400585, 43.006714922567646 ], [ -2.211620180756587, 43.005444726386777 ], [ -2.207640694705772, 43.003578329292338 ], [ -2.206341157686078, 43.002175077093895 ], [ -2.20545717300465, 43.000261498927642 ], [ -2.202427578905561, 42.999111826567948 ], [ -2.201997254705824, 42.997524661983661 ], [ -2.202342777673176, 42.996359389768202 ], [ -2.202080185150694, 42.994415783810368 ], [ -2.203062439884101, 42.993887031280877 ], [ -2.203030401328817, 42.993260000801314 ], [ -2.20530691897684, 42.992456890275847 ], [ -2.205570445629714, 42.991547280813137 ], [ -2.20748639228113, 42.989407472838209 ], [ -2.209379143115171, 42.989063945299293 ], [ -2.213409159269251, 42.987430522605308 ], [ -2.211645701168269, 42.98290253049035 ], [ -2.210117584600775, 42.981269316004351 ], [ -2.211250459880491, 42.980867916162552 ], [ -2.212652639021377, 42.979678445708537 ], [ -2.214275313459653, 42.979489765229999 ], [ -2.217464154602219, 42.977946110995035 ], [ -2.218031607484298, 42.977150567236755 ], [ -2.216775700310341, 42.97296397652574 ], [ -2.219429772975686, 42.965516017332703 ], [ -2.216294746279955, 42.96288211151716 ], [ -2.215576803860327, 42.960848622533859 ], [ -2.215409374630386, 42.958430407256749 ], [ -2.213168434834285, 42.955420766137905 ], [ -2.213661390114923, 42.952954893794157 ], [ -2.212225166677529, 42.951626393786469 ], [ -2.226307563405533, 42.947803560164438 ], [ -2.230498567902939, 42.946993525016225 ], [ -2.239865471713283, 42.946124981885305 ], [ -2.250949256157012, 42.948555588636914 ], [ -2.255653556193778, 42.947912783600621 ], [ -2.258355178578363, 42.946634393102357 ], [ -2.259756894893993, 42.948576865289795 ], [ -2.26130689896124, 42.949320705462497 ], [ -2.258755224482458, 42.958886455402663 ], [ -2.262681205095474, 42.968891166363257 ], [ -2.261484595172557, 42.969686798251132 ], [ -2.261611299963327, 42.969961075783637 ], [ -2.259087922513443, 42.971067401682163 ], [ -2.258538522446881, 42.971712220682811 ], [ -2.255744599123675, 42.972433165287683 ], [ -2.255161554734651, 42.973674516490163 ], [ -2.253631000997476, 42.975070778876344 ], [ -2.252321717763794, 42.981620985959459 ], [ -2.246889507618993, 42.985396577215838 ], [ -2.244448617447755, 42.989541552011552 ], [ -2.244345301027706, 42.995363690438786 ], [ -2.245537711274085, 42.995229413183239 ], [ -2.246784138629791, 42.995597404732607 ], [ -2.246240536017921, 42.997220550527402 ], [ -2.247214643944635, 42.999940417956488 ], [ -2.246224722158891, 43.00320538050719 ], [ -2.244311316578092, 43.007049741795278 ], [ -2.245024903131241, 43.011301609656982 ], [ -2.244636518345688, 43.011584163821503 ], [ -2.245418650379715, 43.01213631942607 ], [ -2.245738304707365, 43.013300430050215 ], [ -2.246572647287668, 43.013339742187107 ], [ -2.246742499135606, 43.014750050210878 ], [ -2.249721045556528, 43.016801053771665 ], [ -2.247680193309682, 43.020394364955756 ], [ -2.247837149803452, 43.025538417417316 ], [ -2.247199186626032, 43.028400403136821 ], [ -2.246124573395616, 43.028973705563168 ], [ -2.2448403302447, 43.032177850733206 ], [ -2.242620407738535, 43.032392450574832 ], [ -2.241114715348545, 43.033052717004253 ], [ -2.239503441767317, 43.032401127493884 ], [ -2.238027368069246, 43.034091138244328 ], [ -2.23680896642809, 43.034715399648512 ], [ -2.235401442031505, 43.03493401063097 ], [ -2.233239497894122, 43.036085330561548 ], [ -2.230656461113369, 43.035964618010397 ], [ -2.229020020591097, 43.036690690465782 ] ] ] } },
{ "type": "Feature", "properties": { "municipality_code": "20044", "municipality_name": "Ikaztegieta", "population_total": 488, "population_65_plus": 115, "population_75_plus": 49, "pct_65_plus": 23.566, "pct_75_plus": 10.041, "reference_period": "2025-01-01", "source_id": "G360_DERIVED_MUNICIPAL_METRICS_V1", "area_km2": 2.0530014938494268, "services_hospital": 0, "services_mental_health": 0, "services_other_health": 0, "services_primary_care": 1, "services_total": 1, "primary_care_per_10000_65_plus": 86.957, "primary_care_per_10000_75_plus": 204.082, "hospital_per_10000_65_plus": 0.0, "hospital_per_10000_75_plus": 0.0, "mental_health_per_10000_65_plus": 0.0, "mental_health_per_10000_75_plus": 0.0, "other_health_per_10000_65_plus": 0.0, "other_health_per_10000_75_plus": 0.0, "representative_point_longitude": -2.1207862, "representative_point_latitude": 43.0900958, "distance_to_nearest_primary_care_m": 558.9, "distance_to_nearest_hospital_m": 15633.5, "distance_to_nearest_mental_health_m": 6148.4, "distance_to_nearest_other_health_m": 21141.7, "metrics_reference_period": "demography=2025-01-01;services=2026-09-20;geography=2025-05-07", "source_ids": "EUSTAT_EMH_2025|ODE_HEALTH_CENTRES_2026|GEOEUSKADI_MUNICIPIOS_2025" }, "geometry": { "type": "Polygon", "coordinates": [ [ [ -2.123806163032829, 43.096981596466883 ], [ -2.119943554641256, 43.096450710553988 ], [ -2.118183190570416, 43.094870655879575 ], [ -2.116552395620069, 43.095068180808248 ], [ -2.114483603257759, 43.095896623510427 ], [ -2.113721222245713, 43.094097281082568 ], [ -2.112537535750739, 43.093391017328592 ], [ -2.11183760243988, 43.093717328703256 ], [ -2.110212247331681, 43.093326586804643 ], [ -2.108228739415603, 43.094036937938974 ], [ -2.1055121609074, 43.096829214067462 ], [ -2.10385544243745, 43.095776870977247 ], [ -2.105175108187094, 43.093126054418178 ], [ -2.110483220412342, 43.090301525996047 ], [ -2.114599414016824, 43.086612364687554 ], [ -2.115846263712991, 43.086628312638446 ], [ -2.118059620333118, 43.085412171225691 ], [ -2.118771079166765, 43.085515085353151 ], [ -2.119231300772079, 43.084743218198739 ], [ -2.121007456036325, 43.084585512826756 ], [ -2.123204944904439, 43.083474960373643 ], [ -2.125686756370619, 43.084185365090889 ], [ -2.127029134190072, 43.083918737129899 ], [ -2.127849832184035, 43.084181248234458 ], [ -2.129790071634837, 43.086980105015236 ], [ -2.131034410671311, 43.088056365136353 ], [ -2.129829681625159, 43.088479296576828 ], [ -2.129544787643202, 43.08898950735081 ], [ -2.131604626161262, 43.09093499353137 ], [ -2.132304005047081, 43.090742191781501 ], [ -2.133035003439245, 43.091878745019621 ], [ -2.131472476658145, 43.09314819914642 ], [ -2.133782756048008, 43.093301775194313 ], [ -2.133494855588274, 43.095013009933453 ], [ -2.133005777423331, 43.094861452496097 ], [ -2.132028358673763, 43.09535494106607 ], [ -2.130224070282038, 43.095149970697975 ], [ -2.127582917967457, 43.095759123450584 ], [ -2.126429831869201, 43.09675299014863 ], [ -2.123806163032829, 43.096981596466883 ] ] ] } },
{ "type": "Feature", "properties": { "municipality_code": "20045", "municipality_name": "Irun", "population_total": 60665, "population_65_plus": 14709, "population_75_plus": 7604, "pct_65_plus": 24.246, "pct_75_plus": 12.534, "reference_period": "2025-01-01", "source_id": "G360_DERIVED_MUNICIPAL_METRICS_V1", "area_km2": 41.880423715408881, "services_hospital": 0, "services_mental_health": 2, "services_other_health": 0, "services_primary_care": 4, "services_total": 6, "primary_care_per_10000_65_plus": 2.719, "primary_care_per_10000_75_plus": 5.26, "hospital_per_10000_65_plus": 0.0, "hospital_per_10000_75_plus": 0.0, "mental_health_per_10000_65_plus": 1.36, "mental_health_per_10000_75_plus": 2.63, "other_health_per_10000_65_plus": 0.0, "other_health_per_10000_75_plus": 0.0, "representative_point_longitude": -1.7920861, "representative_point_latitude": 43.3208857, "distance_to_nearest_primary_care_m": 1862.8, "distance_to_nearest_hospital_m": 2967.5, "distance_to_nearest_mental_health_m": 1657.8, "distance_to_nearest_other_health_m": 9652.7, "metrics_reference_period": "demography=2025-01-01;services=2026-09-20;geography=2025-05-07", "source_ids": "EUSTAT_EMH_2025|ODE_HEALTH_CENTRES_2026|GEOEUSKADI_MUNICIPIOS_2025" }, "geometry": { "type": "Polygon", "coordinates": [ [ [ -1.789561305354631, 43.352750498485442 ], [ -1.784321314877643, 43.348853547470256 ], [ -1.782189789069384, 43.348032746329601 ], [ -1.777725557643642, 43.348025409127025 ], [ -1.776367821194026, 43.344199195122954 ], [ -1.773056383489958, 43.343134550426292 ], [ -1.772274496160333, 43.342527379009894 ], [ -1.768587405953606, 43.342227093660192 ], [ -1.761981531653984, 43.344144254309704 ], [ -1.75877367020638, 43.344153541922935 ], [ -1.757396504331114, 43.343783197704369 ], [ -1.754150607001373, 43.341932729043187 ], [ -1.75292678829884, 43.340771168186905 ], [ -1.751521224513725, 43.336088266743758 ], [ -1.752788350783174, 43.335111875692014 ], [ -1.752918308101434, 43.333910131216072 ], [ -1.751627802929228, 43.332400261152443 ], [ -1.748990429471003, 43.330998047832431 ], [ -1.741462976414231, 43.331627931720099 ], [ -1.737142828031944, 43.33008522251022 ], [ -1.738234984505503, 43.327974688232914 ], [ -1.738683393203567, 43.325838687063388 ], [ -1.737244914964597, 43.323956890721135 ], [ -1.737407877330759, 43.322818029042296 ], [ -1.738172936396009, 43.320868844239612 ], [ -1.741686165461851, 43.316770326130765 ], [ -1.737743525443334, 43.313673855458404 ], [ -1.737937306023188, 43.313230459564387 ], [ -1.739992186574823, 43.312491230221113 ], [ -1.74040002064252, 43.311331017665474 ], [ -1.738803188289537, 43.310686296710578 ], [ -1.736630528218761, 43.31075032678131 ], [ -1.735568168270019, 43.309992060814587 ], [ -1.734364948989247, 43.30753825485472 ], [ -1.733433669763832, 43.302111167881755 ], [ -1.731851270843589, 43.299844029513437 ], [ -1.730471407500452, 43.296031184515449 ], [ -1.72929962670585, 43.294818638310325 ], [ -1.729379345943587, 43.293677989688057 ], [ -1.733222702470748, 43.294189230005145 ], [ -1.734213162827309, 43.295196001189261 ], [ -1.735394703493048, 43.295078139530986 ], [ -1.735746478512641, 43.29461569062952 ], [ -1.737721967046213, 43.294998659679528 ], [ -1.737839261931975, 43.295972955985867 ], [ -1.7388344888237, 43.295710727954244 ], [ -1.73977592491734, 43.29597519156075 ], [ -1.740940581893799, 43.29350526005161 ], [ -1.743194676869458, 43.294577432009952 ], [ -1.745268233528369, 43.293103507898948 ], [ -1.746613988801974, 43.293402349727238 ], [ -1.749863389190746, 43.292848855539155 ], [ -1.750787524239993, 43.291579266510091 ], [ -1.751578981483822, 43.291291938804164 ], [ -1.751481346422291, 43.290485260214624 ], [ -1.753946729777279, 43.289164750389993 ], [ -1.7551639577494, 43.289562489741172 ], [ -1.75516379853802, 43.290246902203094 ], [ -1.7557526863899, 43.290431415785356 ], [ -1.757247318073396, 43.290095961372444 ], [ -1.758144694444941, 43.290288855924899 ], [ -1.759567535766967, 43.28948833202351 ], [ -1.761202266430286, 43.289584119371334 ], [ -1.761293247277187, 43.288982449530828 ], [ -1.760799374744663, 43.288604502964347 ], [ -1.761230263235758, 43.28785308679204 ], [ -1.762320190877479, 43.287959069498108 ], [ -1.763359591510054, 43.287560691534296 ], [ -1.763727356437269, 43.286527756902274 ], [ -1.764748379185657, 43.285865632521833 ], [ -1.767044124220921, 43.286513516596116 ], [ -1.767845328416158, 43.28780434449547 ], [ -1.773154070742345, 43.288953214550816 ], [ -1.783467912213367, 43.286876409675827 ], [ -1.788231189976655, 43.29252362615339 ], [ -1.790542736596455, 43.293483545016436 ], [ -1.79482588091738, 43.296225139304767 ], [ -1.797663145189207, 43.295854274660705 ], [ -1.799046068380556, 43.296128629531651 ], [ -1.801140047781818, 43.297598603334713 ], [ -1.808234313275477, 43.300479622393368 ], [ -1.810886014099786, 43.30282246564586 ], [ -1.812644748688857, 43.30354747561897 ], [ -1.814223859486958, 43.305806607625819 ], [ -1.820137781910975, 43.307467814743617 ], [ -1.828326058597948, 43.31201593360678 ], [ -1.831684187828114, 43.31278898879404 ], [ -1.83315695543464, 43.312669344369908 ], [ -1.838971453897546, 43.316831303735036 ], [ -1.840190537932899, 43.318286515571344 ], [ -1.84198542754471, 43.318669097055896 ], [ -1.84369190884893, 43.319766850936411 ], [ -1.846922561748522, 43.323163012656373 ], [ -1.849685268649636, 43.325061881840654 ], [ -1.852100767162683, 43.32535358492818 ], [ -1.849378368994071, 43.33022996806092 ], [ -1.848373424462667, 43.330051325303067 ], [ -1.837289306915107, 43.331439080377024 ], [ -1.826758655205441, 43.336436334331069 ], [ -1.821113773726902, 43.339878247423208 ], [ -1.806845878373416, 43.343166935682504 ], [ -1.801306036241236, 43.345504999714407 ], [ -1.798244456748444, 43.348831494465067 ], [ -1.796834515956133, 43.349697024100927 ], [ -1.795612135679769, 43.349661651140352 ], [ -1.793216657701051, 43.35033745624829 ], [ -1.79129117205054, 43.352360238330213 ], [ -1.790838140095944, 43.354433301221619 ], [ -1.789297807275337, 43.355539853055639 ], [ -1.789955442784173, 43.353847248092102 ], [ -1.789561305354631, 43.352750498485442 ] ] ] } },
{ "type": "Feature", "properties": { "municipality_code": "20046", "municipality_name": "Irura", "population_total": 1846, "population_65_plus": 222, "population_75_plus": 91, "pct_65_plus": 12.026, "pct_75_plus": 4.93, "reference_period": "2025-01-01", "source_id": "G360_DERIVED_MUNICIPAL_METRICS_V1", "area_km2": 2.9011924934977271, "services_hospital": 0, "services_mental_health": 0, "services_other_health": 0, "services_primary_care": 1, "services_total": 1, "primary_care_per_10000_65_plus": 45.045, "primary_care_per_10000_75_plus": 109.89, "hospital_per_10000_65_plus": 0.0, "hospital_per_10000_75_plus": 0.0, "mental_health_per_10000_65_plus": 0.0, "mental_health_per_10000_75_plus": 0.0, "other_health_per_10000_65_plus": 0.0, "other_health_per_10000_75_plus": 0.0, "representative_point_longitude": -2.0589424, "representative_point_latitude": 43.1668157, "distance_to_nearest_primary_care_m": 835.0, "distance_to_nearest_hospital_m": 15804.9, "distance_to_nearest_mental_health_m": 3768.6, "distance_to_nearest_other_health_m": 11371.9, "metrics_reference_period": "demography=2025-01-01;services=2026-09-20;geography=2025-05-07", "source_ids": "EUSTAT_EMH_2025|ODE_HEALTH_CENTRES_2026|GEOEUSKADI_MUNICIPIOS_2025" }, "geometry": { "type": "Polygon", "coordinates": [ [ [ -2.057795202047596, 43.176517519672174 ], [ -2.055057516837433, 43.175849574344888 ], [ -2.054333629078242, 43.174237766158484 ], [ -2.045684082445903, 43.165822266718877 ], [ -2.040363911075978, 43.159387975846293 ], [ -2.044955568296382, 43.159525369253075 ], [ -2.048035362039131, 43.158550266407275 ], [ -2.049942465326003, 43.159336980436116 ], [ -2.054235111886433, 43.159181285588616 ], [ -2.057047909121655, 43.158362432257469 ], [ -2.060749660968058, 43.160188116038157 ], [ -2.065731108379125, 43.157245023084393 ], [ -2.066286295248302, 43.157784448252201 ], [ -2.06627780902335, 43.159613346799446 ], [ -2.068082837169396, 43.163108169431077 ], [ -2.070428021437778, 43.163849537728126 ], [ -2.071400584400726, 43.165200774734018 ], [ -2.071077752926651, 43.167507712958098 ], [ -2.069514628537853, 43.169366638028542 ], [ -2.066752116150251, 43.169795144590424 ], [ -2.065460400409062, 43.170853702806831 ], [ -2.062583746203268, 43.172055401811036 ], [ -2.059611570865401, 43.174451940505413 ], [ -2.057795202047596, 43.176517519672174 ] ] ] } },
{ "type": "Feature", "properties": { "municipality_code": "20047", "municipality_name": "Itsasondo", "population_total": 702, "population_65_plus": 121, "population_75_plus": 66, "pct_65_plus": 17.236, "pct_75_plus": 9.402, "reference_period": "2025-01-01", "source_id": "G360_DERIVED_MUNICIPAL_METRICS_V1", "area_km2": 8.9423243345293937, "services_hospital": 0, "services_mental_health": 0, "services_other_health": 0, "services_primary_care": 1, "services_total": 1, "primary_care_per_10000_65_plus": 82.645, "primary_care_per_10000_75_plus": 151.515, "hospital_per_10000_65_plus": 0.0, "hospital_per_10000_75_plus": 0.0, "mental_health_per_10000_65_plus": 0.0, "mental_health_per_10000_75_plus": 0.0, "other_health_per_10000_65_plus": 0.0, "other_health_per_10000_75_plus": 0.0, "representative_point_longitude": -2.1811911, "representative_point_latitude": 43.0814235, "distance_to_nearest_primary_care_m": 1981.8, "distance_to_nearest_hospital_m": 10705.5, "distance_to_nearest_mental_health_m": 3394.9, "distance_to_nearest_other_health_m": 24360.0, "metrics_reference_period": "demography=2025-01-01;services=2026-09-20;geography=2025-05-07", "source_ids": "EUSTAT_EMH_2025|ODE_HEALTH_CENTRES_2026|GEOEUSKADI_MUNICIPIOS_2025" }, "geometry": { "type": "Polygon", "coordinates": [ [ [ -2.196026760672253, 43.10110568055233 ], [ -2.188649746965978, 43.098310163637322 ], [ -2.184819129904016, 43.097761513495996 ], [ -2.180232495086079, 43.097651339085928 ], [ -2.17843055952359, 43.095950951507589 ], [ -2.177007659981449, 43.095421892411579 ], [ -2.176234373615201, 43.094463255462841 ], [ -2.175229950664046, 43.09410326393278 ], [ -2.174946489678406, 43.093539566341533 ], [ -2.173403266345755, 43.09323097151011 ], [ -2.172274410202486, 43.092376329177135 ], [ -2.171224266215421, 43.092485739178301 ], [ -2.170252557239416, 43.091565043003932 ], [ -2.170084171653389, 43.090729109818881 ], [ -2.169131552956239, 43.090705199997473 ], [ -2.168268201309541, 43.089992422737843 ], [ -2.16765639101685, 43.088745560262893 ], [ -2.168784955051361, 43.088471665985693 ], [ -2.168395162142996, 43.087719072568241 ], [ -2.168860146761342, 43.086939579466666 ], [ -2.167185412110283, 43.086402751983684 ], [ -2.16792831280707, 43.085111100187888 ], [ -2.167778330242399, 43.083466856175676 ], [ -2.16682498865511, 43.08282413628995 ], [ -2.167142002145698, 43.081191385538361 ], [ -2.165590883182278, 43.080813707697914 ], [ -2.165092113821959, 43.078427523722191 ], [ -2.16410892908309, 43.078171386568698 ], [ -2.16322243170119, 43.076856862574715 ], [ -2.161809517517433, 43.077279621656594 ], [ -2.161486819854613, 43.076871141779201 ], [ -2.160341518042475, 43.076927722089096 ], [ -2.158658615836294, 43.077839228830292 ], [ -2.15660600914629, 43.076222146731126 ], [ -2.156189171668208, 43.075026104071654 ], [ -2.157264726251886, 43.074595311147256 ], [ -2.158271673111931, 43.073432354729277 ], [ -2.157059360493451, 43.0692439816792 ], [ -2.158155814836551, 43.068573310480829 ], [ -2.157718129551742, 43.067519348431198 ], [ -2.158674040266979, 43.066390535219654 ], [ -2.159976317290359, 43.06603140940144 ], [ -2.160248703403736, 43.066303912757661 ], [ -2.161327283283728, 43.064845101274827 ], [ -2.165108435006414, 43.066133732075549 ], [ -2.167087602388039, 43.064432783801479 ], [ -2.168746029552449, 43.063981841981956 ], [ -2.172098694603906, 43.063970642170304 ], [ -2.172964326401958, 43.063364853881687 ], [ -2.172530185140656, 43.062426635813274 ], [ -2.173090716218554, 43.061485001818042 ], [ -2.174515533678547, 43.060588700364448 ], [ -2.175766498756552, 43.060381982731158 ], [ -2.177687958087025, 43.060735148865604 ], [ -2.179317014154645, 43.062274580099022 ], [ -2.179851904538334, 43.065047572829606 ], [ -2.182037962145112, 43.068291084952946 ], [ -2.181963108959062, 43.071232006006184 ], [ -2.182471093429196, 43.072980878548563 ], [ -2.185580466611165, 43.07681951116475 ], [ -2.186889484197132, 43.077457182476849 ], [ -2.191093102224155, 43.080920004377745 ], [ -2.196304400737769, 43.081756989972668 ], [ -2.198800728046919, 43.082819514286058 ], [ -2.206555128878035, 43.084539541659538 ], [ -2.207300341407476, 43.086875623838708 ], [ -2.20645317922555, 43.088687569739243 ], [ -2.202544447466616, 43.091346554711762 ], [ -2.200252578487378, 43.099193530933903 ], [ -2.200466878795876, 43.100892486689702 ], [ -2.198824868643678, 43.102551995660129 ], [ -2.196026760672253, 43.10110568055233 ] ] ] } },
{ "type": "Feature", "properties": { "municipality_code": "20048", "municipality_name": "Larraul", "population_total": 262, "population_65_plus": 39, "population_75_plus": 12, "pct_65_plus": 14.885, "pct_75_plus": 4.58, "reference_period": "2025-01-01", "source_id": "G360_DERIVED_MUNICIPAL_METRICS_V1", "area_km2": 5.5668134423689546, "services_hospital": 0, "services_mental_health": 0, "services_other_health": 0, "services_primary_care": 0, "services_total": 0, "primary_care_per_10000_65_plus": 0.0, "primary_care_per_10000_75_plus": 0.0, "hospital_per_10000_65_plus": 0.0, "hospital_per_10000_75_plus": 0.0, "mental_health_per_10000_65_plus": 0.0, "mental_health_per_10000_75_plus": 0.0, "other_health_per_10000_65_plus": 0.0, "other_health_per_10000_75_plus": 0.0, "representative_point_longitude": -2.1185889, "representative_point_latitude": 43.1838864, "distance_to_nearest_primary_care_m": 2009.1, "distance_to_nearest_hospital_m": 17166.6, "distance_to_nearest_mental_health_m": 6193.9, "distance_to_nearest_other_health_m": 12235.6, "metrics_reference_period": "demography=2025-01-01;services=2026-09-20;geography=2025-05-07", "source_ids": "EUSTAT_EMH_2025|ODE_HEALTH_CENTRES_2026|GEOEUSKADI_MUNICIPIOS_2025" }, "geometry": { "type": "Polygon", "coordinates": [ [ [ -2.109850285997697, 43.194427969432688 ], [ -2.09707665015271, 43.190737911126092 ], [ -2.094043465224535, 43.189200688391402 ], [ -2.09035417757121, 43.186618657757471 ], [ -2.089065194250874, 43.186358938165085 ], [ -2.089560277163243, 43.185147071412345 ], [ -2.091660546438056, 43.183161513512736 ], [ -2.092858823168859, 43.183057763494588 ], [ -2.094996368237453, 43.181604194473451 ], [ -2.096053782988058, 43.18213138356483 ], [ -2.097864274876802, 43.182287913394575 ], [ -2.104182854845031, 43.181138291905583 ], [ -2.112601471504428, 43.182701407704336 ], [ -2.11591128334644, 43.182990550392283 ], [ -2.129124542582338, 43.182021941823301 ], [ -2.131532399607984, 43.180759076187123 ], [ -2.143667329348357, 43.177778765746936 ], [ -2.145744439817257, 43.175986711303395 ], [ -2.147541831754606, 43.173510507557133 ], [ -2.149667353718658, 43.176522189247315 ], [ -2.151646363706698, 43.177438940832936 ], [ -2.15343932593064, 43.178903150431616 ], [ -2.148281337135908, 43.183261753197137 ], [ -2.143726898698753, 43.184984739411242 ], [ -2.143287065331897, 43.187544471205499 ], [ -2.14053747590733, 43.191118734990553 ], [ -2.134489017500069, 43.193291821621209 ], [ -2.131006834922516, 43.194465811248769 ], [ -2.129024009418314, 43.193269984438672 ], [ -2.127392361524491, 43.193590031672322 ], [ -2.124555015538878, 43.192337036583439 ], [ -2.118174215331712, 43.19097720873134 ], [ -2.113536739277515, 43.192835108103424 ], [ -2.111570042949192, 43.193252600389371 ], [ -2.109850285997697, 43.194427969432688 ] ] ] } },
{ "type": "Feature", "properties": { "municipality_code": "20049", "municipality_name": "Lazkao", "population_total": 5888, "population_65_plus": 1147, "population_75_plus": 558, "pct_65_plus": 19.48, "pct_75_plus": 9.477, "reference_period": "2025-01-01", "source_id": "G360_DERIVED_MUNICIPAL_METRICS_V1", "area_km2": 11.592387393521655, "services_hospital": 0, "services_mental_health": 0, "services_other_health": 0, "services_primary_care": 1, "services_total": 1, "primary_care_per_10000_65_plus": 8.718, "primary_care_per_10000_75_plus": 17.921, "hospital_per_10000_65_plus": 0.0, "hospital_per_10000_75_plus": 0.0, "mental_health_per_10000_65_plus": 0.0, "mental_health_per_10000_75_plus": 0.0, "other_health_per_10000_65_plus": 0.0, "other_health_per_10000_75_plus": 0.0, "representative_point_longitude": -2.173517, "representative_point_latitude": 43.0236836, "distance_to_nearest_primary_care_m": 1661.9, "distance_to_nearest_hospital_m": 13156.0, "distance_to_nearest_mental_health_m": 3375.6, "distance_to_nearest_other_health_m": 29638.9, "metrics_reference_period": "demography=2025-01-01;services=2026-09-20;geography=2025-05-07", "source_ids": "EUSTAT_EMH_2025|ODE_HEALTH_CENTRES_2026|GEOEUSKADI_MUNICIPIOS_2025" }, "geometry": { "type": "MultiPolygon", "coordinates": [ [ [ [ -2.191104992810798, 43.048615699479456 ], [ -2.187502884136613, 43.047657133642822 ], [ -2.186176429210648, 43.047858027967621 ], [ -2.185493020416677, 43.044051927029713 ], [ -2.178275312204788, 43.042596687826837 ], [ -2.176376716180906, 43.039681251215548 ], [ -2.174794835350109, 43.038721737385337 ], [ -2.170977076856418, 43.039970736796121 ], [ -2.168735187370431, 43.042585543140298 ], [ -2.168456598908586, 43.040987300318569 ], [ -2.167603271224178, 43.039977133697093 ], [ -2.166494112549943, 43.04050107374627 ], [ -2.165154189889434, 43.038757131409831 ], [ -2.163745170842355, 43.038055553639126 ], [ -2.162277069810228, 43.038402976107179 ], [ -2.162353375605482, 43.037778818057383 ], [ -2.161203040237536, 43.035755363165769 ], [ -2.159867279702245, 43.035535546579801 ], [ -2.158968476849378, 43.033691301027773 ], [ -2.158802095450816, 43.033021008930085 ], [ -2.160308341401023, 43.032654762322316 ], [ -2.159623403489447, 43.030239820308694 ], [ -2.157850267338777, 43.030025623921105 ], [ -2.156175148909365, 43.029291085962903 ], [ -2.156161321152293, 43.02428655140718 ], [ -2.154107888688894, 43.02169070858077 ], [ -2.158858738914165, 43.02090320197437 ], [ -2.158589988635136, 43.01990081439569 ], [ -2.162528388738473, 43.018807049707085 ], [ -2.165855269344449, 43.019017479463052 ], [ -2.167059398825927, 43.020908472855915 ], [ -2.172111777321891, 43.01917207065155 ], [ -2.175223864169941, 43.019797308106135 ], [ -2.184370050869911, 43.01701953508362 ], [ -2.18471422974409, 43.014806397061626 ], [ -2.185578692503498, 43.01356715997558 ], [ -2.187468994539516, 43.011749698116574 ], [ -2.18863028334996, 43.011582402254305 ], [ -2.19023912340396, 43.010479531260337 ], [ -2.190228888866951, 43.009497387681847 ], [ -2.191018100891785, 43.008655552279784 ], [ -2.190827313687448, 43.007895783293044 ], [ -2.192020886871197, 43.006985292761733 ], [ -2.193116404317491, 43.005319649836167 ], [ -2.192754941878934, 43.003395525125342 ], [ -2.193324208827035, 43.002634207464943 ], [ -2.196961703004054, 43.000444473165061 ], [ -2.202427578905561, 42.999111826567948 ], [ -2.20545717300465, 43.000261498927642 ], [ -2.205773667859029, 43.000918942899894 ], [ -2.202580282334297, 43.003207022241789 ], [ -2.199940339315833, 43.007276265796008 ], [ -2.199876790318097, 43.008353541810884 ], [ -2.202449549879596, 43.011887614447026 ], [ -2.202907130732476, 43.013914826441599 ], [ -2.199679970341712, 43.015025132623855 ], [ -2.197155772790945, 43.014313437585535 ], [ -2.193572677215721, 43.016654580855487 ], [ -2.193139520718432, 43.017184396083714 ], [ -2.193722549566175, 43.019641236012454 ], [ -2.192809555946966, 43.021695671653404 ], [ -2.191487324475302, 43.023278045246862 ], [ -2.191429860336925, 43.027507212374594 ], [ -2.190054717362181, 43.029041222480892 ], [ -2.195202469357619, 43.03308043635834 ], [ -2.198680427039069, 43.038122529347739 ], [ -2.198289000569168, 43.039495386723623 ], [ -2.197378472521288, 43.039074019555116 ], [ -2.19547388210397, 43.039984177317514 ], [ -2.190556059062525, 43.041236301967885 ], [ -2.192356554920007, 43.042139084085662 ], [ -2.191104992810798, 43.048615699479456 ] ] ], [ [ [ -2.143163452110872, 43.012822682677601 ], [ -2.141734494828416, 43.012967335119797 ], [ -2.141928353281271, 43.011004927063809 ], [ -2.14071107544144, 43.010318128916794 ], [ -2.14468248787479, 43.005559105579117 ], [ -2.140726122418041, 43.004749545883733 ], [ -2.142233310385088, 43.00168543713044 ], [ -2.142030505115852, 42.999582089203514 ], [ -2.137924944176508, 42.999294944838475 ], [ -2.134444511769797, 42.997083608143242 ], [ -2.125479387433399, 42.995927109710017 ], [ -2.124130406877964, 42.995353032980979 ], [ -2.123596613188723, 42.994196461337332 ], [ -2.122663174293006, 42.993489493308871 ], [ -2.12260674020909, 42.99228252228724 ], [ -2.1212580015143, 42.989891754080759 ], [ -2.115295833865107, 42.990531579749465 ], [ -2.11393318606044, 42.988893102983305 ], [ -2.114024697375738, 42.988494672414831 ], [ -2.124935468492178, 42.984233170743167 ], [ -2.128779332433858, 42.985659527446451 ], [ -2.128209160910897, 42.990652994308803 ], [ -2.129278435983356, 42.991092167023659 ], [ -2.130056408443645, 42.991967397897675 ], [ -2.134114027235106, 42.993215624114185 ], [ -2.135147700820943, 42.992971303433237 ], [ -2.137129753155003, 42.993687340118683 ], [ -2.138931879201215, 42.99340507657422 ], [ -2.140585120137362, 42.994056647991179 ], [ -2.141720070889542, 42.995116501536252 ], [ -2.143526262268318, 42.999654335503259 ], [ -2.156340577748447, 43.013462795245239 ], [ -2.152244499851677, 43.011408210202269 ], [ -2.146993087301209, 43.015947008215377 ], [ -2.146424986537021, 43.014748582292079 ], [ -2.145211621184932, 43.01434561435731 ], [ -2.143163452110872, 43.012822682677601 ] ] ], [ [ [ -2.15899502905115, 43.017604546913738 ], [ -2.161479549612904, 43.016960986854947 ], [ -2.160016211965765, 43.017957811265283 ], [ -2.15899502905115, 43.017604546913738 ] ] ] ] } },
{ "type": "Feature", "properties": { "municipality_code": "20050", "municipality_name": "Leaburu", "population_total": 383, "population_65_plus": 89, "population_75_plus": 43, "pct_65_plus": 23.238, "pct_75_plus": 11.227, "reference_period": "2025-01-01", "source_id": "G360_DERIVED_MUNICIPAL_METRICS_V1", "area_km2": 3.3434674685861276, "services_hospital": 0, "services_mental_health": 0, "services_other_health": 0, "services_primary_care": 2, "services_total": 2, "primary_care_per_10000_65_plus": 224.719, "primary_care_per_10000_75_plus": 465.116, "hospital_per_10000_65_plus": 0.0, "hospital_per_10000_75_plus": 0.0, "mental_health_per_10000_65_plus": 0.0, "mental_health_per_10000_75_plus": 0.0, "other_health_per_10000_65_plus": 0.0, "other_health_per_10000_75_plus": 0.0, "representative_point_longitude": -2.0559663, "representative_point_latitude": 43.1204146, "distance_to_nearest_primary_care_m": 581.3, "distance_to_nearest_hospital_m": 20426.5, "distance_to_nearest_mental_health_m": 2569.0, "distance_to_nearest_other_health_m": 16297.4, "metrics_reference_period": "demography=2025-01-01;services=2026-09-20;geography=2025-05-07", "source_ids": "EUSTAT_EMH_2025|ODE_HEALTH_CENTRES_2026|GEOEUSKADI_MUNICIPIOS_2025" }, "geometry": { "type": "Polygon", "coordinates": [ [ [ -2.046828207732173, 43.13179107096515 ], [ -2.034303854458269, 43.129819180707898 ], [ -2.03472806953324, 43.125055811950446 ], [ -2.036745505547505, 43.123331255476195 ], [ -2.038435074023735, 43.122743320042751 ], [ -2.040575093282622, 43.120520608187839 ], [ -2.042573762523956, 43.120933198317069 ], [ -2.042980727444315, 43.120558817705451 ], [ -2.046801426698367, 43.120322736176931 ], [ -2.050187938168838, 43.119515944136118 ], [ -2.051759476075522, 43.11806801194966 ], [ -2.052451955020997, 43.117920772185727 ], [ -2.052609630673602, 43.117207812692108 ], [ -2.055762675807833, 43.116524485706151 ], [ -2.057097182263242, 43.114519954294472 ], [ -2.058322167028024, 43.114496894919441 ], [ -2.058900852372241, 43.114119887403135 ], [ -2.059731047045281, 43.112584666316849 ], [ -2.063623892303375, 43.111938588770286 ], [ -2.06253839425161, 43.110170114321264 ], [ -2.062868383354953, 43.108945608739141 ], [ -2.065445489986596, 43.109792866220786 ], [ -2.067629393680289, 43.109992754417817 ], [ -2.071214417897896, 43.111423742748926 ], [ -2.072609730783125, 43.112286596302951 ], [ -2.073185693444993, 43.114137271714853 ], [ -2.0752450014584, 43.113745583708543 ], [ -2.073770739091846, 43.116663184762878 ], [ -2.074518216723024, 43.117233501766286 ], [ -2.077328973452077, 43.118142334724254 ], [ -2.074564901979274, 43.118642497857394 ], [ -2.071818913493588, 43.118400861324155 ], [ -2.069761046498804, 43.118779289676915 ], [ -2.067460762090057, 43.11773478938315 ], [ -2.065974525417646, 43.119251748444441 ], [ -2.06581709194215, 43.122069277795028 ], [ -2.064764530663018, 43.122320468061481 ], [ -2.063881557063361, 43.121270309360909 ], [ -2.06168026923894, 43.122397735823668 ], [ -2.060289370480761, 43.121999698998913 ], [ -2.058176732334795, 43.122222576819055 ], [ -2.057577396563129, 43.122786656084095 ], [ -2.058556329613163, 43.125019462266955 ], [ -2.058286992749614, 43.125783852341151 ], [ -2.057017877418004, 43.125654347125298 ], [ -2.055315472984431, 43.127503146504104 ], [ -2.054290748758667, 43.12705822716751 ], [ -2.053179731077523, 43.128491455474396 ], [ -2.052401171095051, 43.127474760847413 ], [ -2.052028323468955, 43.128293558928434 ], [ -2.04769773363358, 43.12915072894365 ], [ -2.046828207732173, 43.13179107096515 ] ] ] } },
{ "type": "Feature", "properties": { "municipality_code": "20051", "municipality_name": "Legazpi", "population_total": 8377, "population_65_plus": 2276, "population_75_plus": 1190, "pct_65_plus": 27.17, "pct_75_plus": 14.206, "reference_period": "2025-01-01", "source_id": "G360_DERIVED_MUNICIPAL_METRICS_V1", "area_km2": 42.120257592355145, "services_hospital": 0, "services_mental_health": 0, "services_other_health": 0, "services_primary_care": 1, "services_total": 1, "primary_care_per_10000_65_plus": 4.394, "primary_care_per_10000_75_plus": 8.403, "hospital_per_10000_65_plus": 0.0, "hospital_per_10000_75_plus": 0.0, "mental_health_per_10000_65_plus": 0.0, "mental_health_per_10000_75_plus": 0.0, "other_health_per_10000_65_plus": 0.0, "other_health_per_10000_75_plus": 0.0, "representative_point_longitude": -2.3349811, "representative_point_latitude": 43.0286869, "distance_to_nearest_primary_care_m": 2624.8, "distance_to_nearest_hospital_m": 6391.4, "distance_to_nearest_mental_health_m": 6580.9, "distance_to_nearest_other_health_m": 36867.9, "metrics_reference_period": "demography=2025-01-01;services=2026-09-20;geography=2025-05-07", "source_ids": "EUSTAT_EMH_2025|ODE_HEALTH_CENTRES_2026|GEOEUSKADI_MUNICIPIOS_2025" }, "geometry": { "type": "Polygon", "coordinates": [ [ [ -2.349746183316685, 43.087958160423618 ], [ -2.344821141355067, 43.08761689417215 ], [ -2.344200552957733, 43.086863636206644 ], [ -2.338716688068559, 43.085264028922559 ], [ -2.33625154885895, 43.084209754696431 ], [ -2.332613679214556, 43.080728220885959 ], [ -2.330596558558649, 43.079931961741494 ], [ -2.330095788033134, 43.079373957034562 ], [ -2.327184296871, 43.078304326289143 ], [ -2.324995298997333, 43.0782205293442 ], [ -2.325513188449327, 43.077414811127419 ], [ -2.326576060821674, 43.076908751869219 ], [ -2.326627121421511, 43.076005585315229 ], [ -2.327918988461572, 43.074459664825191 ], [ -2.329535782003268, 43.073500742455728 ], [ -2.33038368201005, 43.072416753180178 ], [ -2.32755445422666, 43.069590497844935 ], [ -2.321985299569298, 43.066663610482486 ], [ -2.321022918581129, 43.065378254423287 ], [ -2.327052350638149, 43.061706622899891 ], [ -2.327347154928962, 43.058211631191334 ], [ -2.326631125604357, 43.056453571617361 ], [ -2.323388523272176, 43.054159525645183 ], [ -2.321099669254986, 43.050152230694565 ], [ -2.321289809811629, 43.047651688017694 ], [ -2.320565178768781, 43.045946673972594 ], [ -2.320280319965155, 43.043222998850993 ], [ -2.320498756252356, 43.042429648091144 ], [ -2.321138006255206, 43.042046499683977 ], [ -2.314919074577447, 43.035933098950601 ], [ -2.311145978741838, 43.033058930089261 ], [ -2.317626206253417, 43.015581752498882 ], [ -2.314729598908378, 43.004576779547499 ], [ -2.312089091612969, 42.997207331334188 ], [ -2.313374966953788, 42.991990141007399 ], [ -2.320226095564182, 42.988729330955728 ], [ -2.324455250425592, 42.984432388657098 ], [ -2.327589234111751, 42.982292327170377 ], [ -2.330686075373335, 42.982097688460662 ], [ -2.33135744583055, 42.981703317977761 ], [ -2.333746840701218, 42.979756035658191 ], [ -2.334153965071451, 42.976863271259546 ], [ -2.338997230334483, 42.973237529596403 ], [ -2.340056561387303, 42.972122508494316 ], [ -2.340586629941862, 42.969733880939131 ], [ -2.34127044451641, 42.969523352094441 ], [ -2.343342977874106, 42.970193582775529 ], [ -2.344432791530062, 42.97184306932467 ], [ -2.346219191679211, 42.972470910078407 ], [ -2.347256615593808, 42.97334862191326 ], [ -2.34718145897878, 42.973927352941288 ], [ -2.348741934912524, 42.975198762989564 ], [ -2.349650611152453, 42.974771392682847 ], [ -2.352109261848204, 42.97467388541002 ], [ -2.352204367978308, 42.975750094082784 ], [ -2.353049832870262, 42.975480015436013 ], [ -2.354720108456198, 42.975852104027929 ], [ -2.355731307704444, 42.976881238290495 ], [ -2.35765341208942, 42.977057146768409 ], [ -2.360573185115231, 42.978616407560168 ], [ -2.36282404672788, 42.978625728793794 ], [ -2.365678302712376, 42.980105305468562 ], [ -2.365769212575294, 42.981677556070075 ], [ -2.367552414864063, 42.98498030974558 ], [ -2.367380121656923, 42.985562616257994 ], [ -2.37271932769116, 42.986933397747755 ], [ -2.366631620224138, 42.993152990778455 ], [ -2.356953438834506, 42.999614852868547 ], [ -2.35571315832982, 43.000037091786133 ], [ -2.355090266760388, 42.999794585167095 ], [ -2.354668668763831, 43.000373948538567 ], [ -2.355044566185594, 43.001217127190685 ], [ -2.35465837261035, 43.00436269993665 ], [ -2.351605972516275, 43.005814348832359 ], [ -2.351431099170164, 43.007467827701269 ], [ -2.3524424136288, 43.008445411002612 ], [ -2.356054365044417, 43.010495024351705 ], [ -2.358847035734942, 43.014041387395231 ], [ -2.358812354042692, 43.014857631238243 ], [ -2.359465216504302, 43.015162659067684 ], [ -2.359490681052131, 43.016331029877598 ], [ -2.358900005538322, 43.016965254987028 ], [ -2.359825594740964, 43.018384569495119 ], [ -2.359412831132749, 43.02183090395345 ], [ -2.3614158969735, 43.0233745498359 ], [ -2.361426358225727, 43.023848726682267 ], [ -2.358872266779585, 43.02656210388453 ], [ -2.356437096612504, 43.028386993944444 ], [ -2.357996395440444, 43.029611185103079 ], [ -2.359552382291192, 43.032632852407829 ], [ -2.36532167798748, 43.035831737720926 ], [ -2.366360199941318, 43.036075278265201 ], [ -2.36665357990739, 43.036673731653906 ], [ -2.368181659849195, 43.037543213860047 ], [ -2.367438923842528, 43.038139526052312 ], [ -2.367526938891195, 43.039448944645478 ], [ -2.365509586837689, 43.043959305726382 ], [ -2.360904255466324, 43.045862124735159 ], [ -2.360082842633635, 43.046455512037987 ], [ -2.360037100167057, 43.047023361373483 ], [ -2.363746148132245, 43.049415146165408 ], [ -2.364763043865103, 43.050571958575112 ], [ -2.370952678703389, 43.053228302379416 ], [ -2.372910400018924, 43.055987435507106 ], [ -2.374579068059552, 43.057390754280078 ], [ -2.374435585427514, 43.059490804029181 ], [ -2.376315592283322, 43.063280678022537 ], [ -2.37733228497528, 43.06454876108144 ], [ -2.378391780354276, 43.064945358432574 ], [ -2.375685395321145, 43.066678895251648 ], [ -2.375337131892936, 43.067595928039061 ], [ -2.373509558495893, 43.069199629069423 ], [ -2.368846663488477, 43.069724496825451 ], [ -2.366912217923961, 43.070378252693324 ], [ -2.365742743564851, 43.070243610454042 ], [ -2.364998696722245, 43.071312068952764 ], [ -2.353800317201578, 43.074906969124626 ], [ -2.355109070274453, 43.077079767861335 ], [ -2.349746183316685, 43.087958160423618 ] ] ] } },
{ "type": "Feature", "properties": { "municipality_code": "20052", "municipality_name": "Legorreta", "population_total": 1499, "population_65_plus": 309, "population_75_plus": 165, "pct_65_plus": 20.614, "pct_75_plus": 11.007, "reference_period": "2025-01-01", "source_id": "G360_DERIVED_MUNICIPAL_METRICS_V1", "area_km2": 8.6022338684870387, "services_hospital": 0, "services_mental_health": 0, "services_other_health": 0, "services_primary_care": 1, "services_total": 1, "primary_care_per_10000_65_plus": 32.362, "primary_care_per_10000_75_plus": 60.606, "hospital_per_10000_65_plus": 0.0, "hospital_per_10000_75_plus": 0.0, "mental_health_per_10000_65_plus": 0.0, "mental_health_per_10000_75_plus": 0.0, "other_health_per_10000_65_plus": 0.0, "other_health_per_10000_75_plus": 0.0, "representative_point_longitude": -2.1490954, "representative_point_latitude": 43.0896537, "distance_to_nearest_primary_care_m": 489.3, "distance_to_nearest_hospital_m": 13329.4, "distance_to_nearest_mental_health_m": 5387.6, "distance_to_nearest_other_health_m": 22217.2, "metrics_reference_period": "demography=2025-01-01;services=2026-09-20;geography=2025-05-07", "source_ids": "EUSTAT_EMH_2025|ODE_HEALTH_CENTRES_2026|GEOEUSKADI_MUNICIPIOS_2025" }, "geometry": { "type": "Polygon", "coordinates": [ [ [ -2.16066852631364, 43.106642585707654 ], [ -2.157049153087981, 43.104725497531291 ], [ -2.156848786549847, 43.10239384965459 ], [ -2.156066572759329, 43.101297958865793 ], [ -2.15473584000663, 43.100613265868397 ], [ -2.14911240682324, 43.09949989081462 ], [ -2.143400983229006, 43.099367108362429 ], [ -2.140925847814996, 43.097961918274258 ], [ -2.136654750970826, 43.09756963963661 ], [ -2.133494855588274, 43.095013009933453 ], [ -2.133782756048008, 43.093301775194313 ], [ -2.131472476658145, 43.09314819914642 ], [ -2.133035003439245, 43.091878745019621 ], [ -2.132304005047081, 43.090742191781501 ], [ -2.131604626161262, 43.09093499353137 ], [ -2.129544787643202, 43.08898950735081 ], [ -2.129829681625159, 43.088479296576828 ], [ -2.131034410671311, 43.088056365136353 ], [ -2.129790071634837, 43.086980105015236 ], [ -2.127861373459692, 43.084192477944967 ], [ -2.127029134190072, 43.083918737129899 ], [ -2.125686756370619, 43.084185365090889 ], [ -2.125703607907678, 43.082076584360841 ], [ -2.12775485044719, 43.081971878339658 ], [ -2.127830960620479, 43.082400190705805 ], [ -2.129425144271569, 43.080789469078141 ], [ -2.130839463936978, 43.081068746344471 ], [ -2.133069383386872, 43.080659820940767 ], [ -2.134625852011395, 43.079690879453885 ], [ -2.135144353416246, 43.079797545299748 ], [ -2.13496951905214, 43.080122471068393 ], [ -2.136459863879128, 43.078951655150334 ], [ -2.138868478408426, 43.078537481295989 ], [ -2.142345280814661, 43.075746049952798 ], [ -2.143121521241869, 43.073733596301274 ], [ -2.143964395206889, 43.073530990985155 ], [ -2.146559468509695, 43.075638161743036 ], [ -2.151559822179829, 43.074272922114524 ], [ -2.15254790657327, 43.072817648109314 ], [ -2.152973615465292, 43.073500197748395 ], [ -2.153654693553635, 43.073429457207503 ], [ -2.154173875512466, 43.073994301625497 ], [ -2.154734285407198, 43.073973228827271 ], [ -2.154297572410356, 43.074735419103781 ], [ -2.158658615836294, 43.077839228830292 ], [ -2.160598902555159, 43.07687395201188 ], [ -2.161486819854613, 43.076871141779201 ], [ -2.161809517517433, 43.077279621656594 ], [ -2.163455384890566, 43.076936877855644 ], [ -2.164069415084152, 43.078135927477149 ], [ -2.165097648120597, 43.078436099847089 ], [ -2.165629055835584, 43.080872882573246 ], [ -2.167162216843546, 43.081221488356363 ], [ -2.166819253707226, 43.082799951510417 ], [ -2.167770438163907, 43.083442718791837 ], [ -2.167928526550369, 43.085107199022367 ], [ -2.167181774073322, 43.086393880003442 ], [ -2.168860146761342, 43.086939579466666 ], [ -2.168395162142996, 43.087719072568241 ], [ -2.168784955051361, 43.088471665985693 ], [ -2.16765639101685, 43.088745560262893 ], [ -2.168080957125416, 43.089756930995065 ], [ -2.168998952138254, 43.090645530659678 ], [ -2.170084171653389, 43.090729109818881 ], [ -2.171043360284203, 43.092380899653335 ], [ -2.172274410202486, 43.092376329177135 ], [ -2.173403266345755, 43.09323097151011 ], [ -2.174946489678406, 43.093539566341533 ], [ -2.177007659981449, 43.095421892411579 ], [ -2.17843055952359, 43.095950951507589 ], [ -2.18020885597524, 43.097632866422309 ], [ -2.18062419837651, 43.100811458689648 ], [ -2.172192429627419, 43.098600278071707 ], [ -2.168753940087916, 43.098338081367686 ], [ -2.167804386114531, 43.099843938885435 ], [ -2.167213222278917, 43.10208726606772 ], [ -2.165104405821601, 43.105340614754219 ], [ -2.163512338528784, 43.106554542872011 ], [ -2.16066852631364, 43.106642585707654 ] ] ] } },
{ "type": "Feature", "properties": { "municipality_code": "20053", "municipality_name": "Lezo", "population_total": 6188, "population_65_plus": 1345, "population_75_plus": 543, "pct_65_plus": 21.736, "pct_75_plus": 8.775, "reference_period": "2025-01-01", "source_id": "G360_DERIVED_MUNICIPAL_METRICS_V1", "area_km2": 8.472135909314634, "services_hospital": 0, "services_mental_health": 0, "services_other_health": 0, "services_primary_care": 1, "services_total": 1, "primary_care_per_10000_65_plus": 7.435, "primary_care_per_10000_75_plus": 18.416, "hospital_per_10000_65_plus": 0.0, "hospital_per_10000_75_plus": 0.0, "mental_health_per_10000_65_plus": 0.0, "mental_health_per_10000_75_plus": 0.0, "other_health_per_10000_65_plus": 0.0, "other_health_per_10000_75_plus": 0.0, "representative_point_longitude": -1.8802176, "representative_point_latitude": 43.3273037, "distance_to_nearest_primary_care_m": 1169.1, "distance_to_nearest_hospital_m": 5539.2, "distance_to_nearest_mental_health_m": 2868.5, "distance_to_nearest_other_health_m": 2868.5, "metrics_reference_period": "demography=2025-01-01;services=2026-09-20;geography=2025-05-07", "source_ids": "EUSTAT_EMH_2025|ODE_HEALTH_CENTRES_2026|GEOEUSKADI_MUNICIPIOS_2025" }, "geometry": { "type": "Polygon", "coordinates": [ [ [ -1.857125554869959, 43.343337857481671 ], [ -1.849378368994071, 43.33022996806092 ], [ -1.852100767162683, 43.32535358492818 ], [ -1.855824068565278, 43.322797725463921 ], [ -1.859109419148555, 43.321552433851913 ], [ -1.865242476503198, 43.321356545081585 ], [ -1.871184974112329, 43.320665838569724 ], [ -1.873117890595772, 43.318958453536538 ], [ -1.876958448307841, 43.319656709833325 ], [ -1.883370597676026, 43.318699017347633 ], [ -1.888700545842194, 43.315851667906969 ], [ -1.889505189067461, 43.314328810415134 ], [ -1.889310499572979, 43.312221075051646 ], [ -1.890451642050214, 43.311105300176301 ], [ -1.892375707451548, 43.312327783043514 ], [ -1.893454281097068, 43.313693915086965 ], [ -1.896215863756299, 43.314753697193609 ], [ -1.897479060763259, 43.315656686915219 ], [ -1.898127416274337, 43.315808288516017 ], [ -1.898589408829357, 43.315263993230708 ], [ -1.89972489349795, 43.315975971083702 ], [ -1.900162460510789, 43.315512519000997 ], [ -1.901149339170813, 43.316347484767832 ], [ -1.903391218237009, 43.316993044711765 ], [ -1.902939880180363, 43.31809637459628 ], [ -1.903268113999275, 43.318244693045877 ], [ -1.901590343412005, 43.320146440988275 ], [ -1.902592759796932, 43.321619485418637 ], [ -1.901889353886147, 43.322756788236795 ], [ -1.903239004701766, 43.323670535752726 ], [ -1.91003487759052, 43.323239718942524 ], [ -1.909789917930778, 43.327355396872264 ], [ -1.906822920120747, 43.328215947063889 ], [ -1.903867892493801, 43.327963536029912 ], [ -1.901485334449659, 43.328238412972055 ], [ -1.900189336528894, 43.329145945791637 ], [ -1.900259307698557, 43.330076531016111 ], [ -1.899567853505089, 43.331459670002353 ], [ -1.897075177371497, 43.331547889541824 ], [ -1.894125769390604, 43.332824767697531 ], [ -1.890935206209894, 43.33311255525458 ], [ -1.887680588223966, 43.334147444069977 ], [ -1.885213592165008, 43.334185731142746 ], [ -1.881603189681313, 43.334938041396683 ], [ -1.871367797437047, 43.338151841865759 ], [ -1.869920781200623, 43.33874746869305 ], [ -1.869443143266266, 43.339349055318294 ], [ -1.863185577817209, 43.341603705159571 ], [ -1.857125554869959, 43.343337857481671 ] ] ] } },
{ "type": "Feature", "properties": { "municipality_code": "20054", "municipality_name": "Lizartza", "population_total": 700, "population_65_plus": 147, "population_75_plus": 77, "pct_65_plus": 21.0, "pct_75_plus": 11.0, "reference_period": "2025-01-01", "source_id": "G360_DERIVED_MUNICIPAL_METRICS_V1", "area_km2": 12.126071315051158, "services_hospital": 0, "services_mental_health": 0, "services_other_health": 0, "services_primary_care": 1, "services_total": 1, "primary_care_per_10000_65_plus": 68.027, "primary_care_per_10000_75_plus": 129.87, "hospital_per_10000_65_plus": 0.0, "hospital_per_10000_75_plus": 0.0, "mental_health_per_10000_65_plus": 0.0, "mental_health_per_10000_75_plus": 0.0, "other_health_per_10000_65_plus": 0.0, "other_health_per_10000_75_plus": 0.0, "representative_point_longitude": -2.0355092, "representative_point_latitude": 43.0949594, "distance_to_nearest_primary_care_m": 902.6, "distance_to_nearest_hospital_m": 22592.3, "distance_to_nearest_mental_health_m": 5791.1, "distance_to_nearest_other_health_m": 18858.0, "metrics_reference_period": "demography=2025-01-01;services=2026-09-20;geography=2025-05-07", "source_ids": "EUSTAT_EMH_2025|ODE_HEALTH_CENTRES_2026|GEOEUSKADI_MUNICIPIOS_2025" }, "geometry": { "type": "MultiPolygon", "coordinates": [ [ [ [ -2.055491098259429, 43.116620514733206 ], [ -2.053934485216883, 43.115510576026253 ], [ -2.050331021913746, 43.114554622902091 ], [ -2.046373787757845, 43.114916967422324 ], [ -2.045331781984752, 43.115753490624421 ], [ -2.044697907213338, 43.114719115228759 ], [ -2.043088278854214, 43.11414512886212 ], [ -2.042386373107871, 43.114324139062902 ], [ -2.041627517462123, 43.113672195236191 ], [ -2.040222318651491, 43.113722417570365 ], [ -2.038643355152623, 43.114478714180855 ], [ -2.036222347706703, 43.11407369422259 ], [ -2.033346973419836, 43.112862737209078 ], [ -2.032109557112867, 43.111499427239899 ], [ -2.032917565211773, 43.111577380495184 ], [ -2.03376113786358, 43.109107022094967 ], [ -2.032400555357631, 43.109141568708829 ], [ -2.031239520214684, 43.110002470096177 ], [ -2.029438465495564, 43.109836391252735 ], [ -2.026537534527847, 43.108164691836663 ], [ -2.022613185945323, 43.104526963028007 ], [ -2.022277902939001, 43.104951006105409 ], [ -2.019517138544757, 43.104369829664506 ], [ -2.015993286733979, 43.104610120373806 ], [ -2.013968471610244, 43.103690208375482 ], [ -2.017739188812186, 43.102750424490267 ], [ -2.021889934110331, 43.098172593820451 ], [ -2.016570274662967, 43.092973782282449 ], [ -2.011770474380223, 43.089246570652215 ], [ -2.013304254855716, 43.086022703592405 ], [ -2.010514397280237, 43.084103502744647 ], [ -2.008697566443473, 43.083347919621957 ], [ -2.009536161681419, 43.081808532474007 ], [ -2.010177780279349, 43.073271339107961 ], [ -2.012269595988895, 43.073371935265257 ], [ -2.013133177981734, 43.074402953236365 ], [ -2.0162158199803, 43.074947697773389 ], [ -2.018035114534562, 43.077608834612647 ], [ -2.017876429115903, 43.078869381831673 ], [ -2.019562504868422, 43.080083563062693 ], [ -2.022267443395012, 43.078368916259436 ], [ -2.021663694162036, 43.077085360445245 ], [ -2.023280760838973, 43.075510110525826 ], [ -2.025563890772724, 43.076701588018622 ], [ -2.033330553273077, 43.073429118765731 ], [ -2.03374399276121, 43.073870477747882 ], [ -2.038710230920792, 43.075197729766217 ], [ -2.040007168243552, 43.07596606084811 ], [ -2.04091767599272, 43.077983681047982 ], [ -2.040685523413458, 43.079989018891062 ], [ -2.041504309847062, 43.081454527167629 ], [ -2.043447354312759, 43.082533341088713 ], [ -2.044021110867015, 43.084304416566766 ], [ -2.049301115385202, 43.088231320834254 ], [ -2.050166406298827, 43.091450676869933 ], [ -2.052835739022164, 43.095503402914872 ], [ -2.052710613598873, 43.097539146252466 ], [ -2.056724663520608, 43.106913920452165 ], [ -2.056686641011459, 43.11098376756285 ], [ -2.057567896173444, 43.112347431835822 ], [ -2.059482062242294, 43.112831890771133 ], [ -2.058322167028024, 43.114496894919441 ], [ -2.054831603967398, 43.114375661455547 ], [ -2.056332784460022, 43.115240436551488 ], [ -2.055491098259429, 43.116620514733206 ] ] ], [ [ [ -1.984984055220228, 43.088520481682032 ], [ -1.982051571519349, 43.085314834363693 ], [ -1.983925257306433, 43.084191562617377 ], [ -1.98568690135667, 43.0824908654712 ], [ -1.985244820689761, 43.079949374804649 ], [ -1.989425879566409, 43.078683566056831 ], [ -1.989851008607009, 43.079498149816196 ], [ -1.991697114635995, 43.080962885988704 ], [ -1.993388466096116, 43.081606824085959 ], [ -1.990905033084335, 43.084817523210674 ], [ -1.989033635195646, 43.084903212200523 ], [ -1.988293092496964, 43.085436941433827 ], [ -1.987489632949281, 43.085131685576243 ], [ -1.984950334946048, 43.085910638316733 ], [ -1.984984055220228, 43.088520481682032 ] ] ], [ [ [ -1.969809967733263, 43.085851643624594 ], [ -1.972032697697758, 43.084587541310214 ], [ -1.974860758502265, 43.086585733107405 ], [ -1.97438180420619, 43.087940840853733 ], [ -1.973450049038937, 43.088301504271584 ], [ -1.974177329463935, 43.090794040819624 ], [ -1.971815834017284, 43.091273676817771 ], [ -1.970308658112494, 43.089957842530701 ], [ -1.96964486612551, 43.086612868234738 ], [ -1.969809967733263, 43.085851643624594 ] ] ], [ [ [ -2.005080310520885, 43.104169253912389 ], [ -2.005026106464599, 43.101454779064873 ], [ -2.0118207178336, 43.103989676483749 ], [ -2.005080310520885, 43.104169253912389 ] ] ] ] } },
{ "type": "Feature", "properties": { "municipality_code": "20055", "municipality_name": "Arrasate/Mondragón", "population_total": 22251, "population_65_plus": 5903, "population_75_plus": 2982, "pct_65_plus": 26.529, "pct_75_plus": 13.402, "reference_period": "2025-01-01", "source_id": "G360_DERIVED_MUNICIPAL_METRICS_V1", "area_km2": 32.907493567210658, "services_hospital": 1, "services_mental_health": 1, "services_other_health": 0, "services_primary_care": 1, "services_total": 3, "primary_care_per_10000_65_plus": 1.694, "primary_care_per_10000_75_plus": 3.353, "hospital_per_10000_65_plus": 1.694, "hospital_per_10000_75_plus": 3.353, "mental_health_per_10000_65_plus": 1.694, "mental_health_per_10000_75_plus": 3.353, "other_health_per_10000_65_plus": 0.0, "other_health_per_10000_75_plus": 0.0, "representative_point_longitude": -2.5003604, "representative_point_latitude": 43.0673789, "distance_to_nearest_primary_care_m": 1467.8, "distance_to_nearest_hospital_m": 1533.9, "distance_to_nearest_mental_health_m": 1467.8, "distance_to_nearest_other_health_m": 45077.3, "metrics_reference_period": "demography=2025-01-01;services=2026-09-20;geography=2025-05-07", "source_ids": "EUSTAT_EMH_2025|ODE_HEALTH_CENTRES_2026|GEOEUSKADI_MUNICIPIOS_2025" }, "geometry": { "type": "Polygon", "coordinates": [ [ [ -2.525779045523156, 43.0956786106306 ], [ -2.523002152694677, 43.094557075014194 ], [ -2.520189730720158, 43.092363971255708 ], [ -2.517659113094884, 43.091846725391022 ], [ -2.51731438365667, 43.091135942219047 ], [ -2.515767305311452, 43.090684562755179 ], [ -2.514945559459897, 43.090986969903277 ], [ -2.513716573756118, 43.090017727095535 ], [ -2.505053190302846, 43.094763549038973 ], [ -2.502574214293789, 43.095396561474701 ], [ -2.499519053983863, 43.093722963757692 ], [ -2.497716990023478, 43.093351151308561 ], [ -2.496830780274822, 43.092483409679645 ], [ -2.495726440162835, 43.092118087762287 ], [ -2.491242918412507, 43.092960234519289 ], [ -2.489153523926564, 43.093976552108096 ], [ -2.487327104736826, 43.093784977237519 ], [ -2.484316561898068, 43.09490731925505 ], [ -2.481385846603222, 43.094732072423326 ], [ -2.4807725269993, 43.094369261997883 ], [ -2.479674331283722, 43.09465831302483 ], [ -2.4772151084222, 43.094168326476485 ], [ -2.476485265988458, 43.09334638164853 ], [ -2.473635538838608, 43.092287268780787 ], [ -2.472221017631484, 43.089092744830936 ], [ -2.470326419949959, 43.087765940169064 ], [ -2.470750061968913, 43.086739643046741 ], [ -2.470031057761879, 43.085281172115884 ], [ -2.467163325951784, 43.082170326010171 ], [ -2.466133647353093, 43.081715778165496 ], [ -2.466210865318081, 43.081038129794152 ], [ -2.464906304306967, 43.08003034149796 ], [ -2.465125070969227, 43.078153025875785 ], [ -2.463133699312456, 43.076648512250586 ], [ -2.463128339134965, 43.07609181324888 ], [ -2.462187319721505, 43.075873475879611 ], [ -2.462116325088991, 43.07541892383491 ], [ -2.461049478887365, 43.07586578863463 ], [ -2.460680967983732, 43.07741624065774 ], [ -2.457661562521196, 43.077321544909402 ], [ -2.456559457854402, 43.078502911747144 ], [ -2.454604631973138, 43.078194511821764 ], [ -2.451583135091778, 43.080356264032268 ], [ -2.449178995136605, 43.079730452663568 ], [ -2.446543301367945, 43.082383538179847 ], [ -2.450249175739243, 43.075112354743467 ], [ -2.451926390177584, 43.074739130494862 ], [ -2.455839743791087, 43.072163661013832 ], [ -2.45801276363751, 43.067309317872287 ], [ -2.460168294421136, 43.064226753169486 ], [ -2.4656939737263, 43.059954435528994 ], [ -2.465870120033309, 43.057332199859147 ], [ -2.462804601292286, 43.055536757250607 ], [ -2.461968439083709, 43.054318958383696 ], [ -2.4600801820778, 43.052896193778295 ], [ -2.458258799830585, 43.052338190646289 ], [ -2.458958003234472, 43.051175293929766 ], [ -2.458508339049994, 43.050457420579789 ], [ -2.460211348546004, 43.049747131084928 ], [ -2.459982243821022, 43.04905928148365 ], [ -2.462039065960397, 43.046988124906122 ], [ -2.462538139792835, 43.04585912974288 ], [ -2.463823584891736, 43.045254673211296 ], [ -2.464816484479385, 43.045471979889378 ], [ -2.465205372880272, 43.045144128685934 ], [ -2.466946811144651, 43.045032910914159 ], [ -2.467405200092245, 43.044592608172422 ], [ -2.467902059702986, 43.044777519006992 ], [ -2.470584208016665, 43.042183496450647 ], [ -2.474017554795461, 43.040091347268337 ], [ -2.478550804473375, 43.03926724276473 ], [ -2.487797134644965, 43.038890625996892 ], [ -2.489272735265173, 43.040062558019862 ], [ -2.49067559690937, 43.042480349010944 ], [ -2.492005473049415, 43.042001790816812 ], [ -2.492552772322478, 43.042479682802252 ], [ -2.493134591667796, 43.043537646875144 ], [ -2.49264777563771, 43.045628866660721 ], [ -2.493597086316984, 43.048061337547864 ], [ -2.495728789673209, 43.049512929065905 ], [ -2.498747692132033, 43.047094835116695 ], [ -2.499957023391632, 43.048386066155786 ], [ -2.502791668009828, 43.049095746834659 ], [ -2.509397917450956, 43.04975559923551 ], [ -2.513671568704285, 43.051266236724146 ], [ -2.517219783654628, 43.053067579060837 ], [ -2.528602635970087, 43.051911785825403 ], [ -2.529967485650218, 43.054977653734511 ], [ -2.534063819302222, 43.059408105464129 ], [ -2.540785758694823, 43.062736499375674 ], [ -2.542573079464827, 43.066612372020153 ], [ -2.542386842136889, 43.070134909184816 ], [ -2.54807115033715, 43.074494195602853 ], [ -2.546365816570507, 43.076028285663639 ], [ -2.540781996623678, 43.07622141320843 ], [ -2.547194067636986, 43.084492341628128 ], [ -2.544874182960991, 43.087000018084659 ], [ -2.546387501897281, 43.088008636097314 ], [ -2.544311926061631, 43.091630726962208 ], [ -2.539041573656521, 43.092007185706727 ], [ -2.534415280034193, 43.093530729777953 ], [ -2.529028633263497, 43.094206027689594 ], [ -2.525779045523156, 43.0956786106306 ] ] ] } },
{ "type": "Feature", "properties": { "municipality_code": "20056", "municipality_name": "Mutriku", "population_total": 5283, "population_65_plus": 1265, "population_75_plus": 630, "pct_65_plus": 23.945, "pct_75_plus": 11.925, "reference_period": "2025-01-01", "source_id": "G360_DERIVED_MUNICIPAL_METRICS_V1", "area_km2": 27.628113793125816, "services_hospital": 0, "services_mental_health": 0, "services_other_health": 0, "services_primary_care": 1, "services_total": 1, "primary_care_per_10000_65_plus": 7.905, "primary_care_per_10000_75_plus": 15.873, "hospital_per_10000_65_plus": 0.0, "hospital_per_10000_75_plus": 0.0, "mental_health_per_10000_65_plus": 0.0, "mental_health_per_10000_75_plus": 0.0, "other_health_per_10000_65_plus": 0.0, "other_health_per_10000_75_plus": 0.0, "representative_point_longitude": -2.3980498, "representative_point_latitude": 43.295143, "distance_to_nearest_primary_care_m": 1517.1, "distance_to_nearest_hospital_m": 5077.4, "distance_to_nearest_mental_health_m": 13968.7, "distance_to_nearest_other_health_m": 31244.1, "metrics_reference_period": "demography=2025-01-01;services=2026-09-20;geography=2025-05-07", "source_ids": "EUSTAT_EMH_2025|ODE_HEALTH_CENTRES_2026|GEOEUSKADI_MUNICIPIOS_2025" }, "geometry": { "type": "Polygon", "coordinates": [ [ [ -2.411336538689022, 43.323989503156085 ], [ -2.410171509818032, 43.323198394349426 ], [ -2.40990916516431, 43.323543626323719 ], [ -2.409459453250494, 43.322795548345582 ], [ -2.408428683912662, 43.322815164298888 ], [ -2.408479572096165, 43.32312527410398 ], [ -2.407860824909011, 43.322373704153108 ], [ -2.407856410929005, 43.323221820020365 ], [ -2.407662753035629, 43.322398971832932 ], [ -2.406597075725744, 43.322673129268857 ], [ -2.405790038355043, 43.322059691378314 ], [ -2.405255149106745, 43.322324796691952 ], [ -2.402355926201145, 43.32154807922899 ], [ -2.400466858172795, 43.321786358262258 ], [ -2.398138637134442, 43.320395533464925 ], [ -2.395107306283594, 43.319875827329504 ], [ -2.393479899183679, 43.318794136143204 ], [ -2.3925027055003, 43.31867864426642 ], [ -2.390295506562571, 43.317066879886241 ], [ -2.389073721863044, 43.316712874522999 ], [ -2.387812844899294, 43.315672319285262 ], [ -2.383412251262996, 43.314263239318635 ], [ -2.382369854311552, 43.31289954694455 ], [ -2.380715944673764, 43.312197432622952 ], [ -2.380902038283927, 43.311431967781353 ], [ -2.380340476323319, 43.311126114044754 ], [ -2.379574301386186, 43.310986661602001 ], [ -2.37881678546656, 43.311729916499772 ], [ -2.379515180639961, 43.312461744453444 ], [ -2.377702664900633, 43.312832023335076 ], [ -2.37652385096518, 43.312490578051737 ], [ -2.375527241925548, 43.311589590346323 ], [ -2.375847026336753, 43.31137872271956 ], [ -2.376986839830971, 43.31208076113446 ], [ -2.378344463656251, 43.312191232267175 ], [ -2.38023116879048, 43.310065046636026 ], [ -2.379943993624462, 43.309845759719437 ], [ -2.381535675120551, 43.310475692524399 ], [ -2.381808716101891, 43.310082948565608 ], [ -2.381232399243973, 43.310294801016219 ], [ -2.382194501321404, 43.309082200374043 ], [ -2.381021224894116, 43.308665692524592 ], [ -2.382238089908993, 43.308997966629917 ], [ -2.383411783619151, 43.308479063110376 ], [ -2.383641192045913, 43.307716441705168 ], [ -2.382670360681288, 43.308307488805077 ], [ -2.384039769685673, 43.307221986627418 ], [ -2.38360408789556, 43.306714843129505 ], [ -2.380560803424628, 43.308022074467594 ], [ -2.380725582668579, 43.308612766174768 ], [ -2.380453732136628, 43.308014200851304 ], [ -2.379730274910866, 43.308187129669449 ], [ -2.37939782185683, 43.307850176150204 ], [ -2.378890094237456, 43.308197698018986 ], [ -2.378242377703971, 43.307907203202312 ], [ -2.377747382771772, 43.308383824708891 ], [ -2.37743010064779, 43.308119885050857 ], [ -2.376514925008936, 43.30871208319234 ], [ -2.374535837885678, 43.308054029410044 ], [ -2.372983964433024, 43.309562262459387 ], [ -2.373074224059563, 43.309154490057502 ], [ -2.370914157977299, 43.309607355828952 ], [ -2.371086215916244, 43.309339965875907 ], [ -2.370320580869162, 43.309139183706861 ], [ -2.371093672997918, 43.307755652756221 ], [ -2.369319593674404, 43.307146269890048 ], [ -2.367185790371663, 43.305677904554962 ], [ -2.364845357115823, 43.305236404254984 ], [ -2.364135947595153, 43.305527362479573 ], [ -2.364021971833369, 43.306028643743382 ], [ -2.359201906304461, 43.304011640370021 ], [ -2.357245501611002, 43.303807424913984 ], [ -2.356855620885971, 43.303060824969606 ], [ -2.355920364805035, 43.302950749029677 ], [ -2.356862224492162, 43.302937319299858 ], [ -2.357406188266498, 43.302224062437212 ], [ -2.357008517505547, 43.302030210172198 ], [ -2.357485600534749, 43.301930238916498 ], [ -2.357473207240138, 43.301608525725293 ], [ -2.356868659682919, 43.301590000406797 ], [ -2.357445062407285, 43.301483023870276 ], [ -2.35733129868827, 43.301081861000931 ], [ -2.356503024131325, 43.300463451947451 ], [ -2.355672202699548, 43.300297952957251 ], [ -2.355399645142255, 43.301228391358727 ], [ -2.356132679091829, 43.297658060907416 ], [ -2.35623554777153, 43.297980463804024 ], [ -2.356766065276305, 43.297872602014856 ], [ -2.356659014581421, 43.296742194524775 ], [ -2.356198774053226, 43.296441373030333 ], [ -2.356330964727111, 43.295292771333635 ], [ -2.357381977493332, 43.293612481302901 ], [ -2.357859977340819, 43.289345677401158 ], [ -2.359037217463728, 43.28858291562878 ], [ -2.360559980839827, 43.288819706037089 ], [ -2.361410002122249, 43.289646691761163 ], [ -2.361598429455174, 43.291451708387321 ], [ -2.362785205496032, 43.292800926381062 ], [ -2.364023836570863, 43.293223311759888 ], [ -2.366776469591307, 43.292915494226193 ], [ -2.36830177009405, 43.291088973454997 ], [ -2.368609677215903, 43.289836580616146 ], [ -2.3682598409638, 43.286549845950049 ], [ -2.366880011401343, 43.283721375343042 ], [ -2.367120174334346, 43.282820903591549 ], [ -2.368272156457121, 43.281646039542096 ], [ -2.367808639953549, 43.281180612797883 ], [ -2.365279574379138, 43.280632836967328 ], [ -2.3649288359352, 43.279655459987616 ], [ -2.365710714986937, 43.278316304266603 ], [ -2.367187390679752, 43.277551534915133 ], [ -2.369299690318266, 43.27821659160314 ], [ -2.370887713841589, 43.279673164592403 ], [ -2.373943182024977, 43.278815786648636 ], [ -2.375148039102535, 43.275491223775688 ], [ -2.374591691140967, 43.274911503845125 ], [ -2.372846237797353, 43.274487816524427 ], [ -2.371461609953308, 43.272035478795175 ], [ -2.372959370927448, 43.268130830443972 ], [ -2.37542739301978, 43.269835557626749 ], [ -2.377513030386492, 43.269828665100206 ], [ -2.387252620933571, 43.268418233594232 ], [ -2.393169487680936, 43.269367697310962 ], [ -2.395696198558445, 43.270464855988962 ], [ -2.401429765648925, 43.269356437605744 ], [ -2.403675949713949, 43.267559525185135 ], [ -2.405931272916331, 43.266517698654894 ], [ -2.40691870305831, 43.266460667105932 ], [ -2.407745228373865, 43.267217133095016 ], [ -2.409366929878889, 43.267374136925284 ], [ -2.40973170303623, 43.267789705493435 ], [ -2.41054062897679, 43.267412652892311 ], [ -2.413023578267704, 43.267714902921703 ], [ -2.414777268013394, 43.26724856053611 ], [ -2.417874647751216, 43.267453498510683 ], [ -2.419279680052442, 43.269564564689993 ], [ -2.41960265890595, 43.271976384295186 ], [ -2.422402010223939, 43.275543690657607 ], [ -2.424710876319592, 43.27547914685163 ], [ -2.42689614271272, 43.27782942809003 ], [ -2.426836816426157, 43.27951497626178 ], [ -2.429488299727589, 43.281933455448048 ], [ -2.439687359788818, 43.288204797173833 ], [ -2.440077710581629, 43.291365524565677 ], [ -2.43879076760216, 43.29419404624543 ], [ -2.43970159509442, 43.295167406328048 ], [ -2.439359534074137, 43.297028691204254 ], [ -2.436968677025604, 43.299599464723158 ], [ -2.43404142184253, 43.300335730830838 ], [ -2.432613760438108, 43.30108918541665 ], [ -2.432162198554526, 43.30455452028994 ], [ -2.429413708737626, 43.308147896931807 ], [ -2.425482668115136, 43.310586522099292 ], [ -2.41980911135972, 43.312599165611019 ], [ -2.417858009440944, 43.314515058668597 ], [ -2.415461168029595, 43.319756005509326 ], [ -2.41326582240853, 43.320574804825668 ], [ -2.412345518804409, 43.321434067154456 ], [ -2.411665227927107, 43.320973498681298 ], [ -2.410219734518938, 43.321846879638692 ], [ -2.409945117684494, 43.322951042203307 ], [ -2.411284201013145, 43.323227628876666 ], [ -2.411336538689022, 43.323989503156085 ] ] ] } },
{ "type": "Feature", "properties": { "municipality_code": "20057", "municipality_name": "Mutiloa", "population_total": 249, "population_65_plus": 47, "population_75_plus": 26, "pct_65_plus": 18.876, "pct_75_plus": 10.442, "reference_period": "2025-01-01", "source_id": "G360_DERIVED_MUNICIPAL_METRICS_V1", "area_km2": 8.6225820928001582, "services_hospital": 0, "services_mental_health": 0, "services_other_health": 0, "services_primary_care": 1, "services_total": 1, "primary_care_per_10000_65_plus": 212.766, "primary_care_per_10000_75_plus": 384.615, "hospital_per_10000_65_plus": 0.0, "hospital_per_10000_75_plus": 0.0, "mental_health_per_10000_65_plus": 0.0, "mental_health_per_10000_75_plus": 0.0, "other_health_per_10000_65_plus": 0.0, "other_health_per_10000_75_plus": 0.0, "representative_point_longitude": -2.2841288, "representative_point_latitude": 43.0284613, "distance_to_nearest_primary_care_m": 1115.9, "distance_to_nearest_hospital_m": 6576.7, "distance_to_nearest_mental_health_m": 6975.2, "distance_to_nearest_other_health_m": 34098.2, "metrics_reference_period": "demography=2025-01-01;services=2026-09-20;geography=2025-05-07", "source_ids": "EUSTAT_EMH_2025|ODE_HEALTH_CENTRES_2026|GEOEUSKADI_MUNICIPIOS_2025" }, "geometry": { "type": "Polygon", "coordinates": [ [ [ -2.285636103908012, 43.039696162935577 ], [ -2.277614102987848, 43.03837179020713 ], [ -2.271752744548891, 43.038118878148346 ], [ -2.270865513210213, 43.038788577959274 ], [ -2.270389345462213, 43.038073313337108 ], [ -2.268647554201909, 43.037621262246425 ], [ -2.267299688170723, 43.037831236561516 ], [ -2.267020419644657, 43.037048529205208 ], [ -2.264957506707924, 43.035520166813541 ], [ -2.262579483173465, 43.035086022545897 ], [ -2.262242718450887, 43.033445517728481 ], [ -2.259292027941421, 43.030554779481037 ], [ -2.257742956012128, 43.030469486576592 ], [ -2.255106417210437, 43.027952883305147 ], [ -2.253241155940245, 43.02720935014937 ], [ -2.25110318795865, 43.026925022927102 ], [ -2.247837149803452, 43.025538417417316 ], [ -2.247745366425088, 43.020853626174969 ], [ -2.248854616800079, 43.020938352193042 ], [ -2.249106269992307, 43.020385485396936 ], [ -2.250459504869528, 43.020102552515034 ], [ -2.252647798162562, 43.020472579835193 ], [ -2.253478309662392, 43.019896456972333 ], [ -2.259080400656805, 43.020445173365758 ], [ -2.26099663036682, 43.017968258272994 ], [ -2.264052371944494, 43.018556702467905 ], [ -2.273278594630259, 43.018949835089749 ], [ -2.277259441427383, 43.018767387973718 ], [ -2.283459440903888, 43.017215187541453 ], [ -2.286536771890721, 43.01880560740414 ], [ -2.287797489378249, 43.01877563867243 ], [ -2.291350593541003, 43.020140431467709 ], [ -2.297975145176291, 43.024198212205249 ], [ -2.302262778734295, 43.023870265711757 ], [ -2.305167238011824, 43.022034075316284 ], [ -2.315277447528184, 43.022303295721471 ], [ -2.311145978741838, 43.033058930089261 ], [ -2.30918287846153, 43.033271321440488 ], [ -2.304820961882, 43.034546489929305 ], [ -2.301470994822546, 43.034967156191236 ], [ -2.298271215584515, 43.036068341702432 ], [ -2.294015902164821, 43.034707408102044 ], [ -2.293064933577516, 43.035986449417052 ], [ -2.291618953453012, 43.036109264678771 ], [ -2.290002073704665, 43.037143677385487 ], [ -2.287893288141437, 43.037611188216239 ], [ -2.287870866985733, 43.038506806642182 ], [ -2.285636103908012, 43.039696162935577 ] ] ] } },
{ "type": "Feature", "properties": { "municipality_code": "20058", "municipality_name": "Olaberria", "population_total": 950, "population_65_plus": 228, "population_75_plus": 148, "pct_65_plus": 24.0, "pct_75_plus": 15.579, "reference_period": "2025-01-01", "source_id": "G360_DERIVED_MUNICIPAL_METRICS_V1", "area_km2": 6.9821540006263145, "services_hospital": 0, "services_mental_health": 0, "services_other_health": 0, "services_primary_care": 1, "services_total": 1, "primary_care_per_10000_65_plus": 43.86, "primary_care_per_10000_75_plus": 67.568, "hospital_per_10000_65_plus": 0.0, "hospital_per_10000_75_plus": 0.0, "mental_health_per_10000_65_plus": 0.0, "mental_health_per_10000_75_plus": 0.0, "other_health_per_10000_65_plus": 0.0, "other_health_per_10000_75_plus": 0.0, "representative_point_longitude": -2.2045527, "representative_point_latitude": 43.0219476, "distance_to_nearest_primary_care_m": 1863.0, "distance_to_nearest_hospital_m": 11171.4, "distance_to_nearest_mental_health_m": 3493.5, "distance_to_nearest_other_health_m": 30985.5, "metrics_reference_period": "demography=2025-01-01;services=2026-09-20;geography=2025-05-07", "source_ids": "EUSTAT_EMH_2025|ODE_HEALTH_CENTRES_2026|GEOEUSKADI_MUNICIPIOS_2025" }, "geometry": { "type": "Polygon", "coordinates": [ [ [ -2.215615676549798, 43.043079382170234 ], [ -2.214137568410363, 43.043047014580168 ], [ -2.211582679033624, 43.042294578952607 ], [ -2.209648436025903, 43.041272419797998 ], [ -2.208490452000596, 43.039027079497032 ], [ -2.203783764739054, 43.038808731185874 ], [ -2.199733415901291, 43.037525637105269 ], [ -2.198680427039069, 43.038122529347739 ], [ -2.195202469357619, 43.03308043635834 ], [ -2.19003444188986, 43.029271927076941 ], [ -2.191429860336925, 43.027507212374594 ], [ -2.191487324475302, 43.023278045246862 ], [ -2.192809555946966, 43.021695671653404 ], [ -2.193722549566175, 43.019641236012454 ], [ -2.193139520718432, 43.017184396083714 ], [ -2.193572677215721, 43.016654580855487 ], [ -2.197155772790945, 43.014313437585535 ], [ -2.199679970341712, 43.015025132623855 ], [ -2.202907130732476, 43.013914826441599 ], [ -2.202449549879596, 43.011887614447026 ], [ -2.199876790318097, 43.008353541810884 ], [ -2.199940339315833, 43.007276265796008 ], [ -2.202580282334297, 43.003207022241789 ], [ -2.205773667859029, 43.000918942899894 ], [ -2.207640694705772, 43.003578329292338 ], [ -2.211620180756587, 43.005444726386777 ], [ -2.214689532300556, 43.008163371838585 ], [ -2.21539798684018, 43.011587705095607 ], [ -2.215026720701203, 43.014464421149555 ], [ -2.215276989201551, 43.017476690818292 ], [ -2.216349767292557, 43.021938544687877 ], [ -2.217937682498142, 43.024376545399846 ], [ -2.221595680592835, 43.026371585190461 ], [ -2.219728854805222, 43.031778183805429 ], [ -2.219819409021407, 43.036057033020739 ], [ -2.218626493521259, 43.040775366911099 ], [ -2.215615676549798, 43.043079382170234 ] ] ] } },
{ "type": "Feature", "properties": { "municipality_code": "20059", "municipality_name": "Oñati", "population_total": 11445, "population_65_plus": 2839, "population_75_plus": 1443, "pct_65_plus": 24.806, "pct_75_plus": 12.608, "reference_period": "2025-01-01", "source_id": "G360_DERIVED_MUNICIPAL_METRICS_V1", "area_km2": 107.54377969044752, "services_hospital": 0, "services_mental_health": 0, "services_other_health": 0, "services_primary_care": 1, "services_total": 1, "primary_care_per_10000_65_plus": 3.522, "primary_care_per_10000_75_plus": 6.93, "hospital_per_10000_65_plus": 0.0, "hospital_per_10000_75_plus": 0.0, "mental_health_per_10000_65_plus": 0.0, "mental_health_per_10000_75_plus": 0.0, "other_health_per_10000_65_plus": 0.0, "other_health_per_10000_75_plus": 0.0, "representative_point_longitude": -2.408019, "representative_point_latitude": 43.0146641, "distance_to_nearest_primary_care_m": 2149.6, "distance_to_nearest_hospital_m": 8113.5, "distance_to_nearest_mental_health_m": 8171.5, "distance_to_nearest_other_health_m": 42277.1, "metrics_reference_period": "demography=2025-01-01;services=2026-09-20;geography=2025-05-07", "source_ids": "EUSTAT_EMH_2025|ODE_HEALTH_CENTRES_2026|GEOEUSKADI_MUNICIPIOS_2025" }, "geometry": { "type": "Polygon", "coordinates": [ [ [ -2.446543301367945, 43.082383538179847 ], [ -2.447153613140975, 43.080347837153184 ], [ -2.44209097020068, 43.079123784297366 ], [ -2.43879102674856, 43.079412553639081 ], [ -2.435142059898698, 43.078229107544637 ], [ -2.431681137916689, 43.075742388163967 ], [ -2.425371908325969, 43.076231753464654 ], [ -2.424123452231209, 43.076740665452128 ], [ -2.422970002245952, 43.076740595721951 ], [ -2.420030517346066, 43.075734041759944 ], [ -2.418051580223536, 43.073755097350912 ], [ -2.41434776152147, 43.073056978201571 ], [ -2.413059926608629, 43.074027365913963 ], [ -2.410028544261987, 43.07501466515442 ], [ -2.407900269030534, 43.075357308669886 ], [ -2.405557536966654, 43.075164412404703 ], [ -2.402053865429163, 43.076359937731787 ], [ -2.400980569557603, 43.076071017491145 ], [ -2.398651230477859, 43.072944005839481 ], [ -2.395159752830004, 43.072016720204793 ], [ -2.39330741195439, 43.06925594670227 ], [ -2.393076116028438, 43.068069785347326 ], [ -2.392315384560125, 43.067506343710306 ], [ -2.390796894759926, 43.067071153679159 ], [ -2.38832652095659, 43.067582570113309 ], [ -2.385406445799547, 43.066832101204959 ], [ -2.382248257649446, 43.066895907603005 ], [ -2.377424348200736, 43.064614063405486 ], [ -2.374547852391431, 43.059812779444094 ], [ -2.374579068059552, 43.057390754280078 ], [ -2.372910400018924, 43.055987435507106 ], [ -2.370952678703389, 43.053228302379416 ], [ -2.364763043865103, 43.050571958575112 ], [ -2.363746148132245, 43.049415146165408 ], [ -2.360225540777827, 43.047347378480737 ], [ -2.360004112173957, 43.046595910532332 ], [ -2.360596538502735, 43.046054747740598 ], [ -2.365509586837689, 43.043959305726382 ], [ -2.367526938891195, 43.039448944645478 ], [ -2.367438923842528, 43.038139526052312 ], [ -2.368181659849195, 43.037543213860047 ], [ -2.36665357990739, 43.036673731653906 ], [ -2.366360199941318, 43.036075278265201 ], [ -2.36532167798748, 43.035831737720926 ], [ -2.359552382291192, 43.032632852407829 ], [ -2.357996395440444, 43.029611185103079 ], [ -2.356437096612504, 43.028386993944444 ], [ -2.358872266779585, 43.02656210388453 ], [ -2.361438093182808, 43.023459337923434 ], [ -2.359412831132749, 43.02183090395345 ], [ -2.359825594740964, 43.018384569495119 ], [ -2.35891189138818, 43.017080584068658 ], [ -2.359491056633177, 43.016295011879947 ], [ -2.358847035734942, 43.014041387395231 ], [ -2.356054365044417, 43.010495024351705 ], [ -2.351533241353764, 43.007605266830787 ], [ -2.351478663865231, 43.006099509639313 ], [ -2.352366122955016, 43.005240817245202 ], [ -2.35465837261035, 43.00436269993665 ], [ -2.355044566185594, 43.001217127190685 ], [ -2.354668668763831, 43.000373948538567 ], [ -2.355090266760388, 42.999794585167095 ], [ -2.35571315832982, 43.000037091786133 ], [ -2.356953438834506, 42.999614852868547 ], [ -2.366631620224138, 42.993152990778455 ], [ -2.37271932769116, 42.986933397747755 ], [ -2.367380121656923, 42.985562616257994 ], [ -2.367552414864063, 42.98498030974558 ], [ -2.365769212575294, 42.981677556070075 ], [ -2.365678302712376, 42.980105305468562 ], [ -2.367985884781558, 42.975736105762586 ], [ -2.365646923205549, 42.969484798072138 ], [ -2.36197764175536, 42.966834824648231 ], [ -2.362981715161507, 42.962622425454576 ], [ -2.358132416805039, 42.959543593268208 ], [ -2.354937880296986, 42.956625087573684 ], [ -2.353545897850347, 42.953273633705614 ], [ -2.35487429627788, 42.949672594327815 ], [ -2.360152190550819, 42.947547830824291 ], [ -2.361505710619217, 42.947396628168718 ], [ -2.362088631240088, 42.947665349473908 ], [ -2.362702155998941, 42.946845427588229 ], [ -2.365614263267586, 42.947088172745097 ], [ -2.367051594174553, 42.947488393050925 ], [ -2.369216417181469, 42.948806357252259 ], [ -2.370889471585959, 42.949069149009588 ], [ -2.37437555826651, 42.948051224252261 ], [ -2.377169986058217, 42.948097440707073 ], [ -2.378261251709163, 42.948849538487011 ], [ -2.388849058612478, 42.952190007895112 ], [ -2.389834980693839, 42.952781321319748 ], [ -2.391665489012651, 42.952175743745016 ], [ -2.394182310654525, 42.952173422750967 ], [ -2.397852873045186, 42.953764545440094 ], [ -2.399964567823742, 42.956678796723885 ], [ -2.404049416641735, 42.957079702673106 ], [ -2.405635439361974, 42.959239362596158 ], [ -2.406412057192325, 42.959618275683091 ], [ -2.415145921783714, 42.958981816499467 ], [ -2.417808234766569, 42.957998881593149 ], [ -2.42077018452421, 42.955961189965265 ], [ -2.422066080951423, 42.955643915821852 ], [ -2.430560964772268, 42.957858527070243 ], [ -2.441525712076062, 42.958845209345384 ], [ -2.448734302096125, 42.956394647543235 ], [ -2.452660034731369, 42.9561494559035 ], [ -2.455300062390707, 42.95695846276103 ], [ -2.456623069806157, 42.958600171994682 ], [ -2.461353960883882, 42.959320969557851 ], [ -2.463789987006205, 42.961498049239637 ], [ -2.46600307560881, 42.962421874557037 ], [ -2.476959299431006, 42.966184192630273 ], [ -2.479450965396784, 42.965859119877116 ], [ -2.478295981797123, 42.979457966334124 ], [ -2.473488621289163, 42.983513729826981 ], [ -2.472594447788311, 42.985425355513065 ], [ -2.471650291371738, 42.989829349270366 ], [ -2.472173838840427, 42.994687841769448 ], [ -2.471285028586449, 42.997266303382943 ], [ -2.465963727742538, 43.003628168681928 ], [ -2.461705803647693, 43.007221410056374 ], [ -2.456144786143551, 43.016522003793504 ], [ -2.451792120746991, 43.02487393337065 ], [ -2.451482923695651, 43.02850219508818 ], [ -2.45199885274802, 43.033092090373714 ], [ -2.457812029492279, 43.041346929075189 ], [ -2.458802680110844, 43.043759913987273 ], [ -2.459708484155092, 43.044531599379951 ], [ -2.462776094575383, 43.045716701152109 ], [ -2.459982243821022, 43.04905928148365 ], [ -2.460189142293331, 43.049771828770574 ], [ -2.458508339049994, 43.050457420579789 ], [ -2.458958003234472, 43.051175293929766 ], [ -2.458258799830585, 43.052338190646289 ], [ -2.4600801820778, 43.052896193778295 ], [ -2.461968439083709, 43.054318958383696 ], [ -2.462804601292286, 43.055536757250607 ], [ -2.465870120033309, 43.057332199859147 ], [ -2.4656939737263, 43.059954435528994 ], [ -2.460168294421136, 43.064226753169486 ], [ -2.45801276363751, 43.067309317872287 ], [ -2.455839743791087, 43.072163661013832 ], [ -2.451926390177584, 43.074739130494862 ], [ -2.450249175739243, 43.075112354743467 ], [ -2.448927178536613, 43.077186137730102 ], [ -2.44805997558514, 43.079780963524648 ], [ -2.446543301367945, 43.082383538179847 ] ] ] } },
{ "type": "Feature", "properties": { "municipality_code": "20060", "municipality_name": "Orexa", "population_total": 99, "population_65_plus": 20, "population_75_plus": 9, "pct_65_plus": 20.202, "pct_75_plus": 9.091, "reference_period": "2025-01-01", "source_id": "G360_DERIVED_MUNICIPAL_METRICS_V1", "area_km2": 5.8889539074160648, "services_hospital": 0, "services_mental_health": 0, "services_other_health": 0, "services_primary_care": 1, "services_total": 1, "primary_care_per_10000_65_plus": 500.0, "primary_care_per_10000_75_plus": 1111.111, "hospital_per_10000_65_plus": 0.0, "hospital_per_10000_75_plus": 0.0, "mental_health_per_10000_65_plus": 0.0, "mental_health_per_10000_75_plus": 0.0, "other_health_per_10000_65_plus": 0.0, "other_health_per_10000_75_plus": 0.0, "representative_point_longitude": -1.9982962, "representative_point_latitude": 43.0888836, "distance_to_nearest_primary_care_m": 1215.8, "distance_to_nearest_hospital_m": 22786.3, "distance_to_nearest_mental_health_m": 8413.3, "distance_to_nearest_other_health_m": 19510.8, "metrics_reference_period": "demography=2025-01-01;services=2026-09-20;geography=2025-05-07", "source_ids": "EUSTAT_EMH_2025|ODE_HEALTH_CENTRES_2026|GEOEUSKADI_MUNICIPIOS_2025" }, "geometry": { "type": "MultiPolygon", "coordinates": [ [ [ [ -2.003541641247789, 43.103828772774413 ], [ -2.000997685631289, 43.101734838360919 ], [ -1.998891988268982, 43.101882096213451 ], [ -1.996684058294434, 43.100702897943691 ], [ -1.996373030352221, 43.099728079927708 ], [ -1.990760975170382, 43.094872364757066 ], [ -1.991198658541741, 43.094523342524425 ], [ -1.989412783401175, 43.091020374896445 ], [ -1.983772769238184, 43.091884595501199 ], [ -1.982884273675182, 43.091738026360026 ], [ -1.980969355964374, 43.089285194473952 ], [ -1.982274396592571, 43.089335125087729 ], [ -1.98262166828744, 43.090540703172792 ], [ -1.984984055220228, 43.088520481682032 ], [ -1.984950334946048, 43.085910638316733 ], [ -1.987489632949281, 43.085131685576243 ], [ -1.988293092496964, 43.085436941433827 ], [ -1.989033635195646, 43.084903212200523 ], [ -1.990905033084335, 43.084817523210674 ], [ -1.993388466096116, 43.081606824085959 ], [ -1.99175181136974, 43.08100084350928 ], [ -1.990380723689105, 43.07980251322234 ], [ -1.995776972920581, 43.076711614647458 ], [ -2.00163829448856, 43.076523890352348 ], [ -2.004773069658286, 43.075042415402677 ], [ -2.010177780279349, 43.073271339107961 ], [ -2.009536161681419, 43.081808532474007 ], [ -2.008697566443473, 43.083347919621957 ], [ -2.010514397280237, 43.084103502744647 ], [ -2.013304254855716, 43.086022703592405 ], [ -2.011770474380223, 43.089246570652215 ], [ -2.016570274662967, 43.092973782282449 ], [ -2.021889934110331, 43.098172593820451 ], [ -2.017739188812186, 43.102750424490267 ], [ -2.0118207178336, 43.103989676483749 ], [ -2.005026106464599, 43.101454779064873 ], [ -2.005080310520885, 43.104169253912389 ], [ -2.003541641247789, 43.103828772774413 ] ] ], [ [ [ -1.977881400110796, 43.081980025671157 ], [ -1.985244820689761, 43.079949374804649 ], [ -1.98568690135667, 43.0824908654712 ], [ -1.983925257306433, 43.084191562617377 ], [ -1.982051571519349, 43.085314834363693 ], [ -1.98101815349607, 43.083407411743515 ], [ -1.981065843772965, 43.082383083145075 ], [ -1.977881400110796, 43.081980025671157 ] ] ] ] } },
{ "type": "Feature", "properties": { "municipality_code": "20061", "municipality_name": "Orio", "population_total": 6197, "population_65_plus": 1174, "population_75_plus": 575, "pct_65_plus": 18.945, "pct_75_plus": 9.279, "reference_period": "2025-01-01", "source_id": "G360_DERIVED_MUNICIPAL_METRICS_V1", "area_km2": 9.700943921686104, "services_hospital": 0, "services_mental_health": 0, "services_other_health": 0, "services_primary_care": 1, "services_total": 1, "primary_care_per_10000_65_plus": 8.518, "primary_care_per_10000_75_plus": 17.391, "hospital_per_10000_65_plus": 0.0, "hospital_per_10000_75_plus": 0.0, "mental_health_per_10000_65_plus": 0.0, "mental_health_per_10000_75_plus": 0.0, "other_health_per_10000_65_plus": 0.0, "other_health_per_10000_75_plus": 0.0, "representative_point_longitude": -2.1089143, "representative_point_latitude": 43.2888891, "distance_to_nearest_primary_care_m": 2190.3, "distance_to_nearest_hospital_m": 11382.6, "distance_to_nearest_mental_health_m": 5674.8, "distance_to_nearest_other_health_m": 8076.2, "metrics_reference_period": "demography=2025-01-01;services=2026-09-20;geography=2025-05-07", "source_ids": "EUSTAT_EMH_2025|ODE_HEALTH_CENTRES_2026|GEOEUSKADI_MUNICIPIOS_2025" }, "geometry": { "type": "Polygon", "coordinates": [ [ [ -2.083486928920583, 43.307751394577487 ], [ -2.082842081836405, 43.307449580912902 ], [ -2.082741948950591, 43.306913101717186 ], [ -2.084722921215055, 43.304198725469959 ], [ -2.084605793649382, 43.302428428144964 ], [ -2.086716021721195, 43.300929254000543 ], [ -2.086066133279429, 43.299843338093304 ], [ -2.08487649073653, 43.299031151546629 ], [ -2.084541699713125, 43.294553146417378 ], [ -2.086805972675887, 43.293683577869189 ], [ -2.088192100881682, 43.291817322910234 ], [ -2.090147307882957, 43.290162269517012 ], [ -2.090224547839413, 43.289035074968851 ], [ -2.089348320899001, 43.287552875087982 ], [ -2.091745493540834, 43.286212300839416 ], [ -2.093730316314562, 43.285585855827435 ], [ -2.09510862890663, 43.284550016768073 ], [ -2.094841635165765, 43.283540845389219 ], [ -2.093967007209899, 43.282880735972768 ], [ -2.093508531428866, 43.280961334841841 ], [ -2.09575415521257, 43.279061555152936 ], [ -2.096291644382725, 43.2771534999913 ], [ -2.095684678345205, 43.275464395264883 ], [ -2.094233440692514, 43.274134280673849 ], [ -2.092547566458012, 43.271506435544907 ], [ -2.09355915924408, 43.269696429211194 ], [ -2.097720159491976, 43.269886818320138 ], [ -2.100437338306497, 43.270729618978031 ], [ -2.10314878065359, 43.272748579931424 ], [ -2.105566522595049, 43.273586839231392 ], [ -2.105459401944496, 43.274069457063348 ], [ -2.106352246838751, 43.272887184617069 ], [ -2.108382228009414, 43.271978575405704 ], [ -2.111811407129285, 43.271556385557318 ], [ -2.114195222342848, 43.272025189178585 ], [ -2.117196744013208, 43.274984916069016 ], [ -2.11835578578181, 43.275084877720438 ], [ -2.121879690331961, 43.27439704873381 ], [ -2.131032164909294, 43.274665317959268 ], [ -2.132864843898007, 43.276294649953542 ], [ -2.133486063032648, 43.279405940602501 ], [ -2.132845706819575, 43.281798918251333 ], [ -2.13153136097752, 43.283566450375169 ], [ -2.133079842431559, 43.283971697329498 ], [ -2.132884110481243, 43.284900386528122 ], [ -2.131600617026628, 43.285275235505445 ], [ -2.130816215483718, 43.283550842991573 ], [ -2.131613170486805, 43.283395354190027 ], [ -2.131740138824053, 43.28303019187787 ], [ -2.129412018555084, 43.282787561046035 ], [ -2.127740484067362, 43.28575372043521 ], [ -2.128082963240522, 43.286896760975296 ], [ -2.132338186808821, 43.291691366474339 ], [ -2.129264661675677, 43.288763496219794 ], [ -2.127766844616472, 43.289050045169013 ], [ -2.127018049335031, 43.289469438257463 ], [ -2.127230206863922, 43.290347562015775 ], [ -2.124665686795976, 43.291872607884372 ], [ -2.123841606862956, 43.293547900495504 ], [ -2.123110338442338, 43.293925710730022 ], [ -2.122419793652921, 43.29354555459669 ], [ -2.120997645022098, 43.293575064591835 ], [ -2.119707793637422, 43.295756404369342 ], [ -2.1170339576712, 43.295921108011015 ], [ -2.115311307090454, 43.296597725701034 ], [ -2.112858105195125, 43.29941578899858 ], [ -2.111980996029575, 43.299842821746225 ], [ -2.109937577854572, 43.299812981289072 ], [ -2.109253216254789, 43.301037134804993 ], [ -2.107547533037411, 43.301650554933488 ], [ -2.104745120893174, 43.300928910490732 ], [ -2.102350410312642, 43.303245920480151 ], [ -2.100026600965238, 43.303260255386483 ], [ -2.098555999695413, 43.303866025814031 ], [ -2.096264534901879, 43.303917547831333 ], [ -2.093407015375148, 43.304906683610284 ], [ -2.09325054505904, 43.305305244809098 ], [ -2.091931337320466, 43.305357720386255 ], [ -2.091301282414462, 43.30601995268912 ], [ -2.090412539553345, 43.306276270946732 ], [ -2.089417095039412, 43.306006588200987 ], [ -2.083486928920583, 43.307751394577487 ] ] ] } },
{ "type": "Feature", "properties": { "municipality_code": "20062", "municipality_name": "Ormaiztegi", "population_total": 1290, "population_65_plus": 303, "population_75_plus": 137, "pct_65_plus": 23.488, "pct_75_plus": 10.62, "reference_period": "2025-01-01", "source_id": "G360_DERIVED_MUNICIPAL_METRICS_V1", "area_km2": 6.8472355807782632, "services_hospital": 0, "services_mental_health": 0, "services_other_health": 0, "services_primary_care": 1, "services_total": 1, "primary_care_per_10000_65_plus": 33.003, "primary_care_per_10000_75_plus": 72.993, "hospital_per_10000_65_plus": 0.0, "hospital_per_10000_75_plus": 0.0, "mental_health_per_10000_65_plus": 0.0, "mental_health_per_10000_75_plus": 0.0, "other_health_per_10000_65_plus": 0.0, "other_health_per_10000_75_plus": 0.0, "representative_point_longitude": -2.251306, "representative_point_latitude": 43.0419735, "distance_to_nearest_primary_care_m": 320.3, "distance_to_nearest_hospital_m": 6826.6, "distance_to_nearest_mental_health_m": 5101.0, "distance_to_nearest_other_health_m": 31253.2, "metrics_reference_period": "demography=2025-01-01;services=2026-09-20;geography=2025-05-07", "source_ids": "EUSTAT_EMH_2025|ODE_HEALTH_CENTRES_2026|GEOEUSKADI_MUNICIPIOS_2025" }, "geometry": { "type": "Polygon", "coordinates": [ [ [ -2.246277399499332, 43.058180733869172 ], [ -2.245446139155709, 43.056813131798677 ], [ -2.245248439215084, 43.05500303300326 ], [ -2.243541314789134, 43.053555730148865 ], [ -2.243460103518975, 43.052245621992789 ], [ -2.240944977126412, 43.051740913055255 ], [ -2.240722811952399, 43.050281341650368 ], [ -2.241610721984942, 43.048585616524313 ], [ -2.240857850499064, 43.045951452702162 ], [ -2.236089009699345, 43.044932314951446 ], [ -2.235591008867407, 43.042800625568212 ], [ -2.232020041107091, 43.041534602920962 ], [ -2.230400478581491, 43.040313786597636 ], [ -2.230120152901096, 43.039364413407199 ], [ -2.230656461113369, 43.035964618010397 ], [ -2.233239497894122, 43.036085330561548 ], [ -2.235401442031505, 43.03493401063097 ], [ -2.23680896642809, 43.034715399648512 ], [ -2.238027368069246, 43.034091138244328 ], [ -2.239503441767317, 43.032401127493884 ], [ -2.241114715348545, 43.033052717004253 ], [ -2.242620407738535, 43.032392450574832 ], [ -2.2448403302447, 43.032177850733206 ], [ -2.246124573395616, 43.028973705563168 ], [ -2.247199186626032, 43.028400403136821 ], [ -2.247837149803452, 43.025538417417316 ], [ -2.25110318795865, 43.026925022927102 ], [ -2.253241155940245, 43.02720935014937 ], [ -2.2551633353064, 43.027981180040193 ], [ -2.257699741445923, 43.030440996359886 ], [ -2.259292027941421, 43.030554779481037 ], [ -2.262028719381644, 43.033164870879787 ], [ -2.262579483173465, 43.035086022545897 ], [ -2.264640709740604, 43.035345676339013 ], [ -2.267020419644657, 43.037048529205208 ], [ -2.267299688170723, 43.037831236561516 ], [ -2.268647554201909, 43.037621262246425 ], [ -2.270389345462213, 43.038073313337108 ], [ -2.2713918476568, 43.039211357684124 ], [ -2.264386071167431, 43.051761049872994 ], [ -2.261324568930497, 43.052312886737091 ], [ -2.261257505218548, 43.053081819196663 ], [ -2.262023804513334, 43.053969913431473 ], [ -2.259612166395253, 43.056935537607579 ], [ -2.25762452806834, 43.057601349205505 ], [ -2.256355900960787, 43.057346865774583 ], [ -2.252846144404216, 43.057543544309716 ], [ -2.251018467527304, 43.058219738654266 ], [ -2.246277399499332, 43.058180733869172 ] ] ] } },
{ "type": "Feature", "properties": { "municipality_code": "20063", "municipality_name": "Oiartzun", "population_total": 10473, "population_65_plus": 2369, "population_75_plus": 1138, "pct_65_plus": 22.62, "pct_75_plus": 10.866, "reference_period": "2025-01-01", "source_id": "G360_DERIVED_MUNICIPAL_METRICS_V1", "area_km2": 59.495824639010571, "services_hospital": 0, "services_mental_health": 0, "services_other_health": 0, "services_primary_care": 1, "services_total": 1, "primary_care_per_10000_65_plus": 4.221, "primary_care_per_10000_75_plus": 8.787, "hospital_per_10000_65_plus": 0.0, "hospital_per_10000_75_plus": 0.0, "mental_health_per_10000_65_plus": 0.0, "mental_health_per_10000_75_plus": 0.0, "other_health_per_10000_65_plus": 0.0, "other_health_per_10000_75_plus": 0.0, "representative_point_longitude": -1.8259107, "representative_point_latitude": 43.268308, "distance_to_nearest_primary_care_m": 4438.1, "distance_to_nearest_hospital_m": 8212.6, "distance_to_nearest_mental_health_m": 8079.1, "distance_to_nearest_other_health_m": 8572.0, "metrics_reference_period": "demography=2025-01-01;services=2026-09-20;geography=2025-05-07", "source_ids": "EUSTAT_EMH_2025|ODE_HEALTH_CENTRES_2026|GEOEUSKADI_MUNICIPIOS_2025" }, "geometry": { "type": "Polygon", "coordinates": [ [ [ -1.849685268649636, 43.325061881840654 ], [ -1.846922561748522, 43.323163012656373 ], [ -1.84369190884893, 43.319766850936411 ], [ -1.84198542754471, 43.318669097055896 ], [ -1.840190537932899, 43.318286515571344 ], [ -1.838971453897546, 43.316831303735036 ], [ -1.83315695543464, 43.312669344369908 ], [ -1.831684187828114, 43.31278898879404 ], [ -1.828326058597948, 43.31201593360678 ], [ -1.820137781910975, 43.307467814743617 ], [ -1.814223859486958, 43.305806607625819 ], [ -1.812644748688857, 43.30354747561897 ], [ -1.810886014099786, 43.30282246564586 ], [ -1.808200750907575, 43.300462255056608 ], [ -1.801140047781818, 43.297598603334713 ], [ -1.799046068380556, 43.296128629531651 ], [ -1.797663145189207, 43.295854274660705 ], [ -1.79482588091738, 43.296225139304767 ], [ -1.790542736596455, 43.293483545016436 ], [ -1.788231189976655, 43.29252362615339 ], [ -1.785926018602972, 43.289498265241036 ], [ -1.78282801204079, 43.286601119296037 ], [ -1.782760981901186, 43.28589584957669 ], [ -1.783604992711193, 43.285142890557445 ], [ -1.783206720373961, 43.284586560184849 ], [ -1.78422440772302, 43.283688731595191 ], [ -1.784881689124061, 43.281912918227214 ], [ -1.785780999452503, 43.281422137491262 ], [ -1.787033031066005, 43.279620996916783 ], [ -1.789343475056923, 43.27844876808048 ], [ -1.792165046593737, 43.277667814369522 ], [ -1.794195667247889, 43.276468046340213 ], [ -1.793384772738727, 43.27217568669591 ], [ -1.791280453523612, 43.269300406426602 ], [ -1.795183151871212, 43.264634619839605 ], [ -1.795225251250499, 43.262597513711448 ], [ -1.794001231459376, 43.260772123691048 ], [ -1.794190124674486, 43.259654533890654 ], [ -1.792985875078302, 43.256376923220628 ], [ -1.79575870208228, 43.253684089367447 ], [ -1.794984096935143, 43.250731095628829 ], [ -1.795333168724899, 43.248653303007373 ], [ -1.794686775164799, 43.246733300437519 ], [ -1.795061642009181, 43.246281056653842 ], [ -1.799323571866235, 43.244854863994625 ], [ -1.801401673108062, 43.245049350009388 ], [ -1.803976113382162, 43.244558478482965 ], [ -1.80441503924185, 43.242377932450694 ], [ -1.805568700411267, 43.240213943446633 ], [ -1.80663059147443, 43.239998563676401 ], [ -1.807371921430813, 43.239169111146062 ], [ -1.811983137539402, 43.239215535457951 ], [ -1.812700619746411, 43.239526240008594 ], [ -1.813123144530955, 43.238854934988353 ], [ -1.814721443372858, 43.238616626168998 ], [ -1.816103126373356, 43.239132691902249 ], [ -1.817010377392496, 43.237966408425208 ], [ -1.818044637110969, 43.238954313943573 ], [ -1.819210958533693, 43.239012544523106 ], [ -1.819801405455843, 43.237351279278833 ], [ -1.820974992348348, 43.237252031414592 ], [ -1.821482320492357, 43.236409485051716 ], [ -1.822468150490447, 43.2358791271608 ], [ -1.82180759697906, 43.233865533195107 ], [ -1.822151501155547, 43.232907034200672 ], [ -1.822947891570272, 43.232793772604445 ], [ -1.822542292900442, 43.231365666002503 ], [ -1.825590502883859, 43.228246800667286 ], [ -1.827570462510724, 43.228090216417819 ], [ -1.830309711438211, 43.22909021796297 ], [ -1.832239083326417, 43.227451414176102 ], [ -1.834166576505739, 43.229075421840818 ], [ -1.835192723549235, 43.228540122603896 ], [ -1.834540810452932, 43.227194364921964 ], [ -1.834907272520752, 43.22616019211749 ], [ -1.833885164612809, 43.225038829639445 ], [ -1.834588183837709, 43.224198793211876 ], [ -1.835345077359865, 43.224286121027163 ], [ -1.835596300360763, 43.225735889826943 ], [ -1.836068585228665, 43.226064795124543 ], [ -1.841039035889867, 43.22390994895472 ], [ -1.841911921290213, 43.22473377068706 ], [ -1.843063134141427, 43.224745114870046 ], [ -1.845039955402407, 43.22545882925052 ], [ -1.846390886135449, 43.223904851891497 ], [ -1.84730030723657, 43.223612726183177 ], [ -1.849808338694866, 43.22481242720859 ], [ -1.849806473170481, 43.22649129167614 ], [ -1.848568939728919, 43.227519019357494 ], [ -1.849230038274456, 43.228392913839535 ], [ -1.849994276887359, 43.228493767867967 ], [ -1.850607733064527, 43.22750037912212 ], [ -1.851946925243612, 43.226865666602073 ], [ -1.852732349223177, 43.225913714935508 ], [ -1.852422720945141, 43.224745369832753 ], [ -1.850710043632039, 43.223860077974869 ], [ -1.850515967770676, 43.223096243187541 ], [ -1.850926968962621, 43.222336871506634 ], [ -1.853436297024043, 43.221045645258322 ], [ -1.852851613687439, 43.219222406241755 ], [ -1.853842217804909, 43.2183086341213 ], [ -1.855744397196339, 43.219603955383171 ], [ -1.857477571427896, 43.218699263131583 ], [ -1.854626624399651, 43.217594304333467 ], [ -1.854104030611957, 43.216729982569682 ], [ -1.854296324075974, 43.215983921713544 ], [ -1.855716517796899, 43.215472211713355 ], [ -1.857251264851108, 43.216454763541265 ], [ -1.859353975190826, 43.216659452034662 ], [ -1.857586885134241, 43.217719292210361 ], [ -1.857700854932824, 43.218030144697913 ], [ -1.859271546816263, 43.217627156724916 ], [ -1.860687445454426, 43.217705920174424 ], [ -1.860785288887687, 43.214283573572963 ], [ -1.860305539037374, 43.212880080718804 ], [ -1.860654431154796, 43.212254722599823 ], [ -1.862002076958794, 43.211894953557469 ], [ -1.863908183961881, 43.21281013950415 ], [ -1.862789206433526, 43.214259440837772 ], [ -1.863385496703811, 43.216093099769466 ], [ -1.866704595095156, 43.218118317626896 ], [ -1.866253063446583, 43.219950395557184 ], [ -1.864618613229174, 43.222115026960374 ], [ -1.865437178841244, 43.222559900274483 ], [ -1.866233344783227, 43.223918112649855 ], [ -1.865321230564568, 43.224381876984204 ], [ -1.865352862577186, 43.224742808813616 ], [ -1.86716383737488, 43.226137182191444 ], [ -1.86688705511002, 43.228105561013429 ], [ -1.867553997638716, 43.229967638257371 ], [ -1.868155058281678, 43.2303389684701 ], [ -1.868979104509906, 43.230002926060969 ], [ -1.872842259391234, 43.226360805872467 ], [ -1.873638493032391, 43.226744618163316 ], [ -1.873486406151679, 43.229205682283862 ], [ -1.874555437437517, 43.23060710359433 ], [ -1.873001170158082, 43.231635647115439 ], [ -1.872061611034652, 43.230733263466192 ], [ -1.868131584913197, 43.2311439954657 ], [ -1.865667867600763, 43.232259379510111 ], [ -1.864536680630614, 43.233672194867587 ], [ -1.862713662628311, 43.23476839064034 ], [ -1.860511949955299, 43.237795265816885 ], [ -1.849259149730793, 43.244495102077245 ], [ -1.850846951232601, 43.249650531766115 ], [ -1.850826370615077, 43.256752306937528 ], [ -1.849085881156239, 43.262709940356068 ], [ -1.849325165232841, 43.263855575990718 ], [ -1.856948859246074, 43.264549921260489 ], [ -1.857291618035564, 43.2660647813426 ], [ -1.858707240426678, 43.266628321514943 ], [ -1.859528395087838, 43.268774027465255 ], [ -1.860166227484817, 43.268731553903969 ], [ -1.867321548951126, 43.271445482649526 ], [ -1.891657652727887, 43.283083193337013 ], [ -1.892030231516915, 43.283316905183597 ], [ -1.892140203321549, 43.286750319714599 ], [ -1.89371240172817, 43.288099415213438 ], [ -1.895631502821549, 43.28848517558265 ], [ -1.894533834782431, 43.289645808804032 ], [ -1.896151896180077, 43.290379259698277 ], [ -1.897028263157566, 43.2915021238584 ], [ -1.897335235041697, 43.293443132460709 ], [ -1.895389541736163, 43.29559728841992 ], [ -1.894054747951102, 43.296078634655203 ], [ -1.893108489200062, 43.296959716079158 ], [ -1.891696202503887, 43.299253410590858 ], [ -1.88792408116818, 43.302546259077289 ], [ -1.887562503622758, 43.303929656670576 ], [ -1.886897960319683, 43.30414115584567 ], [ -1.885304961077918, 43.303203258849777 ], [ -1.886331028393951, 43.305088693488926 ], [ -1.885822968206753, 43.306282974900981 ], [ -1.882485580693778, 43.30701460772174 ], [ -1.882241826865114, 43.307630924969288 ], [ -1.88256325299339, 43.308419618466353 ], [ -1.882213011728955, 43.310290473117036 ], [ -1.88318668383365, 43.31004213244983 ], [ -1.883619260594322, 43.310469062853549 ], [ -1.885543602839307, 43.310593408403484 ], [ -1.889310499572979, 43.312221075051646 ], [ -1.889505189067461, 43.314328810415134 ], [ -1.888700545842194, 43.315851667906969 ], [ -1.883370597676026, 43.318699017347633 ], [ -1.876958448307841, 43.319656709833325 ], [ -1.873117890595772, 43.318958453536538 ], [ -1.871184974112329, 43.320665838569724 ], [ -1.865242476503198, 43.321356545081585 ], [ -1.859109419148555, 43.321552433851913 ], [ -1.855824068565278, 43.322797725463921 ], [ -1.852100767162683, 43.32535358492818 ], [ -1.849685268649636, 43.325061881840654 ] ] ] } },
{ "type": "Feature", "properties": { "municipality_code": "20064", "municipality_name": "Pasaia", "population_total": 16767, "population_65_plus": 3719, "population_75_plus": 2053, "pct_65_plus": 22.18, "pct_75_plus": 12.244, "reference_period": "2025-01-01", "source_id": "G360_DERIVED_MUNICIPAL_METRICS_V1", "area_km2": 10.593428412916237, "services_hospital": 0, "services_mental_health": 0, "services_other_health": 0, "services_primary_care": 3, "services_total": 3, "primary_care_per_10000_65_plus": 8.067, "primary_care_per_10000_75_plus": 14.613, "hospital_per_10000_65_plus": 0.0, "hospital_per_10000_75_plus": 0.0, "mental_health_per_10000_65_plus": 0.0, "mental_health_per_10000_75_plus": 0.0, "other_health_per_10000_65_plus": 0.0, "other_health_per_10000_75_plus": 0.0, "representative_point_longitude": -1.8766806, "representative_point_latitude": 43.3442105, "distance_to_nearest_primary_care_m": 2813.4, "distance_to_nearest_hospital_m": 5019.4, "distance_to_nearest_mental_health_m": 4322.6, "distance_to_nearest_other_health_m": 4322.6, "metrics_reference_period": "demography=2025-01-01;services=2026-09-20;geography=2025-05-07", "source_ids": "EUSTAT_EMH_2025|ODE_HEALTH_CENTRES_2026|GEOEUSKADI_MUNICIPIOS_2025" }, "geometry": { "type": "MultiPolygon", "coordinates": [ [ [ [ -1.906136047423741, 43.321753725799375 ], [ -1.904523675914732, 43.322555412994376 ], [ -1.903580566502932, 43.322100149857114 ], [ -1.903896725597505, 43.321511760574133 ], [ -1.904470092323511, 43.321884165431946 ], [ -1.906682236877958, 43.32118665417444 ], [ -1.907676038311509, 43.320105960222818 ], [ -1.907621446041633, 43.319345925655043 ], [ -1.908333927400649, 43.319031047893588 ], [ -1.912301734999076, 43.317842015497078 ], [ -1.913797727357846, 43.317940526261467 ], [ -1.914105457649011, 43.317605486555685 ], [ -1.91495617626519, 43.31789356172122 ], [ -1.916277182867768, 43.315725076347448 ], [ -1.916739653650022, 43.3158122224769 ], [ -1.916569004270135, 43.314846127350556 ], [ -1.918047890507588, 43.314037833308959 ], [ -1.918899351758423, 43.312903093673519 ], [ -1.920960650248624, 43.312592428083121 ], [ -1.919516047489715, 43.313503047317958 ], [ -1.918731676108769, 43.314801826731134 ], [ -1.918584304897049, 43.317368064863217 ], [ -1.919338873577099, 43.318226121735961 ], [ -1.919372727837368, 43.319704618685691 ], [ -1.921944683992697, 43.321003296738297 ], [ -1.921730554365818, 43.321416384940278 ], [ -1.924156145250034, 43.321692884452467 ], [ -1.931095137028765, 43.321367784155996 ], [ -1.938676800614323, 43.320004067626712 ], [ -1.939321159364814, 43.322118086622673 ], [ -1.938035215329723, 43.322314246854972 ], [ -1.937473048144131, 43.321926154584965 ], [ -1.936939058900531, 43.322521474716325 ], [ -1.939069959021336, 43.327417327007026 ], [ -1.937752175815486, 43.328329854900367 ], [ -1.937496883962131, 43.327868164940803 ], [ -1.935836964545275, 43.328275852074761 ], [ -1.935182397842953, 43.329361912619689 ], [ -1.933404965678023, 43.330194201702 ], [ -1.930951572221394, 43.330493269318922 ], [ -1.931132129325677, 43.332835942462943 ], [ -1.929895807062331, 43.332703743546752 ], [ -1.929595214248029, 43.332042523580135 ], [ -1.927838514336301, 43.331687590047906 ], [ -1.926303661557578, 43.33205137842549 ], [ -1.926305134042211, 43.33255591274947 ], [ -1.925424437147001, 43.331357249977259 ], [ -1.925926411645812, 43.329799959445531 ], [ -1.925022121628344, 43.329654865251868 ], [ -1.925317423413204, 43.329262614247241 ], [ -1.923148129383415, 43.328348334678815 ], [ -1.92270386349245, 43.327068087805735 ], [ -1.921576888476378, 43.326407921749599 ], [ -1.921784226080776, 43.325501324668913 ], [ -1.92262002576017, 43.325058437020481 ], [ -1.924814134284848, 43.324796614847003 ], [ -1.925720196442821, 43.322975418315828 ], [ -1.927285812869013, 43.32259571742221 ], [ -1.931964137380628, 43.322810047457324 ], [ -1.931834107772332, 43.322044892413736 ], [ -1.927271866499986, 43.321755197891285 ], [ -1.924336975756815, 43.321993011160686 ], [ -1.923227372856017, 43.32316221562958 ], [ -1.913588195976911, 43.319013108432031 ], [ -1.909782708930472, 43.319215064263204 ], [ -1.907827784239841, 43.32147112521168 ], [ -1.906121548570951, 43.322204351539767 ], [ -1.906802879854319, 43.321802873102456 ], [ -1.906055876252142, 43.322148100498197 ], [ -1.906136047423741, 43.321753725799375 ] ] ], [ [ [ -1.868809910105018, 43.364858273190009 ], [ -1.857125554869936, 43.3433378574817 ], [ -1.863185577817186, 43.341603705159571 ], [ -1.869443143266265, 43.339349055318316 ], [ -1.869920781200635, 43.338747468693064 ], [ -1.871367797437047, 43.338151841865759 ], [ -1.881603189681302, 43.334938041396683 ], [ -1.885213592164997, 43.334185731142746 ], [ -1.887680588223954, 43.334147444069984 ], [ -1.890935206209893, 43.333112555254601 ], [ -1.894125769390592, 43.332824767697545 ], [ -1.897075177371486, 43.331547889541824 ], [ -1.899567853505089, 43.331459670002353 ], [ -1.900259307698545, 43.330076531016104 ], [ -1.900189336528905, 43.329145945791637 ], [ -1.901485334449636, 43.328238412972055 ], [ -1.903867892493777, 43.327963536029941 ], [ -1.906822920120735, 43.32821594706391 ], [ -1.909473304691885, 43.327536760194178 ], [ -1.910125470858549, 43.326338748123689 ], [ -1.910034877590508, 43.323239718942524 ], [ -1.911036740770031, 43.32317520812731 ], [ -1.911333136643025, 43.322655860002186 ], [ -1.910502843140186, 43.322187554111267 ], [ -1.909749241952187, 43.322238271374893 ], [ -1.910165707123158, 43.322177678615674 ], [ -1.910118955954019, 43.321681446224673 ], [ -1.909677959370381, 43.321651940202912 ], [ -1.910485776388338, 43.321596697384287 ], [ -1.910392287294031, 43.320686083602958 ], [ -1.911562710274382, 43.320626915259581 ], [ -1.911652428198465, 43.321333101227729 ], [ -1.911973005121749, 43.320785163419643 ], [ -1.912042431467973, 43.321431226674669 ], [ -1.912615143914897, 43.321407659137371 ], [ -1.912589784963737, 43.320821371895924 ], [ -1.91656252432724, 43.323151151430054 ], [ -1.916293448322741, 43.323384879681782 ], [ -1.917152511006883, 43.323896457322455 ], [ -1.917001842379632, 43.324150667894557 ], [ -1.919893881955186, 43.325504557816103 ], [ -1.919930698018832, 43.326858458798149 ], [ -1.921601627034357, 43.328070111471433 ], [ -1.921968583378536, 43.329192377160894 ], [ -1.923613485240295, 43.33045183862496 ], [ -1.923873461954582, 43.332766453368542 ], [ -1.922802441916548, 43.333147074381202 ], [ -1.922757358794723, 43.333548158989451 ], [ -1.925198560769987, 43.333890335979305 ], [ -1.926779326855156, 43.335048028196006 ], [ -1.926878781036577, 43.335788948484591 ], [ -1.927846564331939, 43.335689161483408 ], [ -1.927962051370818, 43.335772004657287 ], [ -1.916995493029432, 43.336551296668851 ], [ -1.912640104798096, 43.338577122850808 ], [ -1.911031590575598, 43.338429812463964 ], [ -1.911023023903862, 43.339005746090727 ], [ -1.909010187614706, 43.339839283967549 ], [ -1.909042577686052, 43.340379770262629 ], [ -1.902849458568042, 43.341346400867309 ], [ -1.90215188917969, 43.342025935804124 ], [ -1.899139463902356, 43.342957302180238 ], [ -1.899725304513356, 43.343370571488919 ], [ -1.897706214351075, 43.343953615606658 ], [ -1.896606286393349, 43.343791913819466 ], [ -1.895099340648637, 43.345113534271874 ], [ -1.893594707264109, 43.344966081726518 ], [ -1.893625573252153, 43.345576251415885 ], [ -1.891504666694236, 43.346092558182598 ], [ -1.888590402079508, 43.347879028357973 ], [ -1.887698157138452, 43.347922669400802 ], [ -1.887030637071191, 43.348544594790802 ], [ -1.885505649855125, 43.348986718476716 ], [ -1.885275723700512, 43.349401112837221 ], [ -1.883925838104213, 43.349200924681895 ], [ -1.883076118329985, 43.349467714398273 ], [ -1.883156626349542, 43.350298799744586 ], [ -1.882631730177512, 43.350392991295578 ], [ -1.880910539952127, 43.352490132052161 ], [ -1.88026932155383, 43.352587766595548 ], [ -1.880376979503007, 43.353027516558534 ], [ -1.879877845434702, 43.353108260872624 ], [ -1.879981463039444, 43.353465671100338 ], [ -1.879194408962384, 43.354118164852018 ], [ -1.876589977382907, 43.358895119821874 ], [ -1.876706186629598, 43.359512613978424 ], [ -1.875709497139685, 43.360851951647142 ], [ -1.875112568379564, 43.363129151240067 ], [ -1.874177091061384, 43.362908611829496 ], [ -1.87191189541191, 43.3640102198233 ], [ -1.871111424896034, 43.368041590738137 ], [ -1.868809910105018, 43.364858273190009 ] ] ] ] } },
{ "type": "Feature", "properties": { "municipality_code": "20065", "municipality_name": "Soraluze-Placencia de las Armas", "population_total": 3765, "population_65_plus": 948, "population_75_plus": 496, "pct_65_plus": 25.179, "pct_75_plus": 13.174, "reference_period": "2025-01-01", "source_id": "G360_DERIVED_MUNICIPAL_METRICS_V1", "area_km2": 14.027224380980158, "services_hospital": 0, "services_mental_health": 0, "services_other_health": 0, "services_primary_care": 1, "services_total": 1, "primary_care_per_10000_65_plus": 10.549, "primary_care_per_10000_75_plus": 20.161, "hospital_per_10000_65_plus": 0.0, "hospital_per_10000_75_plus": 0.0, "mental_health_per_10000_65_plus": 0.0, "mental_health_per_10000_75_plus": 0.0, "other_health_per_10000_65_plus": 0.0, "other_health_per_10000_75_plus": 0.0, "representative_point_longitude": -2.4086286, "representative_point_latitude": 43.1792229, "distance_to_nearest_primary_care_m": 618.3, "distance_to_nearest_hospital_m": 5992.3, "distance_to_nearest_mental_health_m": 5815.8, "distance_to_nearest_other_health_m": 33304.5, "metrics_reference_period": "demography=2025-01-01;services=2026-09-20;geography=2025-05-07", "source_ids": "EUSTAT_EMH_2025|ODE_HEALTH_CENTRES_2026|GEOEUSKADI_MUNICIPIOS_2025" }, "geometry": { "type": "Polygon", "coordinates": [ [ [ -2.424059058243761, 43.196586115657347 ], [ -2.420235431054747, 43.195588145744438 ], [ -2.417070343788239, 43.19350046138883 ], [ -2.414623846912359, 43.192460564897978 ], [ -2.41108019138819, 43.191781520212452 ], [ -2.406895439394238, 43.191584979373502 ], [ -2.400571428900284, 43.187876228450712 ], [ -2.396727168800286, 43.186502376685006 ], [ -2.39565579474835, 43.186570689213802 ], [ -2.393097167540721, 43.185087499879337 ], [ -2.389354055242416, 43.184662285123615 ], [ -2.38419525359962, 43.181545692521773 ], [ -2.382380593469662, 43.180831345951773 ], [ -2.381433018555054, 43.180933824672799 ], [ -2.379751617405385, 43.180223520951522 ], [ -2.378615689081111, 43.179193325359932 ], [ -2.377669364361047, 43.179174713271131 ], [ -2.373306315901231, 43.175981798969161 ], [ -2.375291002280343, 43.171223156356383 ], [ -2.3766148401225, 43.169875426972602 ], [ -2.381811935658399, 43.168461058855087 ], [ -2.382624774329922, 43.167408015290668 ], [ -2.390280651960305, 43.164769153918812 ], [ -2.392757736554545, 43.164355098802446 ], [ -2.393083287501138, 43.163511626810511 ], [ -2.394761636203404, 43.162831721457181 ], [ -2.395024783711454, 43.162276126641196 ], [ -2.396482129437512, 43.161896225092015 ], [ -2.397391555773728, 43.162235396609645 ], [ -2.399601538358239, 43.162043779448396 ], [ -2.399532423677926, 43.16286861944198 ], [ -2.400296137489152, 43.1634774036485 ], [ -2.400402824655429, 43.163037627174532 ], [ -2.404281956513688, 43.162081139678385 ], [ -2.406114367349052, 43.162126685059491 ], [ -2.410260610746211, 43.163143702774356 ], [ -2.413245200653158, 43.164987832727441 ], [ -2.415668912822349, 43.164156577130271 ], [ -2.416865033170158, 43.163155312582141 ], [ -2.41849989773408, 43.163437469416394 ], [ -2.420200240290578, 43.163821598929367 ], [ -2.421072479208502, 43.166171856137211 ], [ -2.422641295000082, 43.166384912881163 ], [ -2.42373745044663, 43.167739807942183 ], [ -2.425522117595333, 43.166165289316005 ], [ -2.429595568437712, 43.167970670288177 ], [ -2.430681111734067, 43.166445342640948 ], [ -2.431633416421213, 43.166124125252445 ], [ -2.432749497989795, 43.165867535341341 ], [ -2.436793696589524, 43.166190443370169 ], [ -2.435523462739878, 43.167800994989193 ], [ -2.434198764137054, 43.168320872045328 ], [ -2.439651346505987, 43.16910501001216 ], [ -2.440188793914043, 43.169958684107655 ], [ -2.443223676089929, 43.170710878804343 ], [ -2.441987055478899, 43.174329468620186 ], [ -2.43998163579104, 43.175968032128957 ], [ -2.439455222316255, 43.177497123729985 ], [ -2.439953920992359, 43.178994528910501 ], [ -2.439465145490845, 43.181692231340882 ], [ -2.440870492984486, 43.183616179443959 ], [ -2.440280180340467, 43.185409211754973 ], [ -2.436200579592102, 43.18904071224717 ], [ -2.436526287926032, 43.192801412786707 ], [ -2.435963252246663, 43.193783376054839 ], [ -2.429641842756665, 43.195405179287825 ], [ -2.42744302042021, 43.195368947719906 ], [ -2.426059662531789, 43.196444861904126 ], [ -2.424059058243761, 43.196586115657347 ] ] ] } },
{ "type": "Feature", "properties": { "municipality_code": "20066", "municipality_name": "Errezil", "population_total": 602, "population_65_plus": 119, "population_75_plus": 54, "pct_65_plus": 19.767, "pct_75_plus": 8.97, "reference_period": "2025-01-01", "source_id": "G360_DERIVED_MUNICIPAL_METRICS_V1", "area_km2": 32.202499655820986, "services_hospital": 0, "services_mental_health": 0, "services_other_health": 0, "services_primary_care": 1, "services_total": 1, "primary_care_per_10000_65_plus": 84.034, "primary_care_per_10000_75_plus": 185.185, "hospital_per_10000_65_plus": 0.0, "hospital_per_10000_75_plus": 0.0, "mental_health_per_10000_65_plus": 0.0, "mental_health_per_10000_75_plus": 0.0, "other_health_per_10000_65_plus": 0.0, "other_health_per_10000_75_plus": 0.0, "representative_point_longitude": -2.1873873, "representative_point_latitude": 43.177386, "distance_to_nearest_primary_care_m": 1756.7, "distance_to_nearest_hospital_m": 14550.1, "distance_to_nearest_mental_health_m": 6565.4, "distance_to_nearest_other_health_m": 16971.8, "metrics_reference_period": "demography=2025-01-01;services=2026-09-20;geography=2025-05-07", "source_ids": "EUSTAT_EMH_2025|ODE_HEALTH_CENTRES_2026|GEOEUSKADI_MUNICIPIOS_2025" }, "geometry": { "type": "MultiPolygon", "coordinates": [ [ [ [ -2.169494024003981, 43.206016248274395 ], [ -2.165651637260846, 43.204540791718436 ], [ -2.161132966308061, 43.197653058995883 ], [ -2.159266009615277, 43.196431870938248 ], [ -2.158694425692856, 43.1950372917618 ], [ -2.157258433810278, 43.194677372676722 ], [ -2.155671282242551, 43.194952173921074 ], [ -2.152011982894354, 43.193270300027415 ], [ -2.148308554356265, 43.194023906917899 ], [ -2.151786335306755, 43.187545219023015 ], [ -2.148281337135908, 43.183261753197137 ], [ -2.15343932593064, 43.178903150431616 ], [ -2.151646363706698, 43.177438940832936 ], [ -2.149667353718658, 43.176522189247315 ], [ -2.147541831754606, 43.173510507557133 ], [ -2.153024514784415, 43.170264222911996 ], [ -2.151653304230372, 43.16997411539645 ], [ -2.150332281116846, 43.168825021193022 ], [ -2.147871311807361, 43.167820043894629 ], [ -2.149145432035842, 43.164875780868869 ], [ -2.149947671669618, 43.160009894303677 ], [ -2.152259777064436, 43.15625765055632 ], [ -2.154967475204555, 43.152641280528677 ], [ -2.156541414563625, 43.151950791555336 ], [ -2.164408697734495, 43.151272468387219 ], [ -2.166808106344914, 43.147983497723871 ], [ -2.168586122418795, 43.14778761082988 ], [ -2.172046127503304, 43.148302922612608 ], [ -2.178299900498965, 43.146200003241148 ], [ -2.188285179006687, 43.150589530182202 ], [ -2.191252126213895, 43.148303242469204 ], [ -2.193302425682774, 43.148102052065667 ], [ -2.197221999778098, 43.151387393673822 ], [ -2.204107675412455, 43.150900196416607 ], [ -2.205150179716115, 43.151129468577352 ], [ -2.20859989746766, 43.150608880516451 ], [ -2.204325430186472, 43.154538408729728 ], [ -2.208585867016919, 43.157230953302054 ], [ -2.215490055175855, 43.163328428695714 ], [ -2.220388772965075, 43.16465306423575 ], [ -2.222554340085642, 43.166510789533852 ], [ -2.226173658594266, 43.171049436751666 ], [ -2.224969042044655, 43.172034025707582 ], [ -2.222899390952835, 43.172449476949623 ], [ -2.221736938504913, 43.174342347288118 ], [ -2.22288352261521, 43.174940817513033 ], [ -2.222590008749538, 43.176485994975252 ], [ -2.224192855304483, 43.176583836941049 ], [ -2.22385350323624, 43.177713742038179 ], [ -2.226387476619969, 43.178953616295615 ], [ -2.225288023223825, 43.180316791814896 ], [ -2.223107022948863, 43.181283501116155 ], [ -2.222366455560115, 43.182349269528778 ], [ -2.222203650106247, 43.184033212126572 ], [ -2.219601021214529, 43.186356726113338 ], [ -2.218413618413872, 43.18687824216692 ], [ -2.218529995103272, 43.187386468704624 ], [ -2.219185436774182, 43.188621849537313 ], [ -2.221239122929792, 43.189959696241672 ], [ -2.222222411466994, 43.1914795204261 ], [ -2.227204273492764, 43.194895367016379 ], [ -2.23089226164753, 43.195238400447572 ], [ -2.228100659067248, 43.197183899276354 ], [ -2.22041345559833, 43.198807705723233 ], [ -2.215160514447991, 43.200590067287159 ], [ -2.213639013477494, 43.199914989687606 ], [ -2.205631638645335, 43.20034093521209 ], [ -2.198796847929733, 43.199348217961123 ], [ -2.194439419043955, 43.197730383000177 ], [ -2.194162188739411, 43.198545113621769 ], [ -2.192297241256334, 43.199975895343172 ], [ -2.190697901068865, 43.200036296913893 ], [ -2.1867531178762, 43.201773669719849 ], [ -2.184205598479441, 43.203620365921559 ], [ -2.181953122340643, 43.205845466539131 ], [ -2.181523922915988, 43.207312686667201 ], [ -2.180472605779139, 43.207445027460729 ], [ -2.179728930239428, 43.206674332783223 ], [ -2.177701150717375, 43.206011707371303 ], [ -2.172633176741749, 43.208373851046765 ], [ -2.169494024003981, 43.206016248274395 ] ] ], [ [ [ -2.180349935304597, 43.105338182477418 ], [ -2.17241205557816, 43.102383911273478 ], [ -2.172192429627419, 43.098600278071707 ], [ -2.180586873926341, 43.100979986770653 ], [ -2.181210630891913, 43.101650820224876 ], [ -2.18092816788782, 43.102386199998286 ], [ -2.182596312449756, 43.104256078237405 ], [ -2.182180168207365, 43.106063123424001 ], [ -2.1824777484423, 43.106701168669829 ], [ -2.180349935304597, 43.105338182477418 ] ] ] ] } },
{ "type": "Feature", "properties": { "municipality_code": "20067", "municipality_name": "Errenteria", "population_total": 39779, "population_65_plus": 9667, "population_75_plus": 5372, "pct_65_plus": 24.302, "pct_75_plus": 13.505, "reference_period": "2025-01-01", "source_id": "G360_DERIVED_MUNICIPAL_METRICS_V1", "area_km2": 31.931921252089566, "services_hospital": 0, "services_mental_health": 1, "services_other_health": 1, "services_primary_care": 4, "services_total": 6, "primary_care_per_10000_65_plus": 4.138, "primary_care_per_10000_75_plus": 7.446, "hospital_per_10000_65_plus": 0.0, "hospital_per_10000_75_plus": 0.0, "mental_health_per_10000_65_plus": 1.034, "mental_health_per_10000_75_plus": 1.862, "other_health_per_10000_65_plus": 1.034, "other_health_per_10000_75_plus": 1.862, "representative_point_longitude": -1.8731316, "representative_point_latitude": 43.2640801, "distance_to_nearest_primary_care_m": 3925.5, "distance_to_nearest_hospital_m": 8391.5, "distance_to_nearest_mental_health_m": 6357.8, "distance_to_nearest_other_health_m": 6357.8, "metrics_reference_period": "demography=2025-01-01;services=2026-09-20;geography=2025-05-07", "source_ids": "EUSTAT_EMH_2025|ODE_HEALTH_CENTRES_2026|GEOEUSKADI_MUNICIPIOS_2025" }, "geometry": { "type": "Polygon", "coordinates": [ [ [ -1.904384445478912, 43.321773512798643 ], [ -1.903692045327271, 43.321338442490031 ], [ -1.902909648370351, 43.321601992772862 ], [ -1.902910259868175, 43.321279896569493 ], [ -1.902592759796932, 43.321619485418637 ], [ -1.901590343412005, 43.320146440988275 ], [ -1.903268113999275, 43.318244693045877 ], [ -1.902939880180363, 43.31809637459628 ], [ -1.903391218237009, 43.316993044711765 ], [ -1.901149339170813, 43.316347484767832 ], [ -1.900162460510789, 43.315512519000997 ], [ -1.89972489349795, 43.315975971083702 ], [ -1.898589408829357, 43.315263993230708 ], [ -1.898127416274337, 43.315808288516017 ], [ -1.897479060763259, 43.315656686915219 ], [ -1.896215863756299, 43.314753697193609 ], [ -1.893454281097068, 43.313693915086965 ], [ -1.892375707451548, 43.312327783043514 ], [ -1.890711000637326, 43.311162746186788 ], [ -1.889310499572979, 43.312221075051646 ], [ -1.885543602839307, 43.310593408403484 ], [ -1.883619260594322, 43.310469062853549 ], [ -1.88318668383365, 43.31004213244983 ], [ -1.882213011728955, 43.310290473117036 ], [ -1.882485580693778, 43.30701460772174 ], [ -1.885576300132418, 43.306430153518086 ], [ -1.88622272017502, 43.305801521308368 ], [ -1.886293000394066, 43.304941444400583 ], [ -1.885304961077918, 43.303203258849777 ], [ -1.886897960319683, 43.30414115584567 ], [ -1.887562503622758, 43.303929656670576 ], [ -1.88792408116818, 43.302546259077289 ], [ -1.891696202503887, 43.299253410590858 ], [ -1.893108489200062, 43.296959716079158 ], [ -1.894054747951102, 43.296078634655203 ], [ -1.895389541736163, 43.29559728841992 ], [ -1.897335235041697, 43.293443132460709 ], [ -1.897028263157566, 43.2915021238584 ], [ -1.896151896180077, 43.290379259698277 ], [ -1.894533834782431, 43.289645808804032 ], [ -1.895631502821549, 43.28848517558265 ], [ -1.89371240172817, 43.288099415213438 ], [ -1.892140203321549, 43.286750319714599 ], [ -1.892030231516915, 43.283316905183597 ], [ -1.867321548951126, 43.271445482649526 ], [ -1.860166227484817, 43.268731553903969 ], [ -1.859528395087838, 43.268774027465255 ], [ -1.858707240426678, 43.266628321514943 ], [ -1.857291618035564, 43.2660647813426 ], [ -1.856948859246074, 43.264549921260489 ], [ -1.849325165232841, 43.263855575990718 ], [ -1.849085881156239, 43.262709940356068 ], [ -1.850826370615077, 43.256752306937528 ], [ -1.850846951232601, 43.249650531766115 ], [ -1.849259149730793, 43.244495102077245 ], [ -1.860511949955299, 43.237795265816885 ], [ -1.862713662628311, 43.23476839064034 ], [ -1.864536680630614, 43.233672194867587 ], [ -1.864829052205838, 43.232939754198213 ], [ -1.865990619307547, 43.232085058272688 ], [ -1.868131584913197, 43.2311439954657 ], [ -1.872061611034652, 43.230733263466192 ], [ -1.873001170158082, 43.231635647115439 ], [ -1.874555437437517, 43.23060710359433 ], [ -1.877035127573021, 43.232044546094798 ], [ -1.87801394935714, 43.230249106729495 ], [ -1.880607593261134, 43.229752146251577 ], [ -1.881106239696103, 43.229205575765015 ], [ -1.881316313154908, 43.228479410612124 ], [ -1.880609600573871, 43.227792346377683 ], [ -1.878123389254009, 43.227383841396772 ], [ -1.880399906429487, 43.225322930090805 ], [ -1.879806140309401, 43.224498730602932 ], [ -1.877948750965209, 43.223357597932882 ], [ -1.878536339732955, 43.222634385983362 ], [ -1.880609554684123, 43.221782126346142 ], [ -1.881095081770825, 43.220513242603715 ], [ -1.880494055403403, 43.220288104630939 ], [ -1.878986974230197, 43.22063232471551 ], [ -1.876603758613258, 43.220203083947908 ], [ -1.874837310668194, 43.220549213145112 ], [ -1.874133421357546, 43.220027352047552 ], [ -1.875421357312763, 43.218209033449924 ], [ -1.877645446383917, 43.218886248916533 ], [ -1.881180702724301, 43.218099970896972 ], [ -1.88088504683501, 43.217572361481039 ], [ -1.879264516183075, 43.217110964326459 ], [ -1.88029271943657, 43.215010977342516 ], [ -1.8796658077121, 43.214391464559064 ], [ -1.878561969469828, 43.214726145560846 ], [ -1.87701021044117, 43.217307063057973 ], [ -1.876180779722279, 43.21719841748093 ], [ -1.875918014904509, 43.215801268498126 ], [ -1.878258294242596, 43.213653909164726 ], [ -1.875343954550856, 43.213363805675826 ], [ -1.875114498501864, 43.21090567597102 ], [ -1.875838980130083, 43.21010693704293 ], [ -1.878035577299306, 43.210766073096991 ], [ -1.880278268072183, 43.212296823913377 ], [ -1.881635761266062, 43.212177529270981 ], [ -1.882264438108306, 43.211484623439119 ], [ -1.882343835188322, 43.210232072039268 ], [ -1.881214964849581, 43.207405054881448 ], [ -1.882105677077838, 43.206670235091963 ], [ -1.883780481246512, 43.208621614025226 ], [ -1.883483568424654, 43.211144572745404 ], [ -1.88569172399258, 43.213508240479889 ], [ -1.887891793248373, 43.214720837233173 ], [ -1.889657318461631, 43.214342182703632 ], [ -1.889549303928965, 43.213373030474067 ], [ -1.888472473922661, 43.212344707620019 ], [ -1.888415926812548, 43.211387410776354 ], [ -1.889480218940173, 43.209418963601777 ], [ -1.889614939507667, 43.207628635495141 ], [ -1.890074575646435, 43.207322171773939 ], [ -1.891763454389267, 43.208371680722983 ], [ -1.891920212856699, 43.210021740361363 ], [ -1.892438487010633, 43.210400029339283 ], [ -1.89537687071344, 43.209578426812122 ], [ -1.899735044478, 43.211083946342377 ], [ -1.90325846820943, 43.211308385934892 ], [ -1.904339592918977, 43.212190594483239 ], [ -1.904438447156647, 43.214491473371545 ], [ -1.905518182782084, 43.215510456563479 ], [ -1.908074651442277, 43.216526919887016 ], [ -1.908248248916149, 43.216983021397468 ], [ -1.9074079695685, 43.217390643021517 ], [ -1.90383680877645, 43.217639106233641 ], [ -1.903338110240629, 43.218000097503591 ], [ -1.903456505125976, 43.218998791732353 ], [ -1.904444886716544, 43.21983678882917 ], [ -1.909157458982034, 43.220350155354922 ], [ -1.910782960176475, 43.221352123687709 ], [ -1.910923016408816, 43.222417486463016 ], [ -1.909857881653117, 43.222992986710977 ], [ -1.908793533736306, 43.222075468344883 ], [ -1.905877420477717, 43.221308179491743 ], [ -1.902425618410703, 43.221283408137971 ], [ -1.899748869022939, 43.220804772630672 ], [ -1.897979064997899, 43.220035483418833 ], [ -1.894785379766508, 43.217713113206159 ], [ -1.893583793464121, 43.218594491002619 ], [ -1.888190906532442, 43.220279445653979 ], [ -1.890780983655284, 43.223243663118481 ], [ -1.890481997157798, 43.224654254339328 ], [ -1.890882987783284, 43.22669178398553 ], [ -1.895202128881502, 43.227400022662252 ], [ -1.897634915169606, 43.228352194488572 ], [ -1.899035769924039, 43.229370864105725 ], [ -1.898739108565713, 43.232569261604162 ], [ -1.900659521066997, 43.2373472700476 ], [ -1.898943199944901, 43.239788452744712 ], [ -1.899407069806826, 43.241849667859391 ], [ -1.892364885396467, 43.2445076024323 ], [ -1.892719905007765, 43.245772468556794 ], [ -1.892178556696711, 43.247330256125068 ], [ -1.893298515462497, 43.2489566431993 ], [ -1.892980170669009, 43.250307157908793 ], [ -1.895296829900033, 43.25065720294581 ], [ -1.895232937748392, 43.251915862257995 ], [ -1.896480846643513, 43.252747731112756 ], [ -1.896464236240808, 43.253617089691765 ], [ -1.895097382931134, 43.25443064484827 ], [ -1.895865313292851, 43.255736322181995 ], [ -1.893742376117378, 43.25794893179603 ], [ -1.893692563527159, 43.258717858744667 ], [ -1.894680597185028, 43.259735910859746 ], [ -1.894536940893746, 43.261248086142459 ], [ -1.89652099182924, 43.263109012657893 ], [ -1.896958414914514, 43.264173218345746 ], [ -1.896635100787516, 43.264976687769355 ], [ -1.8971255373387, 43.266056174979212 ], [ -1.897771224970549, 43.266378960000992 ], [ -1.898849099742618, 43.266519747060606 ], [ -1.900086044539119, 43.266117509804104 ], [ -1.902397803651581, 43.266497882020566 ], [ -1.90391916748623, 43.265708613654191 ], [ -1.906810238539499, 43.265333132940306 ], [ -1.907736133444242, 43.265611128696825 ], [ -1.908594992087237, 43.265054908110351 ], [ -1.90972843109855, 43.2650799089486 ], [ -1.911813318742863, 43.263278057275507 ], [ -1.912784651484178, 43.263352379275297 ], [ -1.913648433181563, 43.265381414202302 ], [ -1.912592570923615, 43.265879247716192 ], [ -1.913531498738521, 43.267766631288517 ], [ -1.916923786291706, 43.267912463996247 ], [ -1.917463276990549, 43.268625957840705 ], [ -1.917297589654404, 43.270040722135278 ], [ -1.916134322748642, 43.271850448021965 ], [ -1.918526561221382, 43.272564597539855 ], [ -1.918925314329127, 43.273721527094523 ], [ -1.915580954403333, 43.274945058212232 ], [ -1.91486117012621, 43.276574602376371 ], [ -1.913589380724972, 43.277353453236294 ], [ -1.912651122954367, 43.280124908235607 ], [ -1.912782801751201, 43.281301352439158 ], [ -1.915306280778238, 43.284676686159102 ], [ -1.916102080034495, 43.286553834147377 ], [ -1.917535641773994, 43.287995998591335 ], [ -1.920894286682929, 43.289508579947345 ], [ -1.921598952369903, 43.290767050973983 ], [ -1.921572174007481, 43.291715752856504 ], [ -1.922220285424604, 43.292391023008335 ], [ -1.925752294672327, 43.293172750714504 ], [ -1.927236163530569, 43.29471872422414 ], [ -1.932175453045681, 43.297897364813991 ], [ -1.929343933344073, 43.298890691875791 ], [ -1.928536845886877, 43.300791966084446 ], [ -1.927247613689099, 43.301000396228666 ], [ -1.926249073807581, 43.301830342550602 ], [ -1.925427050253638, 43.300806438950332 ], [ -1.923330234982091, 43.299820485681359 ], [ -1.921667314658517, 43.298417050630825 ], [ -1.920579951521924, 43.298199289691553 ], [ -1.915745960152488, 43.293592210886864 ], [ -1.914306760380594, 43.29551011916314 ], [ -1.913656032893555, 43.297476939287947 ], [ -1.915099821448012, 43.300051421168675 ], [ -1.916805808684379, 43.30631935270133 ], [ -1.914329713545916, 43.312207457742076 ], [ -1.913895601837053, 43.31477992789447 ], [ -1.915609135983494, 43.317224173830809 ], [ -1.914956176265202, 43.317893561721192 ], [ -1.914105457649034, 43.317605486555685 ], [ -1.913797727357847, 43.317940526261431 ], [ -1.912301734999088, 43.31784201549705 ], [ -1.908333927400662, 43.319031047893553 ], [ -1.907621446041656, 43.319345925655021 ], [ -1.907676038311509, 43.32010596022279 ], [ -1.906682236877969, 43.321186654174433 ], [ -1.904384445478912, 43.321773512798643 ] ] ] } },
{ "type": "Feature", "properties": { "municipality_code": "20068", "municipality_name": "Leintz-Gatzaga", "population_total": 224, "population_65_plus": 58, "population_75_plus": 26, "pct_65_plus": 25.893, "pct_75_plus": 11.607, "reference_period": "2025-01-01", "source_id": "G360_DERIVED_MUNICIPAL_METRICS_V1", "area_km2": 14.695946235308908, "services_hospital": 0, "services_mental_health": 0, "services_other_health": 0, "services_primary_care": 1, "services_total": 1, "primary_care_per_10000_65_plus": 172.414, "primary_care_per_10000_75_plus": 384.615, "hospital_per_10000_65_plus": 0.0, "hospital_per_10000_75_plus": 0.0, "mental_health_per_10000_65_plus": 0.0, "mental_health_per_10000_75_plus": 0.0, "other_health_per_10000_65_plus": 0.0, "other_health_per_10000_75_plus": 0.0, "representative_point_longitude": -2.56133, "representative_point_latitude": 42.9719293, "distance_to_nearest_primary_care_m": 1749.1, "distance_to_nearest_hospital_m": 12012.7, "distance_to_nearest_mental_health_m": 11990.3, "distance_to_nearest_other_health_m": 55008.8, "metrics_reference_period": "demography=2025-01-01;services=2026-09-20;geography=2025-05-07", "source_ids": "EUSTAT_EMH_2025|ODE_HEALTH_CENTRES_2026|GEOEUSKADI_MUNICIPIOS_2025" }, "geometry": { "type": "Polygon", "coordinates": [ [ [ -2.571952604968553, 42.993302566563315 ], [ -2.568207667574478, 42.991826166325708 ], [ -2.560250504020579, 42.992828574562594 ], [ -2.550220483562558, 42.986885504668727 ], [ -2.54624283997978, 42.985752903530958 ], [ -2.541759122543866, 42.983631991138495 ], [ -2.538733693817298, 42.981554519905288 ], [ -2.535369628544767, 42.976866815426774 ], [ -2.534697098549988, 42.973284192668643 ], [ -2.534923189032113, 42.971597643466446 ], [ -2.535630734080009, 42.970150962712637 ], [ -2.538069589152713, 42.968801148203575 ], [ -2.540326635081812, 42.96520854596951 ], [ -2.5389623477011, 42.962899547835114 ], [ -2.538035304264925, 42.957454369055355 ], [ -2.53963895007795, 42.953686415576676 ], [ -2.54212772924732, 42.950132431253735 ], [ -2.54489065052472, 42.950475649349237 ], [ -2.546024486268645, 42.952007694714403 ], [ -2.548245659329785, 42.953473604619859 ], [ -2.55109508324052, 42.958875020895618 ], [ -2.556893007857383, 42.959720140715241 ], [ -2.558835763542775, 42.960862111466554 ], [ -2.566472931642977, 42.961858802356879 ], [ -2.571583302586504, 42.960928721946189 ], [ -2.573348455299508, 42.963082678658729 ], [ -2.576007235813873, 42.962577464345884 ], [ -2.580649869704606, 42.963762172145096 ], [ -2.581583393867954, 42.966304404162528 ], [ -2.586775818691348, 42.969953502312869 ], [ -2.586831821909598, 42.970801806713773 ], [ -2.587956308501298, 42.972255594162526 ], [ -2.589121047948652, 42.97317875319969 ], [ -2.593770286036689, 42.973034876462613 ], [ -2.602719350685734, 42.982248257213115 ], [ -2.602164817404834, 42.982613829402915 ], [ -2.601793962519767, 42.984032194034128 ], [ -2.598382101244656, 42.98578013985383 ], [ -2.596255648402882, 42.986349795472314 ], [ -2.594158871494873, 42.986448550242919 ], [ -2.593162223573491, 42.9869007599752 ], [ -2.592309085520583, 42.98549527075096 ], [ -2.588998353151555, 42.986703621057956 ], [ -2.580565409832191, 42.99086122175661 ], [ -2.578902988575685, 42.991209734491392 ], [ -2.577616893359358, 42.992233933046137 ], [ -2.571952604968553, 42.993302566563315 ] ] ] } },
{ "type": "Feature", "properties": { "municipality_code": "20069", "municipality_name": "Donostia / San Sebastián", "population_total": 183388, "population_65_plus": 48832, "population_75_plus": 24884, "pct_65_plus": 26.628, "pct_75_plus": 13.569, "reference_period": "2025-01-01", "source_id": "G360_DERIVED_MUNICIPAL_METRICS_V1", "area_km2": 61.002198569924737, "services_hospital": 1, "services_mental_health": 5, "services_other_health": 3, "services_primary_care": 18, "services_total": 27, "primary_care_per_10000_65_plus": 3.686, "primary_care_per_10000_75_plus": 7.234, "hospital_per_10000_65_plus": 0.205, "hospital_per_10000_75_plus": 0.402, "mental_health_per_10000_65_plus": 1.024, "mental_health_per_10000_75_plus": 2.009, "other_health_per_10000_65_plus": 0.614, "other_health_per_10000_75_plus": 1.206, "representative_point_longitude": -1.9951112, "representative_point_latitude": 43.3068172, "distance_to_nearest_primary_care_m": 323.1, "distance_to_nearest_hospital_m": 2640.0, "distance_to_nearest_mental_health_m": 1116.4, "distance_to_nearest_other_health_m": 323.1, "metrics_reference_period": "demography=2025-01-01;services=2026-09-20;geography=2025-05-07", "source_ids": "EUSTAT_EMH_2025|ODE_HEALTH_CENTRES_2026|GEOEUSKADI_MUNICIPIOS_2025" }, "geometry": { "type": "MultiPolygon", "coordinates": [ [ [ [ -1.961842060927156, 43.338025937137623 ], [ -1.955563571612477, 43.335571871274958 ], [ -1.95538332374452, 43.336191893654885 ], [ -1.953803746232874, 43.335578207245248 ], [ -1.953815036728208, 43.336163601089112 ], [ -1.95202158619084, 43.335599258888081 ], [ -1.952395812399848, 43.335422508038441 ], [ -1.951964763639007, 43.335101691402294 ], [ -1.950241245585691, 43.334741283032102 ], [ -1.949940845645702, 43.334076966716275 ], [ -1.950404490959353, 43.333907976758994 ], [ -1.949962495875259, 43.333629463122762 ], [ -1.95033825082247, 43.332597307956362 ], [ -1.948798406190118, 43.332498882773869 ], [ -1.948629052041581, 43.332033595558563 ], [ -1.947559222284589, 43.331797833227007 ], [ -1.945892052921588, 43.332230091472731 ], [ -1.945520057879448, 43.333005098927387 ], [ -1.9450467038212, 43.33307898235018 ], [ -1.945570646325925, 43.333282362853936 ], [ -1.944912685943257, 43.333523917645977 ], [ -1.945241594093305, 43.334098645471649 ], [ -1.942462805427708, 43.334493672480399 ], [ -1.94276523929525, 43.334801540154224 ], [ -1.940961634056664, 43.335120719337624 ], [ -1.941135092133648, 43.335496010920075 ], [ -1.939108447946785, 43.335742950725752 ], [ -1.939925847173716, 43.335373063039668 ], [ -1.93794857471295, 43.335045054399608 ], [ -1.933326878513223, 43.335754994902942 ], [ -1.930984023939498, 43.335544835717727 ], [ -1.931743381752203, 43.335336004159423 ], [ -1.931279698012906, 43.335151942860811 ], [ -1.931236305300248, 43.334510239153943 ], [ -1.931807631950457, 43.333859331225312 ], [ -1.931096434515241, 43.333770925672788 ], [ -1.930951572221405, 43.330493269318914 ], [ -1.933404965678023, 43.330194201702 ], [ -1.935182397842964, 43.329361912619689 ], [ -1.935836964545275, 43.328275852074761 ], [ -1.937496883962143, 43.327868164940796 ], [ -1.937752175815498, 43.328329854900346 ], [ -1.938994086291648, 43.32759545211978 ], [ -1.936939058900543, 43.322521474716325 ], [ -1.937473048144131, 43.321926154584958 ], [ -1.938035215329723, 43.322314246854972 ], [ -1.939321159364826, 43.322118086622673 ], [ -1.938676800614323, 43.320004067626698 ], [ -1.929422568349203, 43.321548347465097 ], [ -1.924156145250034, 43.321692884452453 ], [ -1.92173055436583, 43.32141638494025 ], [ -1.921944683992709, 43.321003296738297 ], [ -1.919372727837368, 43.319704618685712 ], [ -1.9193388735771, 43.31822612173594 ], [ -1.918584304897049, 43.317368064863217 ], [ -1.918787473200321, 43.314596871631807 ], [ -1.919585209367372, 43.313441389566925 ], [ -1.920218459047619, 43.313300326516618 ], [ -1.921078033732505, 43.312655651245592 ], [ -1.919395060684128, 43.312696603998191 ], [ -1.918622154392195, 43.313052853491072 ], [ -1.918047890507599, 43.314037833308959 ], [ -1.916569004270136, 43.314846127350528 ], [ -1.916739653650022, 43.3158122224769 ], [ -1.916277182867757, 43.31572507634742 ], [ -1.915571620791796, 43.31719051410623 ], [ -1.913895601837053, 43.31477992789447 ], [ -1.914329713545916, 43.312207457742076 ], [ -1.916805808684379, 43.30631935270133 ], [ -1.915099821448012, 43.300051421168675 ], [ -1.913656032893555, 43.297476939287947 ], [ -1.914306760380594, 43.29551011916314 ], [ -1.915745960152488, 43.293592210886864 ], [ -1.920579951521924, 43.298199289691553 ], [ -1.921667314658517, 43.298417050630825 ], [ -1.923330234982091, 43.299820485681359 ], [ -1.925896775089371, 43.301120016903155 ], [ -1.926357717428419, 43.302062167158951 ], [ -1.928293716549087, 43.302180927607338 ], [ -1.931066213252321, 43.303489654142943 ], [ -1.932107215727012, 43.303086017486351 ], [ -1.932596856663931, 43.301833762916431 ], [ -1.933090430425902, 43.301607302405081 ], [ -1.937830391550422, 43.302719838299353 ], [ -1.94105246734244, 43.302620008068565 ], [ -1.942486954958908, 43.301739919845666 ], [ -1.941902712792055, 43.300899336177714 ], [ -1.942254396123261, 43.299693885122686 ], [ -1.944671357810956, 43.298334835333563 ], [ -1.94314317549355, 43.296084463561627 ], [ -1.943427511765988, 43.293879591153804 ], [ -1.940212421422066, 43.292587013551199 ], [ -1.940692296684841, 43.291670781415384 ], [ -1.94604635922942, 43.288283391839983 ], [ -1.948047523039763, 43.287740831868724 ], [ -1.948265745920063, 43.287300785012476 ], [ -1.948703602848031, 43.287441673230845 ], [ -1.94989467154477, 43.285716416215941 ], [ -1.951426411092943, 43.286443987568731 ], [ -1.951966422206116, 43.286349475508693 ], [ -1.953139776118648, 43.284455446860939 ], [ -1.955367865888035, 43.283263784381241 ], [ -1.955849072301518, 43.28120944862863 ], [ -1.9568038861054, 43.279859788907174 ], [ -1.956973406215837, 43.278239597899677 ], [ -1.957803392622143, 43.277429436202958 ], [ -1.95758242329842, 43.277017805088313 ], [ -1.959810675742415, 43.275049307531006 ], [ -1.964341907170574, 43.275008421515132 ], [ -1.965336542683961, 43.275650345126728 ], [ -1.967664624478615, 43.275882484212374 ], [ -1.966866648522516, 43.276950739215891 ], [ -1.970697847110101, 43.277881693992896 ], [ -1.974692009527445, 43.281152798555226 ], [ -1.978478981825295, 43.282285095171375 ], [ -1.979418495674938, 43.28225746404101 ], [ -1.980972282940786, 43.282946659572602 ], [ -1.984089172028447, 43.283349489416992 ], [ -1.986667535060549, 43.282573639505635 ], [ -1.989355164728217, 43.280259772467538 ], [ -1.989220730101351, 43.279267130913858 ], [ -1.991125071358999, 43.277920320781931 ], [ -1.994694135018516, 43.278521095683288 ], [ -1.994597502081402, 43.27946106658046 ], [ -1.993423155669878, 43.281131106173383 ], [ -1.995221335827437, 43.281218647185149 ], [ -1.997437233607288, 43.281103815783005 ], [ -1.999775897915083, 43.279888712023173 ], [ -2.001613620617004, 43.279882557278661 ], [ -2.001031683278583, 43.278457709305634 ], [ -2.002595314566519, 43.277399528054858 ], [ -2.003579273451294, 43.277234225917574 ], [ -2.007326491601989, 43.278135384878944 ], [ -2.009000211711765, 43.277542280196791 ], [ -2.012163788758459, 43.278379097545375 ], [ -2.013930726042019, 43.27835957747039 ], [ -2.014500708410645, 43.278790478924918 ], [ -2.015262008539947, 43.278622976631986 ], [ -2.016854231370406, 43.279190749085508 ], [ -2.018458810087058, 43.280344198456163 ], [ -2.019885615394486, 43.280494234191799 ], [ -2.020814152358142, 43.28012443112452 ], [ -2.021827749794704, 43.280399061942347 ], [ -2.02311249008336, 43.282097366904807 ], [ -2.022802294851001, 43.283293680145015 ], [ -2.023775674004913, 43.285698032789675 ], [ -2.024040491096046, 43.285984494605565 ], [ -2.026093207520265, 43.28563069762825 ], [ -2.02670134545366, 43.286252578441129 ], [ -2.026878200232267, 43.289016163366135 ], [ -2.029154553433385, 43.29208174351681 ], [ -2.028722788615957, 43.293146357679461 ], [ -2.029002583897008, 43.293938987755666 ], [ -2.030235763477546, 43.293312998009384 ], [ -2.032289091029802, 43.294057184108603 ], [ -2.033279993483523, 43.293472062192038 ], [ -2.034419410156302, 43.29403250513144 ], [ -2.03634146766223, 43.296023529432851 ], [ -2.037397153092343, 43.296453586908804 ], [ -2.03996367085306, 43.296103721795717 ], [ -2.041732215499907, 43.295301384826196 ], [ -2.043225357154864, 43.295089172913684 ], [ -2.043558979070601, 43.295544485857164 ], [ -2.044609813950919, 43.295557252917177 ], [ -2.04534649798592, 43.296204270322825 ], [ -2.046701487692747, 43.296558570400933 ], [ -2.048104323605215, 43.297291411113378 ], [ -2.04866193247394, 43.298047866013185 ], [ -2.049858900867309, 43.298478117253161 ], [ -2.05258628445797, 43.298101596426491 ], [ -2.054083892090551, 43.296985169449918 ], [ -2.056067161363981, 43.297150521132387 ], [ -2.058213798712177, 43.296419430388752 ], [ -2.06077703325892, 43.296728733376838 ], [ -2.061837719521761, 43.297452779583615 ], [ -2.066666599036686, 43.297906810695679 ], [ -2.06893451604996, 43.297625005023846 ], [ -2.078441138114334, 43.29497753749061 ], [ -2.084544217093623, 43.294777316945115 ], [ -2.08487649073653, 43.299031151546629 ], [ -2.086066133279429, 43.299843338093304 ], [ -2.086716021721195, 43.300929254000543 ], [ -2.084605793649382, 43.302428428144964 ], [ -2.084722921215055, 43.304198725469959 ], [ -2.082741948950591, 43.306913101717186 ], [ -2.08344958242157, 43.307766853237169 ], [ -2.0786506807144, 43.308498003346379 ], [ -2.077173120101197, 43.307903227734329 ], [ -2.07628098020484, 43.307759337183377 ], [ -2.075546102664116, 43.308067928041609 ], [ -2.075327287703377, 43.307625477361185 ], [ -2.073656189230065, 43.307388462360521 ], [ -2.071938820747664, 43.308337574760735 ], [ -2.070642696767528, 43.31093197059257 ], [ -2.066913462164465, 43.311213253864054 ], [ -2.066495205843505, 43.311784509683854 ], [ -2.065113719860403, 43.312172666422569 ], [ -2.064029900584063, 43.312046112949901 ], [ -2.062496264429529, 43.31111617107689 ], [ -2.060711350399622, 43.311901128157437 ], [ -2.060315217937167, 43.31260905150522 ], [ -2.057968423286415, 43.312682762820401 ], [ -2.057439744888478, 43.312302108095864 ], [ -2.056322089832701, 43.312315042979257 ], [ -2.054743194559403, 43.312562055322651 ], [ -2.054421766349154, 43.312924801855239 ], [ -2.053250616169445, 43.312776623747901 ], [ -2.050745301946142, 43.31324948564373 ], [ -2.046492957022349, 43.314762620415927 ], [ -2.045940344560902, 43.315497462933706 ], [ -2.04548388716081, 43.315477356180246 ], [ -2.045335994811215, 43.316960336077614 ], [ -2.045130214344089, 43.316760698998991 ], [ -2.044637947697773, 43.317191596137611 ], [ -2.044919123687612, 43.317089131968892 ], [ -2.044959820664226, 43.317112703457404 ], [ -2.04523922756468, 43.317068032707134 ], [ -2.045276042306434, 43.317087519643273 ], [ -2.044359212479884, 43.317350718396391 ], [ -2.04468020321572, 43.317076331140512 ], [ -2.044265925342967, 43.317126086675799 ], [ -2.044354653515496, 43.317358334139698 ], [ -2.044120731609904, 43.317419951188832 ], [ -2.04410502449449, 43.317391365649812 ], [ -2.044220289801884, 43.317299582474526 ], [ -2.044210050112135, 43.317284099184327 ], [ -2.043868037791897, 43.317357418679784 ], [ -2.043990385967583, 43.317270107159722 ], [ -2.043839785101989, 43.317310989331858 ], [ -2.043894850091377, 43.317236171938745 ], [ -2.043731437179431, 43.317284060428527 ], [ -2.043563410128657, 43.317146507164587 ], [ -2.043123724279149, 43.317109962930317 ], [ -2.041919213872064, 43.317488333822816 ], [ -2.040788543251928, 43.317013233258905 ], [ -2.038483951990034, 43.317112111011248 ], [ -2.037589257283359, 43.317478993429667 ], [ -2.036701064499425, 43.318924573909705 ], [ -2.033591977230642, 43.319519115779656 ], [ -2.032812926637051, 43.319837593018661 ], [ -2.033212759197315, 43.320008367363712 ], [ -2.030479122567826, 43.321005977673764 ], [ -2.02795891163726, 43.320214970751955 ], [ -2.026567334308538, 43.320806166871023 ], [ -2.025236301508292, 43.320316420944167 ], [ -2.02332427305222, 43.321537147739782 ], [ -2.023521420974625, 43.321817970754758 ], [ -2.022699578084893, 43.321969520253226 ], [ -2.023091446973498, 43.322174569016163 ], [ -2.022394610562408, 43.322282881856275 ], [ -2.020812194653619, 43.321296228098177 ], [ -2.019951078510724, 43.321466511153083 ], [ -2.020352751172783, 43.321490482712271 ], [ -2.019469356147064, 43.321995178611154 ], [ -2.019506637657416, 43.321755258105739 ], [ -2.016272618244315, 43.32142835738685 ], [ -2.015407524378691, 43.321088016688307 ], [ -2.01547674952589, 43.320665671093145 ], [ -2.013503520396831, 43.321006506923446 ], [ -2.012216192218786, 43.322156706378436 ], [ -2.013040785012628, 43.323566366177346 ], [ -2.010421506410424, 43.323780100860859 ], [ -2.009636549920303, 43.324269093941467 ], [ -2.00792211934698, 43.32411340479586 ], [ -2.005731648881466, 43.321929431207536 ], [ -2.005003085363434, 43.321682764991223 ], [ -2.0044243538724, 43.320145882821848 ], [ -2.004758571813786, 43.320161037799068 ], [ -2.00502494186287, 43.318476901868955 ], [ -2.004264321587571, 43.318058776308227 ], [ -1.996603635749197, 43.315342337482818 ], [ -1.991801477317712, 43.315470651548686 ], [ -1.989736414604141, 43.316146316190562 ], [ -1.987279947596326, 43.317790874681997 ], [ -1.986388492881754, 43.319241977033997 ], [ -1.986501524577831, 43.320877655646349 ], [ -1.986157677459313, 43.320855698619305 ], [ -1.98680610199166, 43.321563165403369 ], [ -1.98753123478706, 43.321558871723319 ], [ -1.986837127765291, 43.3215886528507 ], [ -1.987227957106633, 43.32181173413867 ], [ -1.989931507028278, 43.322481355536219 ], [ -1.988969605186834, 43.322483211423226 ], [ -1.987425997384336, 43.321999160414194 ], [ -1.987208484875328, 43.32208556855084 ], [ -1.987577855827474, 43.322821264662203 ], [ -1.987621590111107, 43.322289486074389 ], [ -1.98784269952522, 43.322721858026988 ], [ -1.987971287325898, 43.3223458876476 ], [ -1.988044634700696, 43.322645215810084 ], [ -1.988636259129013, 43.322481884926759 ], [ -1.989636168049137, 43.322821097761341 ], [ -1.987831153350843, 43.322904727199493 ], [ -1.988200552480168, 43.323520571634809 ], [ -1.991217732036243, 43.322817410019567 ], [ -1.990188132451754, 43.32233423708594 ], [ -1.993371418834281, 43.323390072742122 ], [ -1.993097245552813, 43.323726138229176 ], [ -1.994169842983019, 43.324431713903579 ], [ -1.99197659771508, 43.326002507390228 ], [ -1.991822377498907, 43.326765899435252 ], [ -1.988986424799248, 43.327559552825853 ], [ -1.982179874311707, 43.325402484563305 ], [ -1.980532117169508, 43.323423298320485 ], [ -1.979540443624956, 43.323795524468771 ], [ -1.98132600182731, 43.326716201131063 ], [ -1.980560220136764, 43.328616257981409 ], [ -1.980008137730319, 43.328571445640002 ], [ -1.980955308780114, 43.327243173071203 ], [ -1.979983293860173, 43.327100431176703 ], [ -1.979118354536427, 43.3260806992119 ], [ -1.978423649517915, 43.325980939284463 ], [ -1.974838877888205, 43.32656927168582 ], [ -1.97192985483106, 43.32821637248734 ], [ -1.971865591268807, 43.330315009987238 ], [ -1.972342016268663, 43.330545934782641 ], [ -1.971846570735818, 43.331581409256771 ], [ -1.972334101515676, 43.331856555836985 ], [ -1.97190611178493, 43.33170062355957 ], [ -1.971677757111268, 43.331994907949991 ], [ -1.972117114838144, 43.332252153591085 ], [ -1.97132302220394, 43.332271126774813 ], [ -1.97291655447356, 43.335487530755657 ], [ -1.972127239302737, 43.335542570266703 ], [ -1.967991826931234, 43.333746303782476 ], [ -1.967387974879318, 43.334199271001161 ], [ -1.967309843212258, 43.335359422322497 ], [ -1.966502351224483, 43.335329526774636 ], [ -1.966778674308892, 43.335875173324439 ], [ -1.96512816575987, 43.33624303010955 ], [ -1.963296398190808, 43.335800078284869 ], [ -1.963669361133325, 43.336326798427343 ], [ -1.963006342049363, 43.336237226980622 ], [ -1.963406394620142, 43.336440572896159 ], [ -1.963173237955679, 43.336687342912711 ], [ -1.962402157953183, 43.336459740193114 ], [ -1.962585279347036, 43.337941916349266 ], [ -1.961842060927156, 43.338025937137623 ] ] ], [ [ [ -2.0327225283263, 43.274559025999459 ], [ -2.029632664522636, 43.2740722620009 ], [ -2.027591576297498, 43.272682881292788 ], [ -2.026873097519032, 43.270860032790658 ], [ -2.02465782527288, 43.269563242015849 ], [ -2.022233005301511, 43.267085744744755 ], [ -2.020719876299629, 43.263810178922341 ], [ -2.019567310585635, 43.260272879885207 ], [ -2.019461021928056, 43.258082237669107 ], [ -2.020587363041716, 43.254536228126049 ], [ -2.021550472211512, 43.247183963175921 ], [ -2.026150500081731, 43.243219109669148 ], [ -2.02802876381262, 43.242622782279383 ], [ -2.029114398474155, 43.241272987680496 ], [ -2.030156709494924, 43.242207621573009 ], [ -2.035585989375466, 43.243591466883032 ], [ -2.037211400150371, 43.244515687240529 ], [ -2.037898227892037, 43.245801637250416 ], [ -2.039797467917167, 43.245108984274097 ], [ -2.03999757311235, 43.245931752208186 ], [ -2.041586584610204, 43.246395513523211 ], [ -2.042024227709189, 43.246353767459318 ], [ -2.041682247196862, 43.241136568836723 ], [ -2.046995453720099, 43.245070567684458 ], [ -2.04868345152365, 43.244998589308238 ], [ -2.050097261756594, 43.243753240615497 ], [ -2.050764997744774, 43.243917611832892 ], [ -2.051671528129283, 43.243446134325438 ], [ -2.052927127815761, 43.243447589054355 ], [ -2.055259439815317, 43.244580825561542 ], [ -2.056203765413518, 43.245933455582637 ], [ -2.057574328176889, 43.246888861810262 ], [ -2.057038249701179, 43.248022628186014 ], [ -2.061201803071972, 43.248255967388573 ], [ -2.061506896763553, 43.24900405364486 ], [ -2.059711069230948, 43.249113521595319 ], [ -2.057394749309299, 43.250378029842018 ], [ -2.056177305910526, 43.250583421946189 ], [ -2.054586501468721, 43.25206734917402 ], [ -2.052812866410083, 43.256450442955277 ], [ -2.050590981521038, 43.259343154021778 ], [ -2.050863075746595, 43.259832077622995 ], [ -2.050126870176191, 43.261404159650901 ], [ -2.050489641810832, 43.261946006899322 ], [ -2.049548051446615, 43.262151451697669 ], [ -2.049430066946187, 43.261808662071644 ], [ -2.049027865249357, 43.262209062634 ], [ -2.047144164693455, 43.262341661332066 ], [ -2.044743917577662, 43.263353179924287 ], [ -2.044530421836517, 43.263687073679357 ], [ -2.046284239783549, 43.263990510230862 ], [ -2.044465222995062, 43.265838202958442 ], [ -2.043266944215969, 43.264826274148199 ], [ -2.042633562851186, 43.266458392225296 ], [ -2.041153216513215, 43.265800915966274 ], [ -2.040652910735404, 43.266117284365755 ], [ -2.039654147164537, 43.264601534369049 ], [ -2.04061042045329, 43.263574030768027 ], [ -2.036070044764095, 43.260306719453254 ], [ -2.034056151238036, 43.261441328388358 ], [ -2.03265442502561, 43.261727534655854 ], [ -2.034634963323911, 43.263945890691083 ], [ -2.035014911024415, 43.263917580659907 ], [ -2.034949282774305, 43.264640095826749 ], [ -2.033873075334999, 43.264595892830897 ], [ -2.034050077695329, 43.265869736568227 ], [ -2.03518871928909, 43.265863138393001 ], [ -2.037964946062023, 43.268572018454002 ], [ -2.036911903280972, 43.270186355810331 ], [ -2.035306210427264, 43.271131289630524 ], [ -2.035277335207, 43.271521911615565 ], [ -2.035968333587233, 43.271901012667563 ], [ -2.036034159265102, 43.27262991921895 ], [ -2.037569740184797, 43.271824751664305 ], [ -2.038859370149609, 43.272722113865605 ], [ -2.035745864503531, 43.274273967554727 ], [ -2.035063051227105, 43.272320091833507 ], [ -2.033186435433127, 43.271459510752919 ], [ -2.032715870742617, 43.271730281000103 ], [ -2.033239940627342, 43.273233002777914 ], [ -2.032575274897869, 43.27362624802705 ], [ -2.0327225283263, 43.274559025999459 ] ], [ [ -2.032252569183966, 43.270434995959157 ], [ -2.033481419406634, 43.269717005503871 ], [ -2.032308351581567, 43.268473349903616 ], [ -2.03129765702743, 43.268649407676527 ], [ -2.029666295374482, 43.267932315447958 ], [ -2.029487553027158, 43.268261414089487 ], [ -2.030478983567855, 43.269051346183595 ], [ -2.030367293225291, 43.269412400847777 ], [ -2.031177024238216, 43.26941827803244 ], [ -2.032252569183966, 43.270434995959157 ] ], [ [ -2.032006750235371, 43.27102385515871 ], [ -2.03310156125456, 43.27143801434152 ], [ -2.032983695471181, 43.270892390152881 ], [ -2.032447566206185, 43.270960712353251 ], [ -2.03232190609484, 43.270569750873157 ], [ -2.03090957649524, 43.270906704141055 ], [ -2.031283578540071, 43.271397019258821 ], [ -2.032006750235371, 43.27102385515871 ] ], [ [ -2.032742774410822, 43.271662506812547 ], [ -2.03251939325171, 43.271509861068637 ], [ -2.032669635207913, 43.271691976199357 ], [ -2.032742774410822, 43.271662506812547 ] ] ], [ [ [ -1.898398309789946, 43.266427003983701 ], [ -1.897122230490094, 43.266050969970109 ], [ -1.896529894284581, 43.263127068966163 ], [ -1.894536940893746, 43.261248086142459 ], [ -1.894680597185028, 43.259735910859746 ], [ -1.893692563527159, 43.258717858744667 ], [ -1.893742376117378, 43.25794893179603 ], [ -1.895865313292851, 43.255736322181995 ], [ -1.895117782482418, 43.254387667624449 ], [ -1.896464236240808, 43.253617089691765 ], [ -1.896474728704222, 43.252729256808671 ], [ -1.895232937748392, 43.251915862257995 ], [ -1.895296829900033, 43.25065720294581 ], [ -1.900821774541124, 43.251853735800239 ], [ -1.900765188592965, 43.250523250125646 ], [ -1.902115140357308, 43.249983891797548 ], [ -1.904047358184321, 43.251149165294002 ], [ -1.90450325828734, 43.255024775859951 ], [ -1.905504476774609, 43.256560661051864 ], [ -1.908147245600385, 43.25544208718911 ], [ -1.915223369591707, 43.253387610823665 ], [ -1.919773865648146, 43.259328002539277 ], [ -1.919454899328866, 43.259784651063143 ], [ -1.918816935956291, 43.259655788321311 ], [ -1.917874628452011, 43.260691121237528 ], [ -1.915015267020024, 43.262098426872441 ], [ -1.91382363468116, 43.261864342097333 ], [ -1.913695674334, 43.26316551798967 ], [ -1.912592728692807, 43.263543500322903 ], [ -1.911899482349161, 43.263243419677714 ], [ -1.911054162119617, 43.263638283700686 ], [ -1.909682320403985, 43.265099826040952 ], [ -1.908594992087237, 43.265054908110351 ], [ -1.907736133444242, 43.265611128696825 ], [ -1.906810238539499, 43.265333132940306 ], [ -1.90391916748623, 43.265708613654191 ], [ -1.902421028787223, 43.266495987917672 ], [ -1.900086044539119, 43.266117509804104 ], [ -1.898398309789946, 43.266427003983701 ] ] ], [ [ [ -1.900659521066997, 43.2373472700476 ], [ -1.898739108565713, 43.232569261604162 ], [ -1.899035769924039, 43.229370864105725 ], [ -1.897634915169606, 43.228352194488572 ], [ -1.895202128881502, 43.227400022662252 ], [ -1.890882987783284, 43.22669178398553 ], [ -1.890481997157798, 43.224654254339328 ], [ -1.890780983655284, 43.223243663118481 ], [ -1.888190906532442, 43.220279445653979 ], [ -1.893583793464121, 43.218594491002619 ], [ -1.894775488724832, 43.2177130176403 ], [ -1.897979064997899, 43.220035483418833 ], [ -1.899689203162327, 43.220787706729915 ], [ -1.902425618410703, 43.221283408137971 ], [ -1.905877420477717, 43.221308179491743 ], [ -1.909442813542669, 43.222476540526785 ], [ -1.909857881653117, 43.222992986710977 ], [ -1.908616915075716, 43.223751054987268 ], [ -1.908622516883953, 43.224855175388683 ], [ -1.909425474301996, 43.226311364321234 ], [ -1.911945956486817, 43.228854872408782 ], [ -1.911644766932179, 43.229736475602024 ], [ -1.910952835483035, 43.229889081887706 ], [ -1.910470988208598, 43.2307644314537 ], [ -1.908765630665504, 43.231602971487597 ], [ -1.908507953853786, 43.23210529492566 ], [ -1.90850090335946, 43.233772112291092 ], [ -1.909929409067351, 43.23557805836996 ], [ -1.908724538948671, 43.236099616991652 ], [ -1.907316486865445, 43.236011201781174 ], [ -1.904625973899779, 43.236796045988058 ], [ -1.902589216551525, 43.236565212335996 ], [ -1.900659521066997, 43.2373472700476 ] ] ], [ [ [ -1.997965938833593, 43.322830900339831 ], [ -1.998042287202266, 43.322470398828521 ], [ -1.997243496030755, 43.322310861808901 ], [ -1.9975497047567, 43.32210239067529 ], [ -1.996973285118663, 43.3221753158154 ], [ -1.997558222704874, 43.321479353999322 ], [ -1.999881883412865, 43.320675605372259 ], [ -1.999880680973565, 43.320365479828816 ], [ -1.999974442218793, 43.320762047535617 ], [ -2.000894419737666, 43.320569917916131 ], [ -2.001222586171978, 43.320683539610293 ], [ -2.000289872794152, 43.321005495487988 ], [ -2.000958556699338, 43.321322173923924 ], [ -2.00026361531665, 43.321914810514087 ], [ -2.001029174948147, 43.32196499170167 ], [ -1.998601465100158, 43.3223960567096 ], [ -1.998673877506821, 43.322665384945559 ], [ -1.997965938833593, 43.322830900339831 ] ] ] ] } },
{ "type": "Feature", "properties": { "municipality_code": "20070", "municipality_name": "Segura", "population_total": 1499, "population_65_plus": 316, "population_75_plus": 140, "pct_65_plus": 21.081, "pct_75_plus": 9.34, "reference_period": "2025-01-01", "source_id": "G360_DERIVED_MUNICIPAL_METRICS_V1", "area_km2": 9.3483663796064533, "services_hospital": 0, "services_mental_health": 0, "services_other_health": 0, "services_primary_care": 1, "services_total": 1, "primary_care_per_10000_65_plus": 31.646, "primary_care_per_10000_75_plus": 71.429, "hospital_per_10000_65_plus": 0.0, "hospital_per_10000_75_plus": 0.0, "mental_health_per_10000_65_plus": 0.0, "mental_health_per_10000_75_plus": 0.0, "other_health_per_10000_65_plus": 0.0, "other_health_per_10000_75_plus": 0.0, "representative_point_longitude": -2.2612858, "representative_point_latitude": 42.994938, "distance_to_nearest_primary_care_m": 1740.4, "distance_to_nearest_hospital_m": 10725.6, "distance_to_nearest_mental_health_m": 8556.6, "distance_to_nearest_other_health_m": 35970.6, "metrics_reference_period": "demography=2025-01-01;services=2026-09-20;geography=2025-05-07", "source_ids": "EUSTAT_EMH_2025|ODE_HEALTH_CENTRES_2026|GEOEUSKADI_MUNICIPIOS_2025" }, "geometry": { "type": "Polygon", "coordinates": [ [ [ -2.248796357502658, 43.020936173308087 ], [ -2.247745366425088, 43.020853626174969 ], [ -2.247680193309682, 43.020394364955756 ], [ -2.249721045556528, 43.016801053771665 ], [ -2.246742499135606, 43.014750050210878 ], [ -2.246572647287668, 43.013339742187107 ], [ -2.245738304707365, 43.013300430050215 ], [ -2.245418650379715, 43.01213631942607 ], [ -2.244636518345688, 43.011584163821503 ], [ -2.245024903131241, 43.011301609656982 ], [ -2.244311316578092, 43.007049741795278 ], [ -2.246224722158891, 43.00320538050719 ], [ -2.247214643944635, 42.999940417956488 ], [ -2.246240536017921, 42.997220550527402 ], [ -2.246784138629791, 42.995597404732607 ], [ -2.245537711274085, 42.995229413183239 ], [ -2.244345301027706, 42.995363690438786 ], [ -2.244448617447755, 42.989541552011552 ], [ -2.246889507618993, 42.985396577215838 ], [ -2.252321717763794, 42.981620985959459 ], [ -2.253631000997476, 42.975070778876344 ], [ -2.255161554734651, 42.973674516490163 ], [ -2.255744599123675, 42.972433165287683 ], [ -2.258538522446881, 42.971712220682811 ], [ -2.259087922513443, 42.971067401682163 ], [ -2.261611299963327, 42.969961075783637 ], [ -2.261484595172557, 42.969686798251132 ], [ -2.262681205095474, 42.968891166363257 ], [ -2.265561725088642, 42.974305530466168 ], [ -2.266240198544154, 42.977168182931187 ], [ -2.269298038538848, 42.980748349996645 ], [ -2.269169113290796, 42.984281114496973 ], [ -2.270146781330516, 42.986963569615128 ], [ -2.270225933087261, 42.989732501512769 ], [ -2.271801184305545, 42.993421975251444 ], [ -2.272212520134409, 42.993861317516476 ], [ -2.27599453737988, 42.994396812334863 ], [ -2.282616075999512, 42.996267357177331 ], [ -2.281763165186871, 42.997546037379024 ], [ -2.281046242347212, 43.001268632510254 ], [ -2.279964972018922, 43.002782785879113 ], [ -2.279400782498096, 43.004918290776423 ], [ -2.274459147451195, 43.006028278488195 ], [ -2.270860509373863, 43.006144536712092 ], [ -2.268829943768963, 43.007078190978042 ], [ -2.265273161116879, 43.007774014216508 ], [ -2.264098266842853, 43.00786876291096 ], [ -2.26312594871446, 43.006803695948534 ], [ -2.258861034281565, 43.009201840818989 ], [ -2.257884487353246, 43.010144912283032 ], [ -2.259202380628631, 43.010428463524192 ], [ -2.259787044599872, 43.012393089289638 ], [ -2.258390186410845, 43.014497343512048 ], [ -2.256743636177192, 43.015867761071618 ], [ -2.258416827157043, 43.017667910583505 ], [ -2.26099663036682, 43.017968258272994 ], [ -2.259080400656805, 43.020445173365758 ], [ -2.253478309662392, 43.019896456972333 ], [ -2.252647798162562, 43.020472579835193 ], [ -2.250567792286089, 43.020101438151052 ], [ -2.249184430176007, 43.020356136692321 ], [ -2.248796357502658, 43.020936173308087 ] ] ] } },
{ "type": "Feature", "properties": { "municipality_code": "20071", "municipality_name": "Tolosa", "population_total": 20048, "population_65_plus": 4718, "population_75_plus": 2432, "pct_65_plus": 23.534, "pct_75_plus": 12.131, "reference_period": "2025-01-01", "source_id": "G360_DERIVED_MUNICIPAL_METRICS_V1", "area_km2": 37.183831425273063, "services_hospital": 0, "services_mental_health": 1, "services_other_health": 0, "services_primary_care": 2, "services_total": 3, "primary_care_per_10000_65_plus": 4.239, "primary_care_per_10000_75_plus": 8.224, "hospital_per_10000_65_plus": 0.0, "hospital_per_10000_75_plus": 0.0, "mental_health_per_10000_65_plus": 2.12, "mental_health_per_10000_75_plus": 4.112, "other_health_per_10000_65_plus": 0.0, "other_health_per_10000_75_plus": 0.0, "representative_point_longitude": -2.0911042, "representative_point_latitude": 43.1275773, "distance_to_nearest_primary_care_m": 1080.5, "distance_to_nearest_hospital_m": 18670.9, "distance_to_nearest_mental_health_m": 1375.0, "distance_to_nearest_other_health_m": 16366.0, "metrics_reference_period": "demography=2025-01-01;services=2026-09-20;geography=2025-05-07", "source_ids": "EUSTAT_EMH_2025|ODE_HEALTH_CENTRES_2026|GEOEUSKADI_MUNICIPIOS_2025" }, "geometry": { "type": "MultiPolygon", "coordinates": [ [ [ [ -2.031272111688844, 43.160126896070075 ], [ -2.03002853163161, 43.156953349212337 ], [ -2.04239753660861, 43.153743975017527 ], [ -2.052240553572137, 43.150639942473759 ], [ -2.055629386461421, 43.148907486913863 ], [ -2.06478341448, 43.138789382374014 ], [ -2.066952184146655, 43.139828439826246 ], [ -2.071071875503016, 43.133726852711753 ], [ -2.069918465660548, 43.132113784013804 ], [ -2.068225975189271, 43.131801186109172 ], [ -2.067107416278817, 43.130426818809852 ], [ -2.068372111157233, 43.12864126269551 ], [ -2.068580063528863, 43.127133558908753 ], [ -2.068118848240575, 43.124647568499491 ], [ -2.06581709194215, 43.122069277795028 ], [ -2.065974525417646, 43.119251748444441 ], [ -2.067460762090057, 43.11773478938315 ], [ -2.069761046498804, 43.118779289676915 ], [ -2.071818913493588, 43.118400861324155 ], [ -2.074564901979274, 43.118642497857394 ], [ -2.077328973452077, 43.118142334724254 ], [ -2.074518216723024, 43.117233501766286 ], [ -2.073770739091846, 43.116663184762878 ], [ -2.075330918672925, 43.114082238426384 ], [ -2.074853660350776, 43.113474656986128 ], [ -2.077107327794123, 43.112938159264203 ], [ -2.077520668246582, 43.113323387428814 ], [ -2.077381222032693, 43.114178532569127 ], [ -2.077997904063702, 43.114037715289626 ], [ -2.081194755089994, 43.111417000411755 ], [ -2.086196859109427, 43.113565154357168 ], [ -2.089229856586361, 43.113184187803618 ], [ -2.089510221740667, 43.112249328212954 ], [ -2.094357088064959, 43.113401787825538 ], [ -2.097437819165768, 43.113732024845618 ], [ -2.099495676078393, 43.113485387873091 ], [ -2.10375665804183, 43.114960427295998 ], [ -2.106443048652996, 43.116872543193118 ], [ -2.112488587264985, 43.116514558648937 ], [ -2.11587274227645, 43.115543562856736 ], [ -2.125374604719597, 43.115634599253063 ], [ -2.123363911772497, 43.108635506515839 ], [ -2.120685818048907, 43.104804328753666 ], [ -2.120207436362461, 43.10343283487483 ], [ -2.118428496479694, 43.101968400241425 ], [ -2.117500533971583, 43.099182100779267 ], [ -2.114681131045159, 43.098257997246449 ], [ -2.114187499771624, 43.097285168988712 ], [ -2.113095275704393, 43.096683614708738 ], [ -2.115157516406811, 43.095569614912179 ], [ -2.118183190570416, 43.094870655879575 ], [ -2.119943554641256, 43.096450710553988 ], [ -2.125069668153904, 43.096952237547434 ], [ -2.126441350181856, 43.096748692714058 ], [ -2.127582917967457, 43.095759123450584 ], [ -2.130296790353641, 43.095137914820583 ], [ -2.132028358673763, 43.09535494106607 ], [ -2.133005777423331, 43.094861452496097 ], [ -2.134459165239114, 43.095490582198948 ], [ -2.135295135497805, 43.096604515915246 ], [ -2.136949849457797, 43.097661605601409 ], [ -2.138963356497285, 43.097586505493972 ], [ -2.139853460822657, 43.098057230685292 ], [ -2.140925847814996, 43.097961918274258 ], [ -2.143400983229006, 43.099367108362429 ], [ -2.14911240682324, 43.09949989081462 ], [ -2.154919155486934, 43.100686662412691 ], [ -2.156313451851267, 43.10151142437158 ], [ -2.156848786549847, 43.10239384965459 ], [ -2.157049153087981, 43.104725497531291 ], [ -2.160974182180145, 43.106953052818021 ], [ -2.161304118237608, 43.108880185513726 ], [ -2.160690704895497, 43.109966805613553 ], [ -2.158451394573088, 43.112034345733747 ], [ -2.156532110133235, 43.111716029907932 ], [ -2.155078173030254, 43.112157346206047 ], [ -2.141257390648648, 43.117577663906985 ], [ -2.133333923307511, 43.117456509427676 ], [ -2.127669625362157, 43.115873728391286 ], [ -2.12605028700345, 43.11901013668259 ], [ -2.126383108909298, 43.120558885237422 ], [ -2.120972154260098, 43.124830000973581 ], [ -2.117208807854694, 43.124272268946896 ], [ -2.117299613595364, 43.125808782313463 ], [ -2.11289805316797, 43.125156082583366 ], [ -2.112714924946951, 43.126538780770581 ], [ -2.113849718345699, 43.128059966745177 ], [ -2.113779890283065, 43.129307766126004 ], [ -2.114623911254723, 43.130709327893584 ], [ -2.114519750988335, 43.132660637796221 ], [ -2.115070263539593, 43.133098347950607 ], [ -2.115207047290685, 43.134437335594598 ], [ -2.113020265645731, 43.137627864545536 ], [ -2.111798661106027, 43.138689058455903 ], [ -2.118346919824404, 43.143934662512827 ], [ -2.122696902199752, 43.148309167087262 ], [ -2.123917927597084, 43.155071441076061 ], [ -2.123427684292898, 43.156424588563162 ], [ -2.120836824100424, 43.156160256287293 ], [ -2.121310707107785, 43.152055557283482 ], [ -2.11732636624051, 43.150660573370082 ], [ -2.109250746109197, 43.149978004555209 ], [ -2.104140113562694, 43.148438943112446 ], [ -2.101265303661219, 43.148919017602999 ], [ -2.097914897429734, 43.148290833519617 ], [ -2.09519991348276, 43.148980708594003 ], [ -2.092407765973325, 43.147402511241701 ], [ -2.091031563257932, 43.147070078291961 ], [ -2.089973036509178, 43.146201684350608 ], [ -2.088442765458995, 43.146281941899574 ], [ -2.084825486459466, 43.148182114867488 ], [ -2.079252074290188, 43.148837789072346 ], [ -2.077904439507436, 43.149311392771317 ], [ -2.074640432515995, 43.148342149606073 ], [ -2.072732575045057, 43.150258064448224 ], [ -2.071739817416262, 43.150395546555238 ], [ -2.066683392753593, 43.157546783054457 ], [ -2.065889956984468, 43.157703203798626 ], [ -2.065731108379125, 43.157245023084393 ], [ -2.060749660968058, 43.160188116038157 ], [ -2.057047909121655, 43.158362432257469 ], [ -2.054235111886433, 43.159181285588616 ], [ -2.049942465326003, 43.159336980436116 ], [ -2.048035362039131, 43.158550266407275 ], [ -2.044955568296382, 43.159525369253075 ], [ -2.038720519961022, 43.159411972424131 ], [ -2.037575207933286, 43.159083368046772 ], [ -2.031272111688844, 43.160126896070075 ] ] ], [ [ [ -2.070555150389568, 43.088280906038896 ], [ -2.069417332470529, 43.087639801797273 ], [ -2.068002947197554, 43.087517663754305 ], [ -2.067241204265945, 43.086842636239659 ], [ -2.063980059993144, 43.086263933652589 ], [ -2.062873617537256, 43.085726768725522 ], [ -2.060834417517682, 43.083305723339087 ], [ -2.059700121112105, 43.083280808756363 ], [ -2.06007538089156, 43.0823314577408 ], [ -2.059681779686189, 43.081548323186674 ], [ -2.05607894562854, 43.080186850794853 ], [ -2.055045483835605, 43.078213419915166 ], [ -2.052581216541188, 43.076522158303803 ], [ -2.051959730602101, 43.074612172260167 ], [ -2.05109307374408, 43.074110494326447 ], [ -2.048119390267389, 43.073405412127713 ], [ -2.043735647379006, 43.073477320351756 ], [ -2.039783253977844, 43.075789185699989 ], [ -2.03774388296629, 43.074887156932007 ], [ -2.035152717968665, 43.074356321445507 ], [ -2.032399490577769, 43.072921661160606 ], [ -2.030394724785726, 43.070981525654545 ], [ -2.027494911045782, 43.069162254688578 ], [ -2.026869333658642, 43.068314006425936 ], [ -2.024840573579458, 43.067310445775895 ], [ -2.024037723588026, 43.066141744621333 ], [ -2.022481293060661, 43.065158012583055 ], [ -2.022454891662544, 43.064423992363622 ], [ -2.021392053622296, 43.062963249801378 ], [ -2.02115124521886, 43.060323777736699 ], [ -2.020667007070176, 43.059524785123863 ], [ -2.019593001849579, 43.058923274656259 ], [ -2.019779718149545, 43.057005470096009 ], [ -2.018579281861872, 43.053183401888305 ], [ -2.018637723413985, 43.051651446535857 ], [ -2.020603237168205, 43.047651910950442 ], [ -2.025555295479034, 43.042403880846422 ], [ -2.028182457256583, 43.038335639174342 ], [ -2.03055656427024, 43.036494544493401 ], [ -2.031480699355332, 43.031865272438765 ], [ -2.040941646787353, 43.02970118669365 ], [ -2.042361416057047, 43.040919641844262 ], [ -2.043346578825699, 43.041272845533136 ], [ -2.044821631457932, 43.042579101581055 ], [ -2.044683354298992, 43.04357748159164 ], [ -2.044227629811707, 43.043615007144147 ], [ -2.043519170402027, 43.044864617786118 ], [ -2.043227289660981, 43.046889908921045 ], [ -2.044552628146336, 43.052779313947333 ], [ -2.044249326849112, 43.053285872510564 ], [ -2.043018488224488, 43.053690071555778 ], [ -2.042843855473898, 43.054484921281997 ], [ -2.042800584203327, 43.05580930224631 ], [ -2.043875862382619, 43.058100007836806 ], [ -2.043476739397812, 43.059700308193214 ], [ -2.044257306656245, 43.060078261955134 ], [ -2.045671910120115, 43.059803040144885 ], [ -2.048748857206955, 43.060595828210147 ], [ -2.05132919285531, 43.060802419526638 ], [ -2.054412341926571, 43.060485311103619 ], [ -2.058443608092233, 43.061532502602248 ], [ -2.061826884318476, 43.061549251273647 ], [ -2.062425512106017, 43.061235932141159 ], [ -2.066518037056827, 43.061938431473017 ], [ -2.070255121136478, 43.061783766963842 ], [ -2.071541927887997, 43.062515608091239 ], [ -2.073704521069119, 43.062861461184937 ], [ -2.075554236186273, 43.0638754876882 ], [ -2.072173816366953, 43.0678381094177 ], [ -2.072479275859335, 43.069255272737898 ], [ -2.07136910213594, 43.070042322574849 ], [ -2.068983469462317, 43.074124525851275 ], [ -2.067361341729935, 43.075538550108668 ], [ -2.067718462648037, 43.078967805116392 ], [ -2.070475035272147, 43.082971677578442 ], [ -2.071316893628946, 43.087251772980821 ], [ -2.07110700954857, 43.088119942608905 ], [ -2.070555150389568, 43.088280906038896 ] ] ], [ [ [ -2.010005580938943, 43.160845169105421 ], [ -2.025300252439088, 43.158246732497901 ], [ -2.024598320069079, 43.160336588410594 ], [ -2.022685991020118, 43.159420117431971 ], [ -2.018619528811565, 43.159828665609083 ], [ -2.015156121821992, 43.161462459467963 ], [ -2.01371743266248, 43.163122319185817 ], [ -2.009248183413656, 43.162285459269214 ], [ -2.010005580938943, 43.160845169105421 ] ] ] ] } },
{ "type": "Feature", "properties": { "municipality_code": "20072", "municipality_name": "Urnieta", "population_total": 6294, "population_65_plus": 1244, "population_75_plus": 585, "pct_65_plus": 19.765, "pct_75_plus": 9.295, "reference_period": "2025-01-01", "source_id": "G360_DERIVED_MUNICIPAL_METRICS_V1", "area_km2": 22.410466229614745, "services_hospital": 0, "services_mental_health": 0, "services_other_health": 0, "services_primary_care": 1, "services_total": 1, "primary_care_per_10000_65_plus": 8.039, "primary_care_per_10000_75_plus": 17.094, "hospital_per_10000_65_plus": 0.0, "hospital_per_10000_75_plus": 0.0, "mental_health_per_10000_65_plus": 0.0, "mental_health_per_10000_75_plus": 0.0, "other_health_per_10000_65_plus": 0.0, "other_health_per_10000_75_plus": 0.0, "representative_point_longitude": -1.9626448, "representative_point_latitude": 43.2250271, "distance_to_nearest_primary_care_m": 3563.1, "distance_to_nearest_hospital_m": 7555.1, "distance_to_nearest_mental_health_m": 4854.9, "distance_to_nearest_other_health_m": 6095.4, "metrics_reference_period": "demography=2025-01-01;services=2026-09-20;geography=2025-05-07", "source_ids": "EUSTAT_EMH_2025|ODE_HEALTH_CENTRES_2026|GEOEUSKADI_MUNICIPIOS_2025" }, "geometry": { "type": "Polygon", "coordinates": [ [ [ -2.000097778645694, 43.26099338673388 ], [ -1.990325892207512, 43.260155110523883 ], [ -1.988258843708977, 43.259024778428092 ], [ -1.984203713013474, 43.257758757296301 ], [ -1.980411170079418, 43.259056757406512 ], [ -1.977421711043954, 43.258419336055326 ], [ -1.978298838279306, 43.257013482671582 ], [ -1.977741100060534, 43.256354938693853 ], [ -1.978017732353941, 43.255278293486981 ], [ -1.977067213459936, 43.254214984773114 ], [ -1.97733146147329, 43.251272794378288 ], [ -1.976487064814766, 43.249313644962669 ], [ -1.975962523033404, 43.24938848784911 ], [ -1.975887421025455, 43.247459267121009 ], [ -1.974098717999353, 43.245529866862945 ], [ -1.97165073423571, 43.245409865457788 ], [ -1.970492397686068, 43.245736890995794 ], [ -1.96966646376412, 43.245258218708436 ], [ -1.96825928307117, 43.245334846115789 ], [ -1.967134762283704, 43.246089032289518 ], [ -1.965138879047841, 43.243323615411867 ], [ -1.962256523132828, 43.243231763893093 ], [ -1.962053567413998, 43.242086799286341 ], [ -1.963264694342347, 43.24120689845914 ], [ -1.96335136613667, 43.240506248618779 ], [ -1.951273737654832, 43.232712309807212 ], [ -1.946486549326697, 43.22833649865629 ], [ -1.942522155053922, 43.227710141671125 ], [ -1.941623469675166, 43.229061619658424 ], [ -1.933797746518331, 43.226868263848097 ], [ -1.933338444342224, 43.227159436437482 ], [ -1.930137819895194, 43.22379888678482 ], [ -1.926822304399071, 43.223461858992465 ], [ -1.930135248015375, 43.222261513462264 ], [ -1.930968163297304, 43.222610315213046 ], [ -1.93075495650107, 43.22320924072983 ], [ -1.931122885748928, 43.223524847602569 ], [ -1.933016519700463, 43.223846902064921 ], [ -1.934962593674123, 43.221773538293917 ], [ -1.938072670772625, 43.219781182206084 ], [ -1.943823642658237, 43.218278954202887 ], [ -1.948730915859013, 43.217737009790298 ], [ -1.949803926076118, 43.217062152227633 ], [ -1.951296060368227, 43.215030776667597 ], [ -1.95343602981972, 43.213713579940581 ], [ -1.952593482565856, 43.213766001553964 ], [ -1.947631458443295, 43.211686848518347 ], [ -1.946301473044879, 43.211608551759802 ], [ -1.942829765435611, 43.21051815235171 ], [ -1.941987601313272, 43.209903183006716 ], [ -1.942016561116433, 43.209008458673871 ], [ -1.941312470301761, 43.208754242571899 ], [ -1.941650748215971, 43.207568759053956 ], [ -1.941314831561511, 43.207070813801693 ], [ -1.941712305283184, 43.206616148781194 ], [ -1.940524352987975, 43.204593823360725 ], [ -1.941482445441946, 43.203765275725004 ], [ -1.942801065384059, 43.20338830847929 ], [ -1.942666706633519, 43.202557302463305 ], [ -1.943800061806743, 43.201843198700949 ], [ -1.942983388514752, 43.199456657356912 ], [ -1.943930852086461, 43.198129021093926 ], [ -1.944416049238404, 43.19466641955286 ], [ -1.946090776940613, 43.193090155528665 ], [ -1.958375512705322, 43.189246645812673 ], [ -1.96370649474193, 43.192282339775232 ], [ -1.966876443057807, 43.195317340514187 ], [ -1.964155139425048, 43.199065971871143 ], [ -1.969838658518801, 43.201631147997276 ], [ -1.971973110219848, 43.203388279073117 ], [ -1.9728126523234, 43.203557916512487 ], [ -1.973947188958454, 43.205540133625767 ], [ -1.974910903651943, 43.206004138011316 ], [ -1.975598853943749, 43.207170530984129 ], [ -1.975183420344671, 43.210454265796521 ], [ -1.976132052234094, 43.210441832612624 ], [ -1.976495168060572, 43.211054035171323 ], [ -1.975483303813822, 43.213299120928873 ], [ -1.984075009033886, 43.21907740258164 ], [ -1.990687563694311, 43.222769657570858 ], [ -1.995481272016895, 43.226217879677996 ], [ -1.996885090373591, 43.227767426516785 ], [ -1.997349878948874, 43.229483725046272 ], [ -2.001944000521755, 43.234319104834526 ], [ -2.0032375377454, 43.235041749846779 ], [ -2.009301373511953, 43.241961358161518 ], [ -2.009977710114595, 43.243337124001286 ], [ -2.00501521538977, 43.247865661223123 ], [ -2.002961573995858, 43.252033254292186 ], [ -2.005241401163598, 43.257249961978687 ], [ -2.000580123756086, 43.258560395266898 ], [ -2.000097778645694, 43.26099338673388 ] ] ] } },
{ "type": "Feature", "properties": { "municipality_code": "20073", "municipality_name": "Usurbil", "population_total": 6485, "population_65_plus": 1310, "population_75_plus": 653, "pct_65_plus": 20.2, "pct_75_plus": 10.069, "reference_period": "2025-01-01", "source_id": "G360_DERIVED_MUNICIPAL_METRICS_V1", "area_km2": 25.75750234457092, "services_hospital": 0, "services_mental_health": 0, "services_other_health": 0, "services_primary_care": 1, "services_total": 1, "primary_care_per_10000_65_plus": 7.634, "primary_care_per_10000_75_plus": 15.314, "hospital_per_10000_65_plus": 0.0, "hospital_per_10000_75_plus": 0.0, "mental_health_per_10000_65_plus": 0.0, "mental_health_per_10000_75_plus": 0.0, "other_health_per_10000_65_plus": 0.0, "other_health_per_10000_75_plus": 0.0, "representative_point_longitude": -2.0654147, "representative_point_latitude": 43.2689201, "distance_to_nearest_primary_care_m": 1317.5, "distance_to_nearest_hospital_m": 8286.0, "distance_to_nearest_mental_health_m": 6353.3, "distance_to_nearest_other_health_m": 4098.7, "metrics_reference_period": "demography=2025-01-01;services=2026-09-20;geography=2025-05-07", "source_ids": "EUSTAT_EMH_2025|ODE_HEALTH_CENTRES_2026|GEOEUSKADI_MUNICIPIOS_2025" }, "geometry": { "type": "MultiPolygon", "coordinates": [ [ [ [ -2.050156021761299, 43.298515352563314 ], [ -2.04866193247394, 43.298047866013185 ], [ -2.048053186477797, 43.297254892592655 ], [ -2.04534649798592, 43.296204270322825 ], [ -2.044609813950919, 43.295557252917177 ], [ -2.043494538725783, 43.295515328719901 ], [ -2.043225357154864, 43.295089172913684 ], [ -2.041732215499907, 43.295301384826196 ], [ -2.03996367085306, 43.296103721795717 ], [ -2.037397153092343, 43.296453586908804 ], [ -2.03634146766223, 43.296023529432851 ], [ -2.034419410156302, 43.29403250513144 ], [ -2.033279993483523, 43.293472062192038 ], [ -2.032289091029802, 43.294057184108603 ], [ -2.030235763477546, 43.293312998009384 ], [ -2.029002583897008, 43.293938987755666 ], [ -2.028722788615957, 43.293146357679461 ], [ -2.029154553433385, 43.29208174351681 ], [ -2.026878200232267, 43.289016163366135 ], [ -2.02670134545366, 43.286252578441129 ], [ -2.026093207520265, 43.28563069762825 ], [ -2.024040491096046, 43.285984494605565 ], [ -2.023775674004913, 43.285698032789675 ], [ -2.022802294851001, 43.283293680145015 ], [ -2.02311249008336, 43.282097366904807 ], [ -2.021811838319588, 43.28038215125828 ], [ -2.020814152358142, 43.28012443112452 ], [ -2.019885615394486, 43.280494234191799 ], [ -2.018458810087058, 43.280344198456163 ], [ -2.017671333023577, 43.279816762451361 ], [ -2.017359989411272, 43.27708522829333 ], [ -2.01915403580473, 43.274927553439255 ], [ -2.022307901520001, 43.274512356059432 ], [ -2.022172744778727, 43.273015599915013 ], [ -2.023629157252367, 43.272534002489003 ], [ -2.027664699334143, 43.272730043095287 ], [ -2.029632664522636, 43.2740722620009 ], [ -2.0327225283263, 43.274559025999459 ], [ -2.032575274897869, 43.27362624802705 ], [ -2.033240169832098, 43.273220314561357 ], [ -2.032715870742617, 43.271730281000103 ], [ -2.033186435433127, 43.271459510752919 ], [ -2.035063051227105, 43.272320091833507 ], [ -2.035745864503531, 43.274273967554727 ], [ -2.038859370149609, 43.272722113865605 ], [ -2.037569740184797, 43.271824751664305 ], [ -2.036034159265102, 43.27262991921895 ], [ -2.035968333587233, 43.271901012667563 ], [ -2.035277335207, 43.271521911615565 ], [ -2.035306210427264, 43.271131289630524 ], [ -2.036911903280972, 43.270186355810331 ], [ -2.037964946062023, 43.268572018454002 ], [ -2.03518871928909, 43.265863138393001 ], [ -2.034050077695329, 43.265869736568227 ], [ -2.033873075334999, 43.264595892830897 ], [ -2.034949282774305, 43.264640095826749 ], [ -2.035014911024415, 43.263917580659907 ], [ -2.034634963323911, 43.263945890691083 ], [ -2.03265442502561, 43.261727534655854 ], [ -2.034056151238036, 43.261441328388358 ], [ -2.036070044764095, 43.260306719453254 ], [ -2.04061042045329, 43.263574030768027 ], [ -2.039654147164537, 43.264601534369049 ], [ -2.040652910735404, 43.266117284365755 ], [ -2.041153216513215, 43.265800915966274 ], [ -2.042633562851186, 43.266458392225296 ], [ -2.043266944215969, 43.264826274148199 ], [ -2.044465222995062, 43.265838202958442 ], [ -2.046284239783549, 43.263990510230862 ], [ -2.044530421836517, 43.263687073679357 ], [ -2.044743917577662, 43.263353179924287 ], [ -2.047144164693455, 43.262341661332066 ], [ -2.049027865249357, 43.262209062634 ], [ -2.049430066946187, 43.261808662071644 ], [ -2.049548051446615, 43.262151451697669 ], [ -2.050489641810832, 43.261946006899322 ], [ -2.050126870176191, 43.261404159650901 ], [ -2.050863075746595, 43.259832077622995 ], [ -2.050590981521038, 43.259343154021778 ], [ -2.052812866410083, 43.256450442955277 ], [ -2.054586501468721, 43.25206734917402 ], [ -2.056177305910526, 43.250583421946189 ], [ -2.057394749309299, 43.250378029842018 ], [ -2.059711069230948, 43.249113521595319 ], [ -2.061506896763553, 43.24900405364486 ], [ -2.061201803071972, 43.248255967388573 ], [ -2.057038249701179, 43.248022628186014 ], [ -2.057574328176889, 43.246888861810262 ], [ -2.056291032482207, 43.245940540049368 ], [ -2.058586885885317, 43.24507214222357 ], [ -2.059696929288739, 43.243536897755106 ], [ -2.060834338939836, 43.243734789890595 ], [ -2.063547459349279, 43.243284713556427 ], [ -2.065060773209896, 43.242246549153805 ], [ -2.066425141607104, 43.239205211369587 ], [ -2.073312652787682, 43.239837692657552 ], [ -2.076807434359203, 43.241158312848299 ], [ -2.077645607460816, 43.241708848116396 ], [ -2.077573389910718, 43.242126621110742 ], [ -2.078658437637962, 43.242664154802611 ], [ -2.083578027828901, 43.242643599405135 ], [ -2.085279126461351, 43.243506479947818 ], [ -2.08452167428291, 43.244251938034587 ], [ -2.085186698499658, 43.245561526189107 ], [ -2.084238128188914, 43.246357294034851 ], [ -2.085831162145177, 43.248322634099253 ], [ -2.08554882492037, 43.248882472200037 ], [ -2.085960200880902, 43.249690064033082 ], [ -2.084821843821837, 43.250537975244107 ], [ -2.084986919751302, 43.2510300468685 ], [ -2.086942338900746, 43.252658931022061 ], [ -2.088395890167484, 43.255176725662729 ], [ -2.089589424574708, 43.255416083206924 ], [ -2.091396565473315, 43.257373493154702 ], [ -2.092744599275856, 43.258194742436835 ], [ -2.093713789363317, 43.262396352802156 ], [ -2.0936004597841, 43.264047366617994 ], [ -2.092058286288971, 43.265920292296762 ], [ -2.092477436850615, 43.266466162865271 ], [ -2.092032708475649, 43.267605180166832 ], [ -2.092879353917238, 43.268098308001278 ], [ -2.092963289858217, 43.269371028579108 ], [ -2.093572831105699, 43.26959513411402 ], [ -2.092547566458012, 43.271506435544907 ], [ -2.094233440692514, 43.274134280673849 ], [ -2.095684678345205, 43.275464395264883 ], [ -2.096291644382725, 43.2771534999913 ], [ -2.09575415521257, 43.279061555152936 ], [ -2.093508531428866, 43.280961334841841 ], [ -2.093967007209899, 43.282880735972768 ], [ -2.094841635165765, 43.283540845389219 ], [ -2.095081579263117, 43.284632073936905 ], [ -2.089348320899001, 43.287552875087982 ], [ -2.090224547839413, 43.289035074968851 ], [ -2.090147307882957, 43.290162269517012 ], [ -2.088192100881682, 43.291817322910234 ], [ -2.086805972675887, 43.293683577869189 ], [ -2.084544217093623, 43.294777316945115 ], [ -2.078441138114334, 43.29497753749061 ], [ -2.06893451604996, 43.297625005023846 ], [ -2.066641148637274, 43.297909056750264 ], [ -2.061837719521761, 43.297452779583615 ], [ -2.06077703325892, 43.296728733376838 ], [ -2.058066144647541, 43.296429432354486 ], [ -2.056067161363981, 43.297150521132387 ], [ -2.054083892090551, 43.296985169449918 ], [ -2.05258628445797, 43.298101596426491 ], [ -2.050156021761299, 43.298515352563314 ] ] ], [ [ [ -2.032252569183966, 43.270434995959157 ], [ -2.031177024238216, 43.26941827803244 ], [ -2.030367293225291, 43.269412400847777 ], [ -2.030478983567855, 43.269051346183595 ], [ -2.029487553027158, 43.268261414089487 ], [ -2.029666295374482, 43.267932315447958 ], [ -2.03129765702743, 43.268649407676527 ], [ -2.032308351581567, 43.268473349903616 ], [ -2.033481419406634, 43.269717005503871 ], [ -2.032252569183966, 43.270434995959157 ] ] ], [ [ [ -2.03310156125456, 43.27143801434152 ], [ -2.032006750235371, 43.27102385515871 ], [ -2.031283578540071, 43.271397019258821 ], [ -2.03090957649524, 43.270906704141055 ], [ -2.03232190609484, 43.270569750873157 ], [ -2.032447566206185, 43.270960712353251 ], [ -2.032983695471181, 43.270892390152881 ], [ -2.03310156125456, 43.27143801434152 ] ] ], [ [ [ -2.032701399437101, 43.271544197797056 ], [ -2.03251939325171, 43.271509861068637 ], [ -2.032586638430042, 43.271484424603841 ], [ -2.032701399437101, 43.271544197797056 ] ] ] ] } },
{ "type": "Feature", "properties": { "municipality_code": "20074", "municipality_name": "Bergara", "population_total": 14725, "population_65_plus": 3735, "population_75_plus": 1950, "pct_65_plus": 25.365, "pct_75_plus": 13.243, "reference_period": "2025-01-01", "source_id": "G360_DERIVED_MUNICIPAL_METRICS_V1", "area_km2": 75.62959565670559, "services_hospital": 0, "services_mental_health": 0, "services_other_health": 0, "services_primary_care": 3, "services_total": 3, "primary_care_per_10000_65_plus": 8.032, "primary_care_per_10000_75_plus": 15.385, "hospital_per_10000_65_plus": 0.0, "hospital_per_10000_75_plus": 0.0, "mental_health_per_10000_65_plus": 0.0, "mental_health_per_10000_75_plus": 0.0, "other_health_per_10000_65_plus": 0.0, "other_health_per_10000_75_plus": 0.0, "representative_point_longitude": -2.4296359, "representative_point_latitude": 43.1251117, "distance_to_nearest_primary_care_m": 1107.9, "distance_to_nearest_hospital_m": 7660.8, "distance_to_nearest_mental_health_m": 7754.0, "distance_to_nearest_other_health_m": 37034.1, "metrics_reference_period": "demography=2025-01-01;services=2026-09-20;geography=2025-05-07", "source_ids": "EUSTAT_EMH_2025|ODE_HEALTH_CENTRES_2026|GEOEUSKADI_MUNICIPIOS_2025" }, "geometry": { "type": "Polygon", "coordinates": [ [ [ -2.368918186125013, 43.176768767257293 ], [ -2.367497371956498, 43.176669758675047 ], [ -2.36616367392542, 43.174542178561786 ], [ -2.366406234982413, 43.17395157582876 ], [ -2.365187546781562, 43.169417100991573 ], [ -2.360831661697723, 43.165173610165851 ], [ -2.364333763322663, 43.159611425425986 ], [ -2.364385501461427, 43.156964655282991 ], [ -2.361821466145932, 43.152265885967786 ], [ -2.362967403724346, 43.150453076102615 ], [ -2.365082485370125, 43.149918190806588 ], [ -2.366035811260424, 43.149138130860301 ], [ -2.365273650689594, 43.142501399803763 ], [ -2.35821179504483, 43.138269897408122 ], [ -2.359291733185224, 43.132724879934685 ], [ -2.358731518228607, 43.132499394878714 ], [ -2.354495088182216, 43.132936708601534 ], [ -2.351777074109194, 43.132797463791952 ], [ -2.351103248072312, 43.131559254174036 ], [ -2.351664922731406, 43.130613223041429 ], [ -2.350612723885532, 43.130020187938882 ], [ -2.350886417327578, 43.128657395779378 ], [ -2.35000703733778, 43.127025875634658 ], [ -2.352073170319064, 43.125680795146081 ], [ -2.356202134987789, 43.125088923107732 ], [ -2.358079326721486, 43.123639248617309 ], [ -2.359362756678707, 43.123529560350292 ], [ -2.361423089447809, 43.124258296248833 ], [ -2.364448148781149, 43.124217585139114 ], [ -2.367051508021189, 43.126299075001391 ], [ -2.368493066183659, 43.126928444472668 ], [ -2.377353830491899, 43.127929749187622 ], [ -2.378165623774745, 43.127280266499959 ], [ -2.382461531367603, 43.126984642535511 ], [ -2.38867546098275, 43.125405116499721 ], [ -2.393070883177761, 43.119073207051947 ], [ -2.397148461249754, 43.118365278293368 ], [ -2.402836661151069, 43.11212510082887 ], [ -2.400409032378344, 43.109106576010646 ], [ -2.400721568025821, 43.108153887187427 ], [ -2.402496599912584, 43.107831005505581 ], [ -2.403535244248456, 43.106997631595569 ], [ -2.403639572498139, 43.102067717647124 ], [ -2.404561546477136, 43.100544831777391 ], [ -2.402906036634082, 43.098394313165812 ], [ -2.404184809033699, 43.095434940595844 ], [ -2.406197286254809, 43.093062516245254 ], [ -2.408220519496054, 43.08892583458924 ], [ -2.407145179379393, 43.086611137077718 ], [ -2.407672900317691, 43.084885465137205 ], [ -2.406591980950103, 43.082979915863184 ], [ -2.406642507424566, 43.082187113942446 ], [ -2.407748098548122, 43.080662993916903 ], [ -2.407043372531601, 43.077180198607557 ], [ -2.41040931639424, 43.075719699890684 ], [ -2.412512961115152, 43.073983077956456 ], [ -2.413143815576898, 43.073983261313337 ], [ -2.413754716372309, 43.073181973887593 ], [ -2.417953312404731, 43.073715626891641 ], [ -2.420030517346066, 43.075734041759944 ], [ -2.422970002245952, 43.076740595721951 ], [ -2.424123452231209, 43.076740665452128 ], [ -2.425371908325969, 43.076231753464654 ], [ -2.431681137916689, 43.075742388163967 ], [ -2.435142059898698, 43.078229107544637 ], [ -2.43879102674856, 43.079412553639081 ], [ -2.44209097020068, 43.079123784297366 ], [ -2.447153613140975, 43.080347837153184 ], [ -2.446543301367945, 43.082383538179847 ], [ -2.449178995136605, 43.079730452663568 ], [ -2.451583135091778, 43.080356264032268 ], [ -2.454604631973138, 43.078194511821764 ], [ -2.456559457854402, 43.078502911747144 ], [ -2.457661562521196, 43.077321544909402 ], [ -2.460680967983732, 43.07741624065774 ], [ -2.461049478887365, 43.07586578863463 ], [ -2.462116325088991, 43.07541892383491 ], [ -2.462187319721505, 43.075873475879611 ], [ -2.463128339134965, 43.07609181324888 ], [ -2.463133699312456, 43.076648512250586 ], [ -2.465125070969227, 43.078153025875785 ], [ -2.464906304306967, 43.08003034149796 ], [ -2.466210865318081, 43.081038129794152 ], [ -2.466133647353093, 43.081715778165496 ], [ -2.467163325951784, 43.082170326010171 ], [ -2.470031057761879, 43.085281172115884 ], [ -2.470750061968913, 43.086739643046741 ], [ -2.470326419949959, 43.087765940169064 ], [ -2.472221017631484, 43.089092744830936 ], [ -2.473635538838608, 43.092287268780787 ], [ -2.476485265988458, 43.09334638164853 ], [ -2.4772151084222, 43.094168326476485 ], [ -2.479674331283722, 43.09465831302483 ], [ -2.4807725269993, 43.094369261997883 ], [ -2.481385846603222, 43.094732072423326 ], [ -2.484316561898068, 43.09490731925505 ], [ -2.487327104736826, 43.093784977237519 ], [ -2.489153523926564, 43.093976552108096 ], [ -2.491242918412507, 43.092960234519289 ], [ -2.495737123645413, 43.092118696748386 ], [ -2.496830780274822, 43.092483409679645 ], [ -2.497716990023478, 43.093351151308561 ], [ -2.499519053983863, 43.093722963757692 ], [ -2.501809661215864, 43.09498900472542 ], [ -2.500715450553173, 43.096259511955047 ], [ -2.504747740095283, 43.096606254284026 ], [ -2.501065351009304, 43.118979403910792 ], [ -2.496310121289945, 43.123370850790998 ], [ -2.472605917545147, 43.12173720338653 ], [ -2.463856532893603, 43.134913067231679 ], [ -2.466217812045631, 43.141049828726054 ], [ -2.464307297555312, 43.141306818326569 ], [ -2.454788957871461, 43.151402831124642 ], [ -2.455474707797077, 43.157197276581435 ], [ -2.458958046415556, 43.158818369363409 ], [ -2.459362841443515, 43.164092778684463 ], [ -2.457319441604178, 43.166136650161519 ], [ -2.454902204855999, 43.167235000929601 ], [ -2.451291363941523, 43.170787782425272 ], [ -2.443518849152974, 43.169960251601857 ], [ -2.443176664020057, 43.170683472648008 ], [ -2.440188793914043, 43.169958684107655 ], [ -2.439651346505987, 43.16910501001216 ], [ -2.434198764137054, 43.168320872045328 ], [ -2.435523462739878, 43.167800994989193 ], [ -2.436793696589524, 43.166190443370169 ], [ -2.432749497989795, 43.165867535341341 ], [ -2.431633416421213, 43.166124125252445 ], [ -2.430681111734067, 43.166445342640948 ], [ -2.429595568437712, 43.167970670288177 ], [ -2.425522117595333, 43.166165289316005 ], [ -2.42373745044663, 43.167739807942183 ], [ -2.422641295000082, 43.166384912881163 ], [ -2.421072479208502, 43.166171856137211 ], [ -2.420200240290578, 43.163821598929367 ], [ -2.41849989773408, 43.163437469416394 ], [ -2.416865033170158, 43.163155312582141 ], [ -2.415668912822349, 43.164156577130271 ], [ -2.413245200653158, 43.164987832727441 ], [ -2.410260610746211, 43.163143702774356 ], [ -2.406114367349052, 43.162126685059491 ], [ -2.404281956513688, 43.162081139678385 ], [ -2.400402824655429, 43.163037627174532 ], [ -2.400296137489152, 43.1634774036485 ], [ -2.399532423677926, 43.16286861944198 ], [ -2.399601538358239, 43.162043779448396 ], [ -2.397391555773728, 43.162235396609645 ], [ -2.396482129437512, 43.161896225092015 ], [ -2.395024783711454, 43.162276126641196 ], [ -2.394761636203404, 43.162831721457181 ], [ -2.393083287501138, 43.163511626810511 ], [ -2.392757736554545, 43.164355098802446 ], [ -2.390280651960305, 43.164769153918812 ], [ -2.382624774329922, 43.167408015290668 ], [ -2.381811935658399, 43.168461058855087 ], [ -2.3766148401225, 43.169875426972602 ], [ -2.375291002280343, 43.171223156356383 ], [ -2.373306315901231, 43.175981798969161 ], [ -2.368918186125013, 43.176768767257293 ] ] ] } },
{ "type": "Feature", "properties": { "municipality_code": "20075", "municipality_name": "Villabona", "population_total": 5778, "population_65_plus": 1340, "population_75_plus": 696, "pct_65_plus": 23.191, "pct_75_plus": 12.046, "reference_period": "2025-01-01", "source_id": "G360_DERIVED_MUNICIPAL_METRICS_V1", "area_km2": 17.565048121076405, "services_hospital": 0, "services_mental_health": 0, "services_other_health": 0, "services_primary_care": 1, "services_total": 1, "primary_care_per_10000_65_plus": 7.463, "primary_care_per_10000_75_plus": 14.368, "hospital_per_10000_65_plus": 0.0, "hospital_per_10000_75_plus": 0.0, "mental_health_per_10000_65_plus": 0.0, "mental_health_per_10000_75_plus": 0.0, "other_health_per_10000_65_plus": 0.0, "other_health_per_10000_75_plus": 0.0, "representative_point_longitude": -2.0349813, "representative_point_latitude": 43.1807343, "distance_to_nearest_primary_care_m": 1691.7, "distance_to_nearest_hospital_m": 13570.4, "distance_to_nearest_mental_health_m": 4616.1, "distance_to_nearest_other_health_m": 9396.9, "metrics_reference_period": "demography=2025-01-01;services=2026-09-20;geography=2025-05-07", "source_ids": "EUSTAT_EMH_2025|ODE_HEALTH_CENTRES_2026|GEOEUSKADI_MUNICIPIOS_2025" }, "geometry": { "type": "Polygon", "coordinates": [ [ [ -2.038871907023183, 43.202401797821501 ], [ -2.037762352921258, 43.201743030496303 ], [ -2.035853380729239, 43.201640373787043 ], [ -2.035447629402447, 43.200998602773488 ], [ -2.034011745056842, 43.200616275302075 ], [ -2.033893234834592, 43.199829034373408 ], [ -2.033255642281206, 43.199518905815047 ], [ -2.030622215988517, 43.200584892076101 ], [ -2.029014075056593, 43.200474947668198 ], [ -2.022686894268819, 43.195945997339066 ], [ -2.019340884968353, 43.195088338591098 ], [ -2.017748005539848, 43.196318982214279 ], [ -2.015746872357819, 43.196646756779764 ], [ -2.013272646918264, 43.198324580960858 ], [ -2.011279214031135, 43.196936797655006 ], [ -2.008703643990539, 43.19281499382933 ], [ -2.006199170266819, 43.19162142440954 ], [ -2.00589987132485, 43.189992529895974 ], [ -2.006842988329895, 43.188891382506583 ], [ -2.006087357369853, 43.187978385710451 ], [ -2.002305817464569, 43.185881272311185 ], [ -2.000936861379197, 43.185939149631537 ], [ -1.99799989048054, 43.187093174262998 ], [ -1.996136952950907, 43.186477407814237 ], [ -1.996636373314736, 43.184163138084408 ], [ -1.995976330437041, 43.18281030910623 ], [ -1.994252434324156, 43.181013072663639 ], [ -1.996235132213042, 43.180834361711753 ], [ -1.998169783681842, 43.178663440492087 ], [ -1.999741174953065, 43.177966510203831 ], [ -2.001289809790246, 43.17778698781121 ], [ -2.0027769057608, 43.176991210203468 ], [ -2.004033746983876, 43.175209893014184 ], [ -2.004781934851154, 43.175019136721154 ], [ -2.00493284219105, 43.173915494770917 ], [ -2.00332206227817, 43.172136289689767 ], [ -2.003396691537813, 43.170010999379222 ], [ -2.002622961063665, 43.168935610858355 ], [ -2.003003785991325, 43.167509598717942 ], [ -2.004896682191288, 43.166094362595103 ], [ -2.007763445153911, 43.165019083547399 ], [ -2.009248183413656, 43.162285459269214 ], [ -2.01371743266248, 43.163122319185817 ], [ -2.015156121821992, 43.161462459467963 ], [ -2.016770155795363, 43.160542396632785 ], [ -2.018619528811565, 43.159828665609083 ], [ -2.022685991020118, 43.159420117431971 ], [ -2.025593673196467, 43.160929379477572 ], [ -2.027103552434609, 43.162395001492861 ], [ -2.031272111688844, 43.160126896070075 ], [ -2.037575207933286, 43.159083368046772 ], [ -2.040363911075978, 43.159387975846293 ], [ -2.045684082445903, 43.165822266718877 ], [ -2.054333629078242, 43.174237766158484 ], [ -2.054454196576073, 43.175182730810214 ], [ -2.055121437822952, 43.175893973353837 ], [ -2.057795202047596, 43.176517519672174 ], [ -2.057499585084314, 43.176885791448662 ], [ -2.058132860416389, 43.17718239096444 ], [ -2.0598732099033, 43.177274304039322 ], [ -2.064306724450509, 43.178807305848181 ], [ -2.069901368710275, 43.177523388382475 ], [ -2.070882109909728, 43.177966387006414 ], [ -2.073648051096664, 43.180576412660024 ], [ -2.070882504529148, 43.181951591528758 ], [ -2.070435656085033, 43.18305731940255 ], [ -2.069274229248069, 43.183865563867464 ], [ -2.068958129955581, 43.184629324253166 ], [ -2.066944693303501, 43.185487879479993 ], [ -2.067080390177998, 43.186595752553195 ], [ -2.065074736022916, 43.186016615901927 ], [ -2.063311489285678, 43.187216721791408 ], [ -2.061327037198417, 43.187186904278796 ], [ -2.059579527769363, 43.18654037631503 ], [ -2.0591006481017, 43.186895724239712 ], [ -2.057144381858806, 43.18713221206869 ], [ -2.054522731666539, 43.186504476842465 ], [ -2.053429810446698, 43.191197328933995 ], [ -2.055058753875017, 43.194820126777564 ], [ -2.05462600707466, 43.196027801908592 ], [ -2.051580225290517, 43.198106011874401 ], [ -2.048486369829564, 43.19657950189783 ], [ -2.042141539029114, 43.197250506940193 ], [ -2.041126023176568, 43.198636005749172 ], [ -2.040844434959382, 43.200286411715872 ], [ -2.038871907023183, 43.202401797821501 ] ] ] } },
{ "type": "Feature", "properties": { "municipality_code": "20076", "municipality_name": "Ordizia", "population_total": 10398, "population_65_plus": 2137, "population_75_plus": 1119, "pct_65_plus": 20.552, "pct_75_plus": 10.762, "reference_period": "2025-01-01", "source_id": "G360_DERIVED_MUNICIPAL_METRICS_V1", "area_km2": 5.6804056904544078, "services_hospital": 0, "services_mental_health": 0, "services_other_health": 0, "services_primary_care": 1, "services_total": 1, "primary_care_per_10000_65_plus": 4.679, "primary_care_per_10000_75_plus": 8.937, "hospital_per_10000_65_plus": 0.0, "hospital_per_10000_75_plus": 0.0, "mental_health_per_10000_65_plus": 0.0, "mental_health_per_10000_75_plus": 0.0, "other_health_per_10000_65_plus": 0.0, "other_health_per_10000_75_plus": 0.0, "representative_point_longitude": -2.184044, "representative_point_latitude": 43.0615951, "distance_to_nearest_primary_care_m": 1008.5, "distance_to_nearest_hospital_m": 10759.6, "distance_to_nearest_mental_health_m": 1218.0, "distance_to_nearest_other_health_m": 26343.6, "metrics_reference_period": "demography=2025-01-01;services=2026-09-20;geography=2025-05-07", "source_ids": "EUSTAT_EMH_2025|ODE_HEALTH_CENTRES_2026|GEOEUSKADI_MUNICIPIOS_2025" }, "geometry": { "type": "Polygon", "coordinates": [ [ [ -2.206555128878035, 43.084539541659538 ], [ -2.198800728046919, 43.082819514286058 ], [ -2.196304400737769, 43.081756989972668 ], [ -2.191629373767546, 43.081056886465802 ], [ -2.189993377406803, 43.080350859579255 ], [ -2.186889484197132, 43.077457182476849 ], [ -2.185580466611165, 43.07681951116475 ], [ -2.182471093429196, 43.072980878548563 ], [ -2.181963108959062, 43.071232006006184 ], [ -2.182037962145112, 43.068291084952946 ], [ -2.179851904538334, 43.065047572829606 ], [ -2.179344043092714, 43.06386160864961 ], [ -2.179444937768142, 43.062594767167433 ], [ -2.178450107732909, 43.061229334975131 ], [ -2.176822485215907, 43.060446785761592 ], [ -2.174515533678547, 43.060588700364448 ], [ -2.173090716218554, 43.061485001818042 ], [ -2.172530185140656, 43.062426635813274 ], [ -2.172027546012517, 43.06172411873802 ], [ -2.170867028809416, 43.061523258305435 ], [ -2.169727880268853, 43.059915073413819 ], [ -2.169750941916635, 43.056981793907418 ], [ -2.170963360347995, 43.057307942878097 ], [ -2.171005716775995, 43.056599022840089 ], [ -2.169909111006029, 43.056172795210657 ], [ -2.169957150342464, 43.055654349463772 ], [ -2.166611773289579, 43.055614303817961 ], [ -2.16297271633755, 43.053148729869868 ], [ -2.161790915141265, 43.05059234041498 ], [ -2.165943524019, 43.047596563689872 ], [ -2.166218364966437, 43.046319612373416 ], [ -2.167572399695227, 43.044630490906947 ], [ -2.167218816337837, 43.044021794946858 ], [ -2.170977076856418, 43.039970736796121 ], [ -2.174794835350109, 43.038721737385337 ], [ -2.176376716180906, 43.039681251215548 ], [ -2.178275312204788, 43.042596687826837 ], [ -2.185495352266387, 43.044053847274284 ], [ -2.186455760929346, 43.05014116597026 ], [ -2.186219382700908, 43.051869695751144 ], [ -2.186867927902999, 43.052392270245619 ], [ -2.187218826668385, 43.055441973349964 ], [ -2.188097133452148, 43.05648586438052 ], [ -2.18812285506919, 43.058051376009729 ], [ -2.19034338899437, 43.059995544788734 ], [ -2.189807823851704, 43.06068880992548 ], [ -2.190370894821869, 43.061250818958413 ], [ -2.189376366694253, 43.061451173612596 ], [ -2.190071027790758, 43.062054755371477 ], [ -2.190177904173349, 43.063625394145525 ], [ -2.190719275040539, 43.063979430135483 ], [ -2.190290770273072, 43.065846587850025 ], [ -2.191631497358356, 43.066902124546417 ], [ -2.190054226657975, 43.068083837481446 ], [ -2.190989560027766, 43.069572695153973 ], [ -2.190517801270153, 43.07059159003613 ], [ -2.190909725589954, 43.072109032761823 ], [ -2.193078589269903, 43.074865117498881 ], [ -2.194035396781865, 43.074934865141778 ], [ -2.19699278055216, 43.076425538636535 ], [ -2.198912379681769, 43.076756837546981 ], [ -2.200450068954273, 43.077700612114732 ], [ -2.200387866886294, 43.078562171285981 ], [ -2.201412845874341, 43.079688981805951 ], [ -2.20283807706829, 43.080077205452426 ], [ -2.206266859988706, 43.083154299949619 ], [ -2.206555128878035, 43.084539541659538 ] ] ] } },
{ "type": "Feature", "properties": { "municipality_code": "20077", "municipality_name": "Urretxu", "population_total": 6795, "population_65_plus": 1621, "population_75_plus": 845, "pct_65_plus": 23.856, "pct_75_plus": 12.436, "reference_period": "2025-01-01", "source_id": "G360_DERIVED_MUNICIPAL_METRICS_V1", "area_km2": 7.5278756476997994, "services_hospital": 0, "services_mental_health": 0, "services_other_health": 0, "services_primary_care": 0, "services_total": 0, "primary_care_per_10000_65_plus": 0.0, "primary_care_per_10000_75_plus": 0.0, "hospital_per_10000_65_plus": 0.0, "hospital_per_10000_75_plus": 0.0, "mental_health_per_10000_65_plus": 0.0, "mental_health_per_10000_75_plus": 0.0, "other_health_per_10000_65_plus": 0.0, "other_health_per_10000_75_plus": 0.0, "representative_point_longitude": -2.330718, "representative_point_latitude": 43.0964602, "distance_to_nearest_primary_care_m": 1295.0, "distance_to_nearest_hospital_m": 1574.7, "distance_to_nearest_mental_health_m": 1574.7, "distance_to_nearest_other_health_m": 31680.9, "metrics_reference_period": "demography=2025-01-01;services=2026-09-20;geography=2025-05-07", "source_ids": "EUSTAT_EMH_2025|ODE_HEALTH_CENTRES_2026|GEOEUSKADI_MUNICIPIOS_2025" }, "geometry": { "type": "Polygon", "coordinates": [ [ [ -2.331444093600062, 43.11445500068367 ], [ -2.32735147582323, 43.113729739425416 ], [ -2.327284732285999, 43.11197159995443 ], [ -2.326386763529847, 43.111510945294818 ], [ -2.325453134749369, 43.111666436157719 ], [ -2.324845495023986, 43.113560338024698 ], [ -2.324065742267843, 43.113707406177909 ], [ -2.322826922479801, 43.111267112225683 ], [ -2.320923294944716, 43.109652286877093 ], [ -2.320323753943278, 43.108523830984538 ], [ -2.31679225255719, 43.108285951462648 ], [ -2.316736892695341, 43.106995149971318 ], [ -2.317807057424581, 43.105177535557104 ], [ -2.316211905867062, 43.104453895742537 ], [ -2.316059496623571, 43.104028695528449 ], [ -2.317565863023017, 43.101830231035954 ], [ -2.317340736915378, 43.100895312820519 ], [ -2.317848318549588, 43.099613226071106 ], [ -2.316472804742744, 43.098011892290181 ], [ -2.314536145961789, 43.096709802695315 ], [ -2.31391641864642, 43.095418440907274 ], [ -2.312140455366564, 43.09472380572187 ], [ -2.312149216211784, 43.093665612734675 ], [ -2.31377683919074, 43.091288113027623 ], [ -2.31621545234914, 43.089674191424514 ], [ -2.3188174468416, 43.089195320199174 ], [ -2.320842004704257, 43.087841033208321 ], [ -2.322721683149915, 43.083732140291779 ], [ -2.323459110083016, 43.082992110203733 ], [ -2.323277419035628, 43.081750359068572 ], [ -2.324200473373797, 43.079103430930225 ], [ -2.324995298997333, 43.0782205293442 ], [ -2.327184296871, 43.078304326289143 ], [ -2.330095788033134, 43.079373957034562 ], [ -2.330596558558649, 43.079931961741494 ], [ -2.332613679214556, 43.080728220885959 ], [ -2.33625154885895, 43.084209754696431 ], [ -2.33927709795091, 43.08548901210311 ], [ -2.344200552957733, 43.086863636206644 ], [ -2.344821141355067, 43.08761689417215 ], [ -2.349746183316685, 43.087958160423618 ], [ -2.346056944246257, 43.099755170662227 ], [ -2.34351506179976, 43.101132472249738 ], [ -2.34646058936637, 43.103316659659953 ], [ -2.345516903916661, 43.105069650111353 ], [ -2.343304299803035, 43.108000038991953 ], [ -2.337316993125148, 43.111910783146435 ], [ -2.335474801687537, 43.111919498590417 ], [ -2.334511385840135, 43.111264993892888 ], [ -2.333418452110229, 43.111345542769193 ], [ -2.332714289484688, 43.112167491503143 ], [ -2.332230611291313, 43.114021893781107 ], [ -2.331444093600062, 43.11445500068367 ] ] ] } },
{ "type": "Feature", "properties": { "municipality_code": "20078", "municipality_name": "Zaldibia", "population_total": 1766, "population_65_plus": 380, "population_75_plus": 187, "pct_65_plus": 21.518, "pct_75_plus": 10.589, "reference_period": "2025-01-01", "source_id": "G360_DERIVED_MUNICIPAL_METRICS_V1", "area_km2": 16.652393719206891, "services_hospital": 0, "services_mental_health": 0, "services_other_health": 0, "services_primary_care": 1, "services_total": 1, "primary_care_per_10000_65_plus": 26.316, "primary_care_per_10000_75_plus": 53.476, "hospital_per_10000_65_plus": 0.0, "hospital_per_10000_75_plus": 0.0, "mental_health_per_10000_65_plus": 0.0, "mental_health_per_10000_75_plus": 0.0, "other_health_per_10000_65_plus": 0.0, "other_health_per_10000_75_plus": 0.0, "representative_point_longitude": -2.1373069, "representative_point_latitude": 43.0231661, "distance_to_nearest_primary_care_m": 2010.8, "distance_to_nearest_hospital_m": 15792.0, "distance_to_nearest_mental_health_m": 5329.5, "distance_to_nearest_other_health_m": 28538.7, "metrics_reference_period": "demography=2025-01-01;services=2026-09-20;geography=2025-05-07", "source_ids": "EUSTAT_EMH_2025|ODE_HEALTH_CENTRES_2026|GEOEUSKADI_MUNICIPIOS_2025" }, "geometry": { "type": "MultiPolygon", "coordinates": [ [ [ [ -2.140726122418041, 43.004749545883733 ], [ -2.14468248787479, 43.005559105579117 ], [ -2.14071107544144, 43.010318128916794 ], [ -2.141928353281271, 43.011004927063809 ], [ -2.141734494828416, 43.012967335119797 ], [ -2.143450863279778, 43.012918018724228 ], [ -2.144988140177135, 43.014213180723239 ], [ -2.146424986537021, 43.014748582292079 ], [ -2.146993087301209, 43.015947008215377 ], [ -2.147631784858273, 43.015057088168327 ], [ -2.149544933740516, 43.017353532254326 ], [ -2.150057292221863, 43.018979969533433 ], [ -2.151507829525216, 43.017719466763708 ], [ -2.153523647861742, 43.017483542052531 ], [ -2.152987489244292, 43.015710526917047 ], [ -2.154094724206447, 43.015239740406848 ], [ -2.154108673730911, 43.016091986296274 ], [ -2.15899502905115, 43.017604546913738 ], [ -2.161704834526441, 43.01897535692418 ], [ -2.158589988635136, 43.01990081439569 ], [ -2.158858738914165, 43.02090320197437 ], [ -2.154107888688894, 43.02169070858077 ], [ -2.156161321152293, 43.02428655140718 ], [ -2.156175148909365, 43.029291085962903 ], [ -2.157850267338777, 43.030025623921105 ], [ -2.159623403489447, 43.030239820308694 ], [ -2.160308341401023, 43.032654762322316 ], [ -2.158802095450816, 43.033021008930085 ], [ -2.158968476849378, 43.033691301027773 ], [ -2.159867279702245, 43.035535546579801 ], [ -2.161203040237536, 43.035755363165769 ], [ -2.162353375605482, 43.037778818057383 ], [ -2.162277069810228, 43.038402976107179 ], [ -2.163745170842355, 43.038055553639126 ], [ -2.165154189889434, 43.038757131409831 ], [ -2.166494112549943, 43.04050107374627 ], [ -2.167603271224178, 43.039977133697093 ], [ -2.168456598908586, 43.040987300318569 ], [ -2.168735187370431, 43.042585543140298 ], [ -2.167218816337837, 43.044021794946858 ], [ -2.167572399695227, 43.044630490906947 ], [ -2.166218364966437, 43.046319612373416 ], [ -2.165943524019, 43.047596563689872 ], [ -2.161790915141265, 43.05059234041498 ], [ -2.162865507213906, 43.052877698406959 ], [ -2.161566721880257, 43.053313872454062 ], [ -2.160932902898694, 43.052516999368436 ], [ -2.15797096219424, 43.05331218074334 ], [ -2.15645326987011, 43.054693175740489 ], [ -2.153593831712944, 43.055071755207784 ], [ -2.151549634399354, 43.056257695479097 ], [ -2.15013483972243, 43.05491788880785 ], [ -2.150563877095439, 43.053272720704285 ], [ -2.148913355678956, 43.052712367309219 ], [ -2.147654248590457, 43.050174638677426 ], [ -2.141649765345358, 43.041320861440845 ], [ -2.140537057053898, 43.041040953168533 ], [ -2.138746719518306, 43.042006850511015 ], [ -2.136033455637217, 43.042592587733253 ], [ -2.134457552734377, 43.043388326283242 ], [ -2.132186124173163, 43.042965862592645 ], [ -2.128911495387587, 43.043309731680253 ], [ -2.126661381175358, 43.042568037491868 ], [ -2.1251380106614, 43.042506852013474 ], [ -2.124087826193025, 43.041573293527634 ], [ -2.122677208828115, 43.041944104304058 ], [ -2.119933723071715, 43.038265137157531 ], [ -2.113679239759686, 43.032489009761136 ], [ -2.114171456610939, 43.031661442005628 ], [ -2.115353148687948, 43.031080218119548 ], [ -2.118656629870282, 43.030228491500999 ], [ -2.119311313958373, 43.022049245498025 ], [ -2.116041724944388, 43.015552605658158 ], [ -2.110269638953662, 43.009915776610178 ], [ -2.113977828312319, 43.002241564153117 ], [ -2.114606127339599, 42.999963320076255 ], [ -2.114330623637191, 42.999124534342954 ], [ -2.11561521585825, 42.994257864788636 ], [ -2.115295833865107, 42.990531579749465 ], [ -2.121182271318228, 42.989880998731792 ], [ -2.12186297025208, 42.990704327683389 ], [ -2.122625496659124, 42.992694699170649 ], [ -2.11632866929168, 42.99427950354368 ], [ -2.119505336342814, 43.000241265301803 ], [ -2.125468059215195, 43.000133494242974 ], [ -2.12542395075275, 43.000659321114476 ], [ -2.1265023688779, 43.001774490967939 ], [ -2.124700713415813, 43.003847137771658 ], [ -2.125888845205884, 43.004288353470237 ], [ -2.126801000147336, 43.003962910077654 ], [ -2.127073455599007, 43.004653479061176 ], [ -2.129422464217749, 43.004565765146843 ], [ -2.13076941819368, 43.004111804755546 ], [ -2.132194488914437, 43.004622080263012 ], [ -2.132833844079637, 43.005231700089816 ], [ -2.132461069629965, 43.006119445979138 ], [ -2.133335413302861, 43.00604908380943 ], [ -2.134819338985169, 43.006639934773418 ], [ -2.135601175971833, 43.006197606514277 ], [ -2.136369085890575, 43.006457557493128 ], [ -2.136433132829243, 43.006744444128856 ], [ -2.135352103194762, 43.007278684289318 ], [ -2.135428696140254, 43.008267441573842 ], [ -2.140726122418041, 43.004749545883733 ] ] ], [ [ [ -2.140726122418041, 43.004749545883733 ], [ -2.139322128452338, 43.004590773710952 ], [ -2.133423325344264, 43.002059257381525 ], [ -2.125468059215195, 43.000133494242974 ], [ -2.124633953161211, 42.999436908405713 ], [ -2.124063388628541, 42.997198439532362 ], [ -2.124319803470786, 42.995463792402106 ], [ -2.125479387433399, 42.995927109710017 ], [ -2.134444511769797, 42.997083608143242 ], [ -2.137924944176508, 42.999294944838475 ], [ -2.142030505115852, 42.999582089203514 ], [ -2.142233310385088, 43.00168543713044 ], [ -2.140726122418041, 43.004749545883733 ] ] ], [ [ [ -2.131285958691103, 42.992507456490749 ], [ -2.128209160910897, 42.990652994308803 ], [ -2.128788060872987, 42.985622083400145 ], [ -2.132991562711277, 42.986159753769918 ], [ -2.131847234857537, 42.990165545708493 ], [ -2.131904312990729, 42.991505026720432 ], [ -2.133697935785995, 42.993113128350153 ], [ -2.131285958691103, 42.992507456490749 ] ] ] ] } },
{ "type": "Feature", "properties": { "municipality_code": "20079", "municipality_name": "Zarautz", "population_total": 23464, "population_65_plus": 5467, "population_75_plus": 2733, "pct_65_plus": 23.3, "pct_75_plus": 11.648, "reference_period": "2025-01-01", "source_id": "G360_DERIVED_MUNICIPAL_METRICS_V1", "area_km2": 14.215937782590155, "services_hospital": 0, "services_mental_health": 1, "services_other_health": 0, "services_primary_care": 3, "services_total": 4, "primary_care_per_10000_65_plus": 5.487, "primary_care_per_10000_75_plus": 10.977, "hospital_per_10000_65_plus": 0.0, "hospital_per_10000_75_plus": 0.0, "mental_health_per_10000_65_plus": 1.829, "mental_health_per_10000_75_plus": 3.659, "other_health_per_10000_65_plus": 0.0, "other_health_per_10000_75_plus": 0.0, "representative_point_longitude": -2.1632235, "representative_point_latitude": 43.2695495, "distance_to_nearest_primary_care_m": 1866.2, "distance_to_nearest_hospital_m": 15994.1, "distance_to_nearest_mental_health_m": 1866.2, "distance_to_nearest_other_health_m": 12017.1, "metrics_reference_period": "demography=2025-01-01;services=2026-09-20;geography=2025-05-07", "source_ids": "EUSTAT_EMH_2025|ODE_HEALTH_CENTRES_2026|GEOEUSKADI_MUNICIPIOS_2025" }, "geometry": { "type": "MultiPolygon", "coordinates": [ [ [ [ -2.147829628115279, 43.293968029194737 ], [ -2.144840896718414, 43.2923789282342 ], [ -2.143695614627537, 43.292384947111906 ], [ -2.143449041630419, 43.292966686810225 ], [ -2.142393325245564, 43.29308979237048 ], [ -2.141661032264009, 43.291318332633352 ], [ -2.14370284848243, 43.289756333455031 ], [ -2.143180606928142, 43.282124141187758 ], [ -2.144540049235389, 43.28097593092604 ], [ -2.141351872152386, 43.27961897616877 ], [ -2.148474662235722, 43.262202305600887 ], [ -2.15102038127388, 43.262757086791723 ], [ -2.160008110142535, 43.262061885131182 ], [ -2.160318905196625, 43.260757823087197 ], [ -2.15989980458079, 43.260189025228755 ], [ -2.161677384142837, 43.259162650810573 ], [ -2.163368457095636, 43.258836596867098 ], [ -2.16420265233449, 43.257874081455469 ], [ -2.165193906788573, 43.257833638746504 ], [ -2.167006690818739, 43.256971642592028 ], [ -2.169676569160634, 43.254952244486987 ], [ -2.175392888569081, 43.24891909653202 ], [ -2.178995477932228, 43.24394921615081 ], [ -2.18537277970655, 43.243185183761689 ], [ -2.189459311503293, 43.243423985138506 ], [ -2.18956900879096, 43.244140433839952 ], [ -2.188014825970646, 43.244985049121958 ], [ -2.184983460490582, 43.245689764448997 ], [ -2.181651930284009, 43.247363381396696 ], [ -2.18537581391776, 43.250306752804853 ], [ -2.184099802155381, 43.252216750935055 ], [ -2.183812396491193, 43.253482403558003 ], [ -2.181577076987272, 43.255672498277107 ], [ -2.181180009370484, 43.256607106887529 ], [ -2.181557449520523, 43.257247965128393 ], [ -2.18040388350907, 43.259172580710462 ], [ -2.17829568179987, 43.261612071403718 ], [ -2.180085175245125, 43.264088538930572 ], [ -2.180719093939048, 43.26707099419064 ], [ -2.180316928242346, 43.268760611371931 ], [ -2.181356063490604, 43.270287857113814 ], [ -2.181071354150205, 43.271167162903772 ], [ -2.18200384942567, 43.272571162539833 ], [ -2.18255203156647, 43.272504973421363 ], [ -2.183364487229951, 43.273445513965697 ], [ -2.183429198171039, 43.272413466781629 ], [ -2.18544373209493, 43.272394704400817 ], [ -2.185622161983118, 43.27126056268807 ], [ -2.18647871901077, 43.270703180256483 ], [ -2.186404945054512, 43.271412860520698 ], [ -2.19083323641202, 43.271968318945262 ], [ -2.190530261880498, 43.27444898210117 ], [ -2.193668623507873, 43.275879035949821 ], [ -2.194607658707478, 43.278687922078717 ], [ -2.193583056426516, 43.281378296340925 ], [ -2.195829197100186, 43.281464095541828 ], [ -2.192336607345205, 43.284874698930999 ], [ -2.190020317721556, 43.285826456673341 ], [ -2.189324901604174, 43.286606207385951 ], [ -2.189317592064385, 43.292568700595581 ], [ -2.187604730681219, 43.293425793149616 ], [ -2.18760410595024, 43.292722621678671 ], [ -2.186398541121562, 43.292950512685081 ], [ -2.183819827050027, 43.294809413533336 ], [ -2.182524463426364, 43.293509447756385 ], [ -2.181259705890006, 43.292927710724648 ], [ -2.180934589951834, 43.292085976834159 ], [ -2.179744097915245, 43.292035304170234 ], [ -2.178892966921464, 43.291197174668604 ], [ -2.178590959928147, 43.287981903283246 ], [ -2.173316029753006, 43.287881948771528 ], [ -2.166583901609813, 43.288468276889276 ], [ -2.153860297494926, 43.291199864439697 ], [ -2.153095533189569, 43.290711199230053 ], [ -2.153740474782688, 43.291413556870914 ], [ -2.153103448400166, 43.293036777857601 ], [ -2.152636708197013, 43.292994331228421 ], [ -2.151529437369889, 43.293945199117481 ], [ -2.149727054135179, 43.293695714925001 ], [ -2.149101719132994, 43.294426827577837 ], [ -2.149948639545844, 43.295461356129898 ], [ -2.149684428513044, 43.296020556564699 ], [ -2.147829628115279, 43.293968029194737 ] ] ], [ [ [ -2.207005980972323, 43.262501658613658 ], [ -2.202330353248628, 43.265707867174697 ], [ -2.201517266546679, 43.265747901646712 ], [ -2.199193175222617, 43.261777996328846 ], [ -2.197862143016099, 43.257514651077969 ], [ -2.203469291093295, 43.257380512457871 ], [ -2.207005980972323, 43.262501658613658 ] ] ], [ [ [ -2.20571518227318, 43.27280846952015 ], [ -2.198736448404499, 43.273520874340733 ], [ -2.202043441586035, 43.270000454177882 ], [ -2.202556784897841, 43.270350288402916 ], [ -2.20472353371438, 43.26861939752591 ], [ -2.206671869142909, 43.269340428351782 ], [ -2.20571518227318, 43.27280846952015 ] ] ], [ [ [ -2.193770030505066, 43.272079452826134 ], [ -2.193891069839408, 43.271674031596234 ], [ -2.192328988296622, 43.27073759991243 ], [ -2.19017258517679, 43.27101852367791 ], [ -2.189397053756013, 43.2700842231473 ], [ -2.188394326765386, 43.270126271624484 ], [ -2.191195653739037, 43.269079497287507 ], [ -2.194406909908418, 43.269321718135004 ], [ -2.195451560158554, 43.268883522554376 ], [ -2.198220190080569, 43.270016265741681 ], [ -2.197322062554016, 43.271470823057449 ], [ -2.193770030505066, 43.272079452826134 ] ] ], [ [ [ -2.198736448404499, 43.273520874340733 ], [ -2.196551576738143, 43.2744167331197 ], [ -2.196218450397835, 43.273708503885985 ], [ -2.198736448404499, 43.273520874340733 ] ] ], [ [ [ -2.149745683519068, 43.29626935775579 ], [ -2.150147766593389, 43.296344202434355 ], [ -2.150892118555805, 43.297434870368001 ], [ -2.149937409973217, 43.296860401521556 ], [ -2.149745683519068, 43.29626935775579 ] ] ] ] } },
{ "type": "Feature", "properties": { "municipality_code": "20080", "municipality_name": "Zumarraga", "population_total": 9568, "population_65_plus": 2441, "population_75_plus": 1353, "pct_65_plus": 25.512, "pct_75_plus": 14.141, "reference_period": "2025-01-01", "source_id": "G360_DERIVED_MUNICIPAL_METRICS_V1", "area_km2": 18.487392780912412, "services_hospital": 2, "services_mental_health": 1, "services_other_health": 0, "services_primary_care": 2, "services_total": 5, "primary_care_per_10000_65_plus": 8.193, "primary_care_per_10000_75_plus": 14.782, "hospital_per_10000_65_plus": 8.193, "hospital_per_10000_75_plus": 14.782, "mental_health_per_10000_65_plus": 4.097, "mental_health_per_10000_75_plus": 7.391, "other_health_per_10000_65_plus": 0.0, "other_health_per_10000_75_plus": 0.0, "representative_point_longitude": -2.302583, "representative_point_latitude": 43.0985655, "distance_to_nearest_primary_care_m": 1870.8, "distance_to_nearest_hospital_m": 1784.4, "distance_to_nearest_mental_health_m": 1784.4, "distance_to_nearest_other_health_m": 29715.6, "metrics_reference_period": "demography=2025-01-01;services=2026-09-20;geography=2025-05-07", "source_ids": "EUSTAT_EMH_2025|ODE_HEALTH_CENTRES_2026|GEOEUSKADI_MUNICIPIOS_2025" }, "geometry": { "type": "Polygon", "coordinates": [ [ [ -2.31970657844777, 43.131552609649482 ], [ -2.319120966935046, 43.130744093564878 ], [ -2.317133977506157, 43.131167546321237 ], [ -2.306622047077484, 43.131188702669284 ], [ -2.305442785697866, 43.13047746189963 ], [ -2.30482687080582, 43.130581779556749 ], [ -2.303918743543597, 43.127517313595767 ], [ -2.302537045921614, 43.127395348544091 ], [ -2.300220619332228, 43.126444701153098 ], [ -2.295992197236051, 43.123395745207134 ], [ -2.292863241869559, 43.119826917969299 ], [ -2.290869815493221, 43.119375234196525 ], [ -2.289547410253047, 43.118194598668715 ], [ -2.287128143445566, 43.114873057424397 ], [ -2.287093470235, 43.111136182632087 ], [ -2.283210810298627, 43.107207594561352 ], [ -2.28044422480649, 43.106712972186337 ], [ -2.282352100477834, 43.103948823430287 ], [ -2.28735168948568, 43.100443249851502 ], [ -2.288304585477479, 43.099089323895186 ], [ -2.288277101382632, 43.095356995381621 ], [ -2.290186356073715, 43.093644127493143 ], [ -2.290547909587189, 43.090597361674561 ], [ -2.291155881802929, 43.089701887407422 ], [ -2.294250962228816, 43.088034430489792 ], [ -2.295552762709487, 43.08648142356185 ], [ -2.29649988049965, 43.086053225357539 ], [ -2.296954651176812, 43.084703997118083 ], [ -2.296533419568423, 43.083300784454416 ], [ -2.297089645904262, 43.082728878615931 ], [ -2.296758921884267, 43.080310849477762 ], [ -2.29735552732053, 43.079352373091822 ], [ -2.298200573911965, 43.07955288266718 ], [ -2.299702208503638, 43.078351320287481 ], [ -2.299512757458753, 43.07779400961747 ], [ -2.30654826943023, 43.066957011264108 ], [ -2.321022918581129, 43.065378254423287 ], [ -2.321985299569298, 43.066663610482486 ], [ -2.32755445422666, 43.069590497844935 ], [ -2.33038368201005, 43.072416753180178 ], [ -2.329535782003268, 43.073500742455728 ], [ -2.327918988461572, 43.074459664825191 ], [ -2.326627121421511, 43.076005585315229 ], [ -2.326576060821674, 43.076908751869219 ], [ -2.325513188449327, 43.077414811127419 ], [ -2.324200473373797, 43.079103430930225 ], [ -2.323277419035628, 43.081750359068572 ], [ -2.323459110083016, 43.082992110203733 ], [ -2.322721683149915, 43.083732140291779 ], [ -2.320751836019741, 43.087949616790574 ], [ -2.3188174468416, 43.089195320199174 ], [ -2.31621545234914, 43.089674191424514 ], [ -2.314114905266409, 43.09104982964746 ], [ -2.312149216211784, 43.093665612734675 ], [ -2.312228285940046, 43.094859344074436 ], [ -2.31391641864642, 43.095418440907274 ], [ -2.314536145961789, 43.096709802695315 ], [ -2.316472804742744, 43.098011892290181 ], [ -2.317848318549588, 43.099613226071106 ], [ -2.317340736915378, 43.100895312820519 ], [ -2.317565863023017, 43.101830231035954 ], [ -2.316059496623571, 43.104028695528449 ], [ -2.316211905867062, 43.104453895742537 ], [ -2.317807057424581, 43.105177535557104 ], [ -2.316736892695341, 43.106995149971318 ], [ -2.316752036661902, 43.108218975297504 ], [ -2.320323753943278, 43.108523830984538 ], [ -2.320923294944716, 43.109652286877093 ], [ -2.322826922479801, 43.111267112225683 ], [ -2.323366760586862, 43.112955735756294 ], [ -2.324187516607818, 43.113753928731441 ], [ -2.324845495023986, 43.113560338024698 ], [ -2.325453134749369, 43.111666436157719 ], [ -2.325902627754678, 43.111498915517615 ], [ -2.327230016159054, 43.111850118608892 ], [ -2.327418410838212, 43.113768331541216 ], [ -2.331153887546673, 43.114450230439729 ], [ -2.332051545674766, 43.114291873572938 ], [ -2.332714289484688, 43.112167491503143 ], [ -2.333551178633935, 43.111273484472811 ], [ -2.334511385840135, 43.111264993892888 ], [ -2.33541394298781, 43.111910640933502 ], [ -2.337472539863339, 43.111924932748593 ], [ -2.338645600516398, 43.114055809555282 ], [ -2.34048025281884, 43.113709845605889 ], [ -2.341941132276926, 43.114226168117426 ], [ -2.342241898223336, 43.114812165798895 ], [ -2.341458148033907, 43.117194380734567 ], [ -2.343484839182096, 43.118091191716999 ], [ -2.34196649364665, 43.119905968170023 ], [ -2.336766161111664, 43.120714394944727 ], [ -2.335462887562506, 43.122338513532171 ], [ -2.334007161795443, 43.125623394962069 ], [ -2.33041034788131, 43.129358235092873 ], [ -2.328410933217683, 43.130310485569652 ], [ -2.324542716868615, 43.131323002351955 ], [ -2.323619063685129, 43.131094586123801 ], [ -2.321799802133604, 43.131973675625986 ], [ -2.31970657844777, 43.131552609649482 ] ] ] } },
{ "type": "Feature", "properties": { "municipality_code": "20081", "municipality_name": "Zumaia", "population_total": 10001, "population_65_plus": 2212, "population_75_plus": 1033, "pct_65_plus": 22.118, "pct_75_plus": 10.329, "reference_period": "2025-01-01", "source_id": "G360_DERIVED_MUNICIPAL_METRICS_V1", "area_km2": 10.684427383236713, "services_hospital": 0, "services_mental_health": 0, "services_other_health": 0, "services_primary_care": 1, "services_total": 1, "primary_care_per_10000_65_plus": 4.521, "primary_care_per_10000_75_plus": 9.681, "hospital_per_10000_65_plus": 0.0, "hospital_per_10000_75_plus": 0.0, "mental_health_per_10000_65_plus": 0.0, "mental_health_per_10000_75_plus": 0.0, "other_health_per_10000_65_plus": 0.0, "other_health_per_10000_75_plus": 0.0, "representative_point_longitude": -2.2432608, "representative_point_latitude": 43.2874082, "distance_to_nearest_primary_care_m": 1267.9, "distance_to_nearest_hospital_m": 12202.4, "distance_to_nearest_mental_health_m": 5304.3, "distance_to_nearest_other_health_m": 18675.0, "metrics_reference_period": "demography=2025-01-01;services=2026-09-20;geography=2025-05-07", "source_ids": "EUSTAT_EMH_2025|ODE_HEALTH_CENTRES_2026|GEOEUSKADI_MUNICIPIOS_2025" }, "geometry": { "type": "Polygon", "coordinates": [ [ [ -2.246162151393897, 43.305897880534765 ], [ -2.2460839285893, 43.305582745626978 ], [ -2.247812203514553, 43.304693308143392 ], [ -2.248844317308322, 43.302811293781701 ], [ -2.254768484179483, 43.298376486142708 ], [ -2.256521571718506, 43.296273260582971 ], [ -2.255353393816749, 43.294988182016134 ], [ -2.252894498969145, 43.294152460700104 ], [ -2.251889271280322, 43.294899573558659 ], [ -2.25188908370532, 43.295317114583987 ], [ -2.25268464094634, 43.295575343838465 ], [ -2.253200599035585, 43.295209706186135 ], [ -2.253114682007584, 43.295581754590707 ], [ -2.253571788488319, 43.295300464026475 ], [ -2.254813499252927, 43.296184525755429 ], [ -2.254300688585479, 43.297604176601105 ], [ -2.253668823925501, 43.298433968908078 ], [ -2.25441321654005, 43.296910387356192 ], [ -2.253576868774444, 43.296155031499929 ], [ -2.252405441290383, 43.296951759656032 ], [ -2.251508983650218, 43.296314856201626 ], [ -2.250514658369057, 43.29705329356149 ], [ -2.250748565281638, 43.297220600235072 ], [ -2.251630342667583, 43.296551930356109 ], [ -2.250764818968656, 43.297232232559665 ], [ -2.251017058986222, 43.297412625354688 ], [ -2.251922920903064, 43.296760409230778 ], [ -2.251034902057219, 43.297425348597081 ], [ -2.251330039079954, 43.297636457040305 ], [ -2.251922045301843, 43.2972139639189 ], [ -2.251347881177006, 43.297649270272842 ], [ -2.252096672758537, 43.298184718364617 ], [ -2.252563348103853, 43.297828756589205 ], [ -2.252113782153509, 43.298196986411376 ], [ -2.252483966447071, 43.298461709515294 ], [ -2.252982429669123, 43.298117389596847 ], [ -2.252501931199561, 43.298474613413696 ], [ -2.252781268295051, 43.298738471661238 ], [ -2.249631524782279, 43.29668777056358 ], [ -2.248643480148821, 43.297434426947618 ], [ -2.24892827907845, 43.297803684016529 ], [ -2.249895072775932, 43.297732949241812 ], [ -2.249954418509747, 43.29863181464696 ], [ -2.249620768570997, 43.298414597062262 ], [ -2.249320064402969, 43.298696267917755 ], [ -2.250857992032361, 43.299242843490433 ], [ -2.251523944498671, 43.299899314294535 ], [ -2.253018265672793, 43.299198172276846 ], [ -2.248720851320379, 43.302199750024165 ], [ -2.246757299504091, 43.300891473070038 ], [ -2.241910941276623, 43.295137841702093 ], [ -2.234349887019376, 43.292954023998725 ], [ -2.228151377399382, 43.290567084972736 ], [ -2.223616362115868, 43.288323777381734 ], [ -2.2223061765434, 43.286089834561558 ], [ -2.218252715524506, 43.285907164439607 ], [ -2.217108781243194, 43.284223461342009 ], [ -2.215985790879865, 43.283490876542785 ], [ -2.214186396267652, 43.283020575908729 ], [ -2.212398372605358, 43.281638221265126 ], [ -2.212362434184996, 43.280863873186433 ], [ -2.213731470272462, 43.278800038853284 ], [ -2.213623984354387, 43.274574287131848 ], [ -2.213262140956717, 43.274221078585974 ], [ -2.211681943875011, 43.275069544367838 ], [ -2.211102741404515, 43.274951228666779 ], [ -2.207128765077655, 43.272928610163412 ], [ -2.209849856241609, 43.271898040753996 ], [ -2.212258694027017, 43.27263142385025 ], [ -2.215437393338857, 43.27175867192458 ], [ -2.216202735025227, 43.272292486659218 ], [ -2.218134680736889, 43.27181322586889 ], [ -2.220697017417869, 43.272012115949437 ], [ -2.222755071307537, 43.271595095319171 ], [ -2.224007894684148, 43.270565708323097 ], [ -2.225873593427393, 43.270257271721874 ], [ -2.227428538844619, 43.2705380769508 ], [ -2.229007665083556, 43.271572002251375 ], [ -2.22892314269977, 43.272611414556387 ], [ -2.231801424108367, 43.274156357181852 ], [ -2.231962353040475, 43.275317264484933 ], [ -2.233263098366475, 43.275824422032457 ], [ -2.237622973208663, 43.275175416319051 ], [ -2.2388907473645, 43.274420944636127 ], [ -2.241812702522317, 43.273753701662038 ], [ -2.246701943198724, 43.270006610588716 ], [ -2.249981949553633, 43.269931830316217 ], [ -2.250436975667412, 43.270935084395944 ], [ -2.252497442526588, 43.269995312372366 ], [ -2.253294003877882, 43.268131813719364 ], [ -2.254881938821165, 43.268862736282372 ], [ -2.256393011968067, 43.271028831342662 ], [ -2.255505399883046, 43.274121789828172 ], [ -2.252601850648577, 43.27299938461708 ], [ -2.251882188563832, 43.276015726476373 ], [ -2.252818363247977, 43.278604387057548 ], [ -2.254528788859578, 43.279117443942418 ], [ -2.255240778874816, 43.280491145197885 ], [ -2.254545087348348, 43.282542881046666 ], [ -2.255439922822649, 43.283206603217444 ], [ -2.255860063147423, 43.282511481040729 ], [ -2.257403599250114, 43.282342464985234 ], [ -2.258064432026909, 43.281507979476736 ], [ -2.258270026874071, 43.279492436251502 ], [ -2.258879977159935, 43.278854096072635 ], [ -2.258052786261352, 43.27842700199075 ], [ -2.258597468333357, 43.276120447136854 ], [ -2.260622816043812, 43.276098600976916 ], [ -2.263735048114148, 43.279228902928288 ], [ -2.264735148427248, 43.281514436753461 ], [ -2.266167722630263, 43.28142003676529 ], [ -2.266375560992791, 43.281822190840998 ], [ -2.266646654038678, 43.283229149104713 ], [ -2.265555476026772, 43.286444849266488 ], [ -2.26315002403437, 43.28649078363442 ], [ -2.263975227902927, 43.288819479065509 ], [ -2.285008083964049, 43.294765850842765 ], [ -2.279873429969797, 43.295572993678832 ], [ -2.271220860103255, 43.29812285463025 ], [ -2.270264667464992, 43.299019916966557 ], [ -2.269174568669892, 43.299113087841036 ], [ -2.269088659689888, 43.299481816432198 ], [ -2.267684850141335, 43.299446363682108 ], [ -2.26825698998833, 43.300004256808961 ], [ -2.267720461885923, 43.30005395007062 ], [ -2.26834960623437, 43.300505773593635 ], [ -2.261751194697254, 43.299221824753978 ], [ -2.26071835720588, 43.300061943638354 ], [ -2.260141666690642, 43.301277883750586 ], [ -2.259290823346699, 43.301502713767007 ], [ -2.259209798181835, 43.3022864868732 ], [ -2.26004575144233, 43.30323944853594 ], [ -2.25858165781527, 43.303024303126783 ], [ -2.257575315660505, 43.303674208232366 ], [ -2.252157540574967, 43.302321635442716 ], [ -2.249858159471595, 43.302299824797082 ], [ -2.24877393101999, 43.303200639117783 ], [ -2.248044955667417, 43.304856020224186 ], [ -2.246162151393897, 43.305897880534765 ] ] ] } },
{ "type": "Feature", "properties": { "municipality_code": "20901", "municipality_name": "Mendaro", "population_total": 2049, "population_65_plus": 377, "population_75_plus": 196, "pct_65_plus": 18.399, "pct_75_plus": 9.566, "reference_period": "2025-01-01", "source_id": "G360_DERIVED_MUNICIPAL_METRICS_V1", "area_km2": 25.28093415224005, "services_hospital": 1, "services_mental_health": 0, "services_other_health": 0, "services_primary_care": 1, "services_total": 2, "primary_care_per_10000_65_plus": 26.525, "primary_care_per_10000_75_plus": 51.02, "hospital_per_10000_65_plus": 26.525, "hospital_per_10000_75_plus": 51.02, "mental_health_per_10000_65_plus": 0.0, "mental_health_per_10000_75_plus": 0.0, "other_health_per_10000_65_plus": 0.0, "other_health_per_10000_75_plus": 0.0, "representative_point_longitude": -2.3708972, "representative_point_latitude": 43.2416442, "distance_to_nearest_primary_care_m": 1700.5, "distance_to_nearest_hospital_m": 1497.2, "distance_to_nearest_mental_health_m": 10705.3, "distance_to_nearest_other_health_m": 28970.7, "metrics_reference_period": "demography=2025-01-01;services=2026-09-20;geography=2025-05-07", "source_ids": "EUSTAT_EMH_2025|ODE_HEALTH_CENTRES_2026|GEOEUSKADI_MUNICIPIOS_2025" }, "geometry": { "type": "Polygon", "coordinates": [ [ [ -2.395534956891004, 43.270351041833038 ], [ -2.393169487680936, 43.269367697310962 ], [ -2.387252620933571, 43.268418233594232 ], [ -2.377513030386492, 43.269828665100206 ], [ -2.37542739301978, 43.269835557626749 ], [ -2.372959370927448, 43.268130830443972 ], [ -2.368581431768183, 43.267339625346764 ], [ -2.364709804693056, 43.263521346519411 ], [ -2.363129743881259, 43.262893480486895 ], [ -2.35756513565333, 43.255188050577509 ], [ -2.351605836999805, 43.25063102867815 ], [ -2.34877249465878, 43.247355597651733 ], [ -2.348959366981194, 43.244343213983122 ], [ -2.350092549323872, 43.243757663682729 ], [ -2.347233340902984, 43.242315227785681 ], [ -2.347853365479286, 43.240985950243491 ], [ -2.345999717667039, 43.238911723302081 ], [ -2.344646908795485, 43.237724053359742 ], [ -2.336435784797952, 43.235196460294361 ], [ -2.332262982944656, 43.230152725114976 ], [ -2.335085401522434, 43.229164709849293 ], [ -2.334812819092749, 43.227527377975854 ], [ -2.338759957202745, 43.223639900162041 ], [ -2.338917246739468, 43.219262965979929 ], [ -2.342016094735729, 43.217205309369938 ], [ -2.342723410548301, 43.216314318017183 ], [ -2.347106440463152, 43.21727459895785 ], [ -2.348375330719881, 43.215516669784314 ], [ -2.350417104682365, 43.214170639020843 ], [ -2.351335666103441, 43.21417915490796 ], [ -2.35268451022334, 43.213053271491823 ], [ -2.353632684036863, 43.212834423283873 ], [ -2.354513639132949, 43.212921324046235 ], [ -2.356108826984133, 43.213847398926056 ], [ -2.359755628588411, 43.213671031470035 ], [ -2.358923253648044, 43.217554234509436 ], [ -2.364220979920201, 43.221354718354355 ], [ -2.365810691801159, 43.22715896253181 ], [ -2.369469890165697, 43.228720245205444 ], [ -2.371653979683923, 43.230514213053979 ], [ -2.375942563344004, 43.231144084332122 ], [ -2.376750628661409, 43.233383334815954 ], [ -2.379633783978169, 43.234916321429594 ], [ -2.38167897639888, 43.237350835708 ], [ -2.39232435627437, 43.238613126204562 ], [ -2.393315079863211, 43.240879608437446 ], [ -2.394794213397289, 43.242095643267497 ], [ -2.396147213034441, 43.242499205310871 ], [ -2.396713180856556, 43.243298041808046 ], [ -2.397297482110255, 43.242915637042778 ], [ -2.400585667296547, 43.244182293799859 ], [ -2.401772952035639, 43.244189019478689 ], [ -2.405168315262822, 43.24375752437755 ], [ -2.407970245804322, 43.242063060320412 ], [ -2.409396648741923, 43.242303409772546 ], [ -2.413186753038649, 43.244079218445414 ], [ -2.415547069132751, 43.244155564702368 ], [ -2.418356776334738, 43.243370363724296 ], [ -2.434120912514498, 43.242537216485452 ], [ -2.437096559437474, 43.244025693284399 ], [ -2.437912652332995, 43.246471239365739 ], [ -2.439317460722174, 43.248114364423785 ], [ -2.439359255752411, 43.248979009567115 ], [ -2.43842356005967, 43.250475039872747 ], [ -2.439026764292812, 43.251737721799621 ], [ -2.436388070410015, 43.253134151577925 ], [ -2.435073899789352, 43.254359660878897 ], [ -2.433095712686461, 43.254774768396899 ], [ -2.433180455389778, 43.255489037254932 ], [ -2.431420209127675, 43.257179304911141 ], [ -2.428899689574433, 43.257085064099414 ], [ -2.427341044423087, 43.258273308966963 ], [ -2.424373552540566, 43.259580478823125 ], [ -2.423844693519249, 43.260697184514072 ], [ -2.417874647751216, 43.267453498510683 ], [ -2.414777268013394, 43.26724856053611 ], [ -2.413023578267704, 43.267714902921703 ], [ -2.41054062897679, 43.267412652892311 ], [ -2.40973170303623, 43.267789705493435 ], [ -2.409366929878889, 43.267374136925284 ], [ -2.407745228373865, 43.267217133095016 ], [ -2.40691870305831, 43.266460667105932 ], [ -2.405931272916331, 43.266517698654894 ], [ -2.403675949713949, 43.267559525185135 ], [ -2.401429765648925, 43.269356437605744 ], [ -2.395534956891004, 43.270351041833038 ] ] ] } },
{ "type": "Feature", "properties": { "municipality_code": "20902", "municipality_name": "Lasarte-Oria", "population_total": 19808, "population_65_plus": 4870, "population_75_plus": 2829, "pct_65_plus": 24.586, "pct_75_plus": 14.282, "reference_period": "2025-01-01", "source_id": "G360_DERIVED_MUNICIPAL_METRICS_V1", "area_km2": 5.8194150437003005, "services_hospital": 0, "services_mental_health": 0, "services_other_health": 1, "services_primary_care": 1, "services_total": 2, "primary_care_per_10000_65_plus": 2.053, "primary_care_per_10000_75_plus": 3.535, "hospital_per_10000_65_plus": 0.0, "hospital_per_10000_75_plus": 0.0, "mental_health_per_10000_65_plus": 0.0, "mental_health_per_10000_75_plus": 0.0, "other_health_per_10000_65_plus": 2.053, "other_health_per_10000_75_plus": 3.535, "representative_point_longitude": -2.0099649, "representative_point_latitude": 43.2594626, "distance_to_nearest_primary_care_m": 1165.2, "distance_to_nearest_hospital_m": 5000.0, "distance_to_nearest_mental_health_m": 4360.6, "distance_to_nearest_other_health_m": 676.6, "metrics_reference_period": "demography=2025-01-01;services=2026-09-20;geography=2025-05-07", "source_ids": "EUSTAT_EMH_2025|ODE_HEALTH_CENTRES_2026|GEOEUSKADI_MUNICIPIOS_2025" }, "geometry": { "type": "Polygon", "coordinates": [ [ [ -2.017408046265052, 43.27951275339597 ], [ -2.015235539585035, 43.278617311787606 ], [ -2.014467019531936, 43.278781012998422 ], [ -2.013930726042019, 43.27835957747039 ], [ -2.012163788758459, 43.278379097545375 ], [ -2.010636268165769, 43.277751053932775 ], [ -2.009000211711765, 43.277542280196791 ], [ -2.007326491601989, 43.278135384878944 ], [ -2.00576163958468, 43.277692973062173 ], [ -2.007081091547085, 43.277259645125831 ], [ -2.00698034708558, 43.276174890464169 ], [ -2.006554495204651, 43.273956094754581 ], [ -2.004677912413776, 43.272905928176371 ], [ -2.003716028714988, 43.27185987019805 ], [ -2.004656677729821, 43.270616067673323 ], [ -2.004669161295836, 43.269896484408712 ], [ -2.002731548079584, 43.268769451228302 ], [ -2.00236329024749, 43.268098098091812 ], [ -2.000081253583522, 43.266985174316716 ], [ -1.998292956803726, 43.266896068566311 ], [ -1.998398725288343, 43.265341815708339 ], [ -2.000359390000856, 43.265466303374048 ], [ -1.999845507448613, 43.263421955132742 ], [ -2.000580123756086, 43.258560395266898 ], [ -2.005241401163598, 43.257249961978687 ], [ -2.002961573995858, 43.252033254292186 ], [ -2.00501521538977, 43.247865661223123 ], [ -2.010042612515021, 43.243293605392488 ], [ -2.011316760006229, 43.243019697522989 ], [ -2.013037174665838, 43.241695237618544 ], [ -2.01831133664011, 43.239503290009495 ], [ -2.020176074090594, 43.239372400975661 ], [ -2.021308879850474, 43.24032978459438 ], [ -2.020925479225582, 43.240496815338922 ], [ -2.021695756235658, 43.243260433024318 ], [ -2.022803544343773, 43.243904790172174 ], [ -2.023594196453489, 43.24525060750836 ], [ -2.021273598289677, 43.247704988749916 ], [ -2.020936329325326, 43.252547617012667 ], [ -2.019461021928056, 43.258082237669107 ], [ -2.019567310585635, 43.260272879885207 ], [ -2.022070568405169, 43.26684799376131 ], [ -2.02465782527288, 43.269563242015849 ], [ -2.026873097519032, 43.270860032790658 ], [ -2.027659945887303, 43.272729293125799 ], [ -2.023629157252367, 43.272534002489003 ], [ -2.022390375097538, 43.272792270119439 ], [ -2.021977664971395, 43.273678507659412 ], [ -2.022307901520001, 43.274512356059432 ], [ -2.01915403580473, 43.274927553439255 ], [ -2.018350442325186, 43.275584836891511 ], [ -2.017359989411272, 43.27708522829333 ], [ -2.017408046265052, 43.27951275339597 ] ] ] } },
{ "type": "Feature", "properties": { "municipality_code": "20903", "municipality_name": "Astigarraga", "population_total": 7665, "population_65_plus": 1038, "population_75_plus": 433, "pct_65_plus": 13.542, "pct_75_plus": 5.649, "reference_period": "2025-01-01", "source_id": "G360_DERIVED_MUNICIPAL_METRICS_V1", "area_km2": 11.987405831453735, "services_hospital": 0, "services_mental_health": 0, "services_other_health": 0, "services_primary_care": 1, "services_total": 1, "primary_care_per_10000_65_plus": 9.634, "primary_care_per_10000_75_plus": 23.095, "hospital_per_10000_65_plus": 0.0, "hospital_per_10000_75_plus": 0.0, "mental_health_per_10000_65_plus": 0.0, "mental_health_per_10000_75_plus": 0.0, "other_health_per_10000_65_plus": 0.0, "other_health_per_10000_75_plus": 0.0, "representative_point_longitude": -1.935408, "representative_point_latitude": 43.2779245, "distance_to_nearest_primary_care_m": 1235.0, "distance_to_nearest_hospital_m": 3174.0, "distance_to_nearest_mental_health_m": 3332.2, "distance_to_nearest_other_health_m": 4506.2, "metrics_reference_period": "demography=2025-01-01;services=2026-09-20;geography=2025-05-07", "source_ids": "EUSTAT_EMH_2025|ODE_HEALTH_CENTRES_2026|GEOEUSKADI_MUNICIPIOS_2025" }, "geometry": { "type": "Polygon", "coordinates": [ [ [ -1.931066213252321, 43.303489654142943 ], [ -1.929080657303186, 43.302424498140439 ], [ -1.926249073807581, 43.301830342550602 ], [ -1.927247613689099, 43.301000396228666 ], [ -1.928536845886877, 43.300791966084446 ], [ -1.929343933344073, 43.298890691875791 ], [ -1.931316736810152, 43.298364873193727 ], [ -1.932175453045681, 43.297897364813991 ], [ -1.931928564057454, 43.297591877157451 ], [ -1.927236163530569, 43.29471872422414 ], [ -1.925752294672327, 43.293172750714504 ], [ -1.922220285424604, 43.292391023008335 ], [ -1.921572174007481, 43.291715752856504 ], [ -1.921598952369903, 43.290767050973983 ], [ -1.920894286682929, 43.289508579947345 ], [ -1.917535641773994, 43.287995998591335 ], [ -1.916102080034495, 43.286553834147377 ], [ -1.915306280778238, 43.284676686159102 ], [ -1.912782801751201, 43.281301352439158 ], [ -1.912651122954367, 43.280124908235607 ], [ -1.913589380724972, 43.277353453236294 ], [ -1.91486117012621, 43.276574602376371 ], [ -1.915580954403333, 43.274945058212232 ], [ -1.918925314329127, 43.273721527094523 ], [ -1.918526561221382, 43.272564597539855 ], [ -1.916134322748642, 43.271850448021965 ], [ -1.917297589654404, 43.270040722135278 ], [ -1.917463276990549, 43.268625957840705 ], [ -1.916923786291706, 43.267912463996247 ], [ -1.913531498738521, 43.267766631288517 ], [ -1.912592570923615, 43.265879247716192 ], [ -1.913648433181563, 43.265381414202302 ], [ -1.912784651484178, 43.263352379275297 ], [ -1.913724386192539, 43.263131585897717 ], [ -1.91382363468116, 43.261864342097333 ], [ -1.914875956813899, 43.262114234726198 ], [ -1.915731185052901, 43.261814418288111 ], [ -1.920014407991169, 43.259186879644069 ], [ -1.922084134474284, 43.258666166190338 ], [ -1.925003273098617, 43.259405010502959 ], [ -1.925024409121513, 43.258653764144185 ], [ -1.926382593080999, 43.258502764993828 ], [ -1.926966093208399, 43.256604327187134 ], [ -1.928008185889711, 43.256845849524758 ], [ -1.928399987510103, 43.256254972292751 ], [ -1.929613635263546, 43.256563844017485 ], [ -1.930231596567968, 43.255991046276314 ], [ -1.931136231453736, 43.255879446113155 ], [ -1.93267441077419, 43.254997148789535 ], [ -1.933521078992266, 43.253312012748957 ], [ -1.935112589262154, 43.253378173055701 ], [ -1.939084337929819, 43.25235953588944 ], [ -1.939543772711975, 43.252693522032274 ], [ -1.938467068300151, 43.253016246374003 ], [ -1.9382958508201, 43.254405838941395 ], [ -1.938679636549823, 43.256732525431957 ], [ -1.939356202596151, 43.257499675277586 ], [ -1.938777719501109, 43.25888547406845 ], [ -1.940214042453777, 43.260205435562355 ], [ -1.939055394810765, 43.260942446615807 ], [ -1.938743101001094, 43.262293294586932 ], [ -1.940848982554025, 43.263725906375264 ], [ -1.940909853888017, 43.265582007111725 ], [ -1.943476772407229, 43.267861410208006 ], [ -1.94571394752017, 43.268152127240391 ], [ -1.947497805775883, 43.267938685397183 ], [ -1.949265277719169, 43.266966830514576 ], [ -1.950214856784447, 43.267278278140289 ], [ -1.959597635063239, 43.273749577929287 ], [ -1.958698514466305, 43.274443661933987 ], [ -1.95758242329842, 43.277017805088313 ], [ -1.957803392622143, 43.277429436202958 ], [ -1.956973406215837, 43.278239597899677 ], [ -1.9568038861054, 43.279859788907174 ], [ -1.955849072301518, 43.28120944862863 ], [ -1.955367865888035, 43.283263784381241 ], [ -1.953139776118648, 43.284455446860939 ], [ -1.951966422206116, 43.286349475508693 ], [ -1.951426411092943, 43.286443987568731 ], [ -1.94989467154477, 43.285716416215941 ], [ -1.948703602848031, 43.287441673230845 ], [ -1.948265745920063, 43.287300785012476 ], [ -1.948047523039763, 43.287740831868724 ], [ -1.94604635922942, 43.288283391839983 ], [ -1.940692296684841, 43.291670781415384 ], [ -1.940212421422066, 43.292587013551199 ], [ -1.943427511765988, 43.293879591153804 ], [ -1.94314317549355, 43.296084463561627 ], [ -1.944671357810956, 43.298334835333563 ], [ -1.942254396123261, 43.299693885122686 ], [ -1.941902712792055, 43.300899336177714 ], [ -1.942366001326187, 43.301987090248126 ], [ -1.939840635803688, 43.30287221499006 ], [ -1.935396232678575, 43.302290610025146 ], [ -1.933090430425902, 43.301607302405081 ], [ -1.932596856663931, 43.301833762916431 ], [ -1.932107215727012, 43.303086017486351 ], [ -1.931066213252321, 43.303489654142943 ] ] ] } },
{ "type": "Feature", "properties": { "municipality_code": "20904", "municipality_name": "Baliarrain", "population_total": 159, "population_65_plus": 16, "population_75_plus": 4, "pct_65_plus": 10.063, "pct_75_plus": 2.516, "reference_period": "2025-01-01", "source_id": "G360_DERIVED_MUNICIPAL_METRICS_V1", "area_km2": 2.7421860500539017, "services_hospital": 0, "services_mental_health": 0, "services_other_health": 0, "services_primary_care": 1, "services_total": 1, "primary_care_per_10000_65_plus": 625.0, "primary_care_per_10000_75_plus": 2500.0, "hospital_per_10000_65_plus": 0.0, "hospital_per_10000_75_plus": 0.0, "mental_health_per_10000_65_plus": 0.0, "mental_health_per_10000_75_plus": 0.0, "other_health_per_10000_65_plus": 0.0, "other_health_per_10000_75_plus": 0.0, "representative_point_longitude": -2.1318194, "representative_point_latitude": 43.0724991, "distance_to_nearest_primary_care_m": 477.9, "distance_to_nearest_hospital_m": 14776.2, "distance_to_nearest_mental_health_m": 5282.1, "distance_to_nearest_other_health_m": 23292.3, "metrics_reference_period": "demography=2025-01-01;services=2026-09-20;geography=2025-05-07", "source_ids": "EUSTAT_EMH_2025|ODE_HEALTH_CENTRES_2026|GEOEUSKADI_MUNICIPIOS_2025" }, "geometry": { "type": "Polygon", "coordinates": [ [ [ -2.12775485044719, 43.081971878339658 ], [ -2.125703607907678, 43.082076584360841 ], [ -2.126067851697607, 43.081384055159546 ], [ -2.12545726980508, 43.080638269800019 ], [ -2.125864034561555, 43.079835367093729 ], [ -2.124864660738464, 43.079343246270398 ], [ -2.124185988933459, 43.078284966686823 ], [ -2.123913934314461, 43.076687334568902 ], [ -2.123073591119566, 43.076548905753938 ], [ -2.122866777535516, 43.075832160705339 ], [ -2.121814528398759, 43.075440729097807 ], [ -2.122100519433951, 43.074653489260818 ], [ -2.12106372455492, 43.074177733912016 ], [ -2.12009846340449, 43.072931649223804 ], [ -2.120936474038467, 43.071316660714452 ], [ -2.11999969980093, 43.070396016464713 ], [ -2.11978030276493, 43.06942179732016 ], [ -2.120806605881464, 43.068470031361052 ], [ -2.12327398251464, 43.067338946597204 ], [ -2.125308285720808, 43.066833956639634 ], [ -2.127826537036719, 43.066829491271648 ], [ -2.128978675645586, 43.06602998661964 ], [ -2.131682755226932, 43.06509864737987 ], [ -2.133327810285277, 43.064730367843481 ], [ -2.134553082655919, 43.06491874522272 ], [ -2.136060895114537, 43.063931641927979 ], [ -2.137521910210921, 43.063744583445491 ], [ -2.139984033915068, 43.062567557564996 ], [ -2.140294632102796, 43.063294700196842 ], [ -2.142147398392928, 43.064305809297466 ], [ -2.143022019674, 43.067281193626378 ], [ -2.142876480944631, 43.069378788618764 ], [ -2.143482284229016, 43.07043473798992 ], [ -2.143121521241869, 43.073733596301274 ], [ -2.142345280814661, 43.075746049952798 ], [ -2.138868478408426, 43.078537481295989 ], [ -2.136459863879128, 43.078951655150334 ], [ -2.13496951905214, 43.080122471068393 ], [ -2.135144353416246, 43.079797545299748 ], [ -2.134625852011395, 43.079690879453885 ], [ -2.133069383386872, 43.080659820940767 ], [ -2.130839463936978, 43.081068746344471 ], [ -2.129425144271569, 43.080789469078141 ], [ -2.127830960620479, 43.082400190705805 ], [ -2.12775485044719, 43.081971878339658 ] ] ] } },
{ "type": "Feature", "properties": { "municipality_code": "20905", "municipality_name": "Orendain", "population_total": 241, "population_65_plus": 34, "population_75_plus": 22, "pct_65_plus": 14.108, "pct_75_plus": 9.129, "reference_period": "2025-01-01", "source_id": "G360_DERIVED_MUNICIPAL_METRICS_V1", "area_km2": 6.4257640130465505, "services_hospital": 0, "services_mental_health": 0, "services_other_health": 0, "services_primary_care": 0, "services_total": 0, "primary_care_per_10000_65_plus": 0.0, "primary_care_per_10000_75_plus": 0.0, "hospital_per_10000_65_plus": 0.0, "hospital_per_10000_75_plus": 0.0, "mental_health_per_10000_65_plus": 0.0, "mental_health_per_10000_75_plus": 0.0, "other_health_per_10000_65_plus": 0.0, "other_health_per_10000_75_plus": 0.0, "representative_point_longitude": -2.1062921, "representative_point_latitude": 43.0786343, "distance_to_nearest_primary_care_m": 2044.6, "distance_to_nearest_hospital_m": 16809.5, "distance_to_nearest_mental_health_m": 6770.6, "distance_to_nearest_other_health_m": 21886.1, "metrics_reference_period": "demography=2025-01-01;services=2026-09-20;geography=2025-05-07", "source_ids": "EUSTAT_EMH_2025|ODE_HEALTH_CENTRES_2026|GEOEUSKADI_MUNICIPIOS_2025" }, "geometry": { "type": "Polygon", "coordinates": [ [ [ -2.106779400198718, 43.092467791081638 ], [ -2.10417084411537, 43.091643173664842 ], [ -2.101619823774577, 43.092300429734017 ], [ -2.098986927051378, 43.089814014280066 ], [ -2.094321891940265, 43.089187186516455 ], [ -2.093829996018155, 43.087992037397271 ], [ -2.089386275137963, 43.084834819145463 ], [ -2.090355692086276, 43.083345650306207 ], [ -2.089125144584207, 43.082258918988991 ], [ -2.089231882624274, 43.080889662961006 ], [ -2.08799290720171, 43.078586809554295 ], [ -2.088422232057952, 43.076973869995918 ], [ -2.087093778713689, 43.075548296694969 ], [ -2.08825683609769, 43.075362553280392 ], [ -2.090466846609426, 43.073902997636488 ], [ -2.096565426635945, 43.071330907827388 ], [ -2.096942452770411, 43.069103259664438 ], [ -2.098515057035665, 43.069156775782517 ], [ -2.099120876537946, 43.068465467652395 ], [ -2.100580550739931, 43.067925893724279 ], [ -2.099057573546336, 43.066498637978427 ], [ -2.0988574951483, 43.065303157449854 ], [ -2.106056524363999, 43.065499072674811 ], [ -2.110853972862093, 43.065079743048862 ], [ -2.11368990278946, 43.065427296924156 ], [ -2.118029613098032, 43.064908335755845 ], [ -2.11823741695389, 43.065327035783895 ], [ -2.119242804718716, 43.06545210522048 ], [ -2.120015506885122, 43.06669487554889 ], [ -2.119718964659676, 43.067260903707172 ], [ -2.120489197277684, 43.068831421164553 ], [ -2.11978030276493, 43.06942179732016 ], [ -2.119841920408026, 43.070059596266269 ], [ -2.120936474038467, 43.071316660714452 ], [ -2.12009846340449, 43.072931649223804 ], [ -2.12106372455492, 43.074177733912016 ], [ -2.122100519433951, 43.074653489260818 ], [ -2.121814528398759, 43.075440729097807 ], [ -2.122866777535516, 43.075832160705339 ], [ -2.123073591119566, 43.076548905753938 ], [ -2.123913934314461, 43.076687334568902 ], [ -2.124185988933459, 43.078284966686823 ], [ -2.124864660738464, 43.079343246270398 ], [ -2.125888182201643, 43.079874770565425 ], [ -2.12545726980508, 43.080638269800019 ], [ -2.126067851697607, 43.081384055159546 ], [ -2.125686756370619, 43.084185365090889 ], [ -2.123204944904439, 43.083474960373643 ], [ -2.121007456036325, 43.084585512826756 ], [ -2.119231300772079, 43.084743218198739 ], [ -2.118771079166765, 43.085515085353151 ], [ -2.118059620333118, 43.085412171225691 ], [ -2.115846263712991, 43.086628312638446 ], [ -2.114599414016824, 43.086612364687554 ], [ -2.110483220412342, 43.090301525996047 ], [ -2.106779400198718, 43.092467791081638 ] ] ] } },
{ "type": "Feature", "properties": { "municipality_code": "20906", "municipality_name": "Altzaga", "population_total": 159, "population_65_plus": 33, "population_75_plus": 18, "pct_65_plus": 20.755, "pct_75_plus": 11.321, "reference_period": "2025-01-01", "source_id": "G360_DERIVED_MUNICIPAL_METRICS_V1", "area_km2": 2.4596151482119888, "services_hospital": 0, "services_mental_health": 0, "services_other_health": 0, "services_primary_care": 0, "services_total": 0, "primary_care_per_10000_65_plus": 0.0, "primary_care_per_10000_75_plus": 0.0, "hospital_per_10000_65_plus": 0.0, "hospital_per_10000_75_plus": 0.0, "mental_health_per_10000_65_plus": 0.0, "mental_health_per_10000_75_plus": 0.0, "other_health_per_10000_65_plus": 0.0, "other_health_per_10000_75_plus": 0.0, "representative_point_longitude": -2.1519318, "representative_point_latitude": 43.0644343, "distance_to_nearest_primary_care_m": 1083.5, "distance_to_nearest_hospital_m": 13262.4, "distance_to_nearest_mental_health_m": 3418.4, "distance_to_nearest_other_health_m": 24801.2, "metrics_reference_period": "demography=2025-01-01;services=2026-09-20;geography=2025-05-07", "source_ids": "EUSTAT_EMH_2025|ODE_HEALTH_CENTRES_2026|GEOEUSKADI_MUNICIPIOS_2025" }, "geometry": { "type": "Polygon", "coordinates": [ [ [ -2.15660600914629, 43.076222146731126 ], [ -2.154297572410356, 43.074735419103781 ], [ -2.154734285407198, 43.073973228827271 ], [ -2.154173875512466, 43.073994301625497 ], [ -2.153654693553635, 43.073429457207503 ], [ -2.152973615465292, 43.073500197748395 ], [ -2.15254790657327, 43.072817648109314 ], [ -2.151559822179829, 43.074272922114524 ], [ -2.146559468509695, 43.075638161743036 ], [ -2.143964395206889, 43.073530990985155 ], [ -2.143121521241869, 43.073733596301274 ], [ -2.143482284229016, 43.07043473798992 ], [ -2.142876480944631, 43.069378788618764 ], [ -2.142814143562438, 43.066184098657999 ], [ -2.142147398392928, 43.064305809297466 ], [ -2.140294632102796, 43.063294700196842 ], [ -2.139976782914965, 43.062548775535554 ], [ -2.142140261128071, 43.061761415358795 ], [ -2.14652958814674, 43.057757934217499 ], [ -2.14879920906701, 43.055094454067415 ], [ -2.148913355678956, 43.052712367309219 ], [ -2.150563877095439, 43.053272720704285 ], [ -2.15013483972243, 43.05491788880785 ], [ -2.151549634399354, 43.056257695479097 ], [ -2.153593831712944, 43.055071755207784 ], [ -2.155078123078152, 43.055103993546382 ], [ -2.154830664423876, 43.05818957950278 ], [ -2.155965954198381, 43.058539695746212 ], [ -2.156257356848477, 43.060425058926043 ], [ -2.157789630146033, 43.062831176609116 ], [ -2.161852280956016, 43.064562960421533 ], [ -2.160248703403736, 43.066303912757661 ], [ -2.159976317290359, 43.06603140940144 ], [ -2.158674040266979, 43.066390535219654 ], [ -2.157718129551742, 43.067519348431198 ], [ -2.158155814836551, 43.068573310480829 ], [ -2.157059360493451, 43.0692439816792 ], [ -2.158271673111931, 43.073432354729277 ], [ -2.157264726251886, 43.074595311147256 ], [ -2.156189171668208, 43.075026104071654 ], [ -2.15660600914629, 43.076222146731126 ] ] ] } },
{ "type": "Feature", "properties": { "municipality_code": "20907", "municipality_name": "Gaztelu", "population_total": 179, "population_65_plus": 37, "population_75_plus": 11, "pct_65_plus": 20.67, "pct_75_plus": 6.145, "reference_period": "2025-01-01", "source_id": "G360_DERIVED_MUNICIPAL_METRICS_V1", "area_km2": 9.281278521672526, "services_hospital": 0, "services_mental_health": 0, "services_other_health": 0, "services_primary_care": 1, "services_total": 1, "primary_care_per_10000_65_plus": 270.27, "primary_care_per_10000_75_plus": 909.091, "hospital_per_10000_65_plus": 0.0, "hospital_per_10000_75_plus": 0.0, "mental_health_per_10000_65_plus": 0.0, "mental_health_per_10000_75_plus": 0.0, "other_health_per_10000_65_plus": 0.0, "other_health_per_10000_75_plus": 0.0, "representative_point_longitude": -2.0292223, "representative_point_latitude": 43.1161209, "distance_to_nearest_primary_care_m": 400.7, "distance_to_nearest_hospital_m": 20240.1, "distance_to_nearest_mental_health_m": 4625.3, "distance_to_nearest_other_health_m": 16475.1, "metrics_reference_period": "demography=2025-01-01;services=2026-09-20;geography=2025-05-07", "source_ids": "EUSTAT_EMH_2025|ODE_HEALTH_CENTRES_2026|GEOEUSKADI_MUNICIPIOS_2025" }, "geometry": { "type": "MultiPolygon", "coordinates": [ [ [ [ -2.029667145440972, 43.130629896305962 ], [ -2.024265130583208, 43.127851664818905 ], [ -2.016589707507204, 43.129047595293187 ], [ -2.017451885896283, 43.127106643159856 ], [ -2.016875788449736, 43.126592589970357 ], [ -2.014465064234929, 43.125142463828006 ], [ -2.008011364503108, 43.12225824664295 ], [ -2.005503930342857, 43.117368695480195 ], [ -2.003347585313966, 43.116113823647183 ], [ -2.001795602650406, 43.114371153447642 ], [ -2.001381937875824, 43.113176782626553 ], [ -2.001666835043284, 43.110854710231656 ], [ -2.00034941551434, 43.106594505772726 ], [ -1.997684703517476, 43.10307754443177 ], [ -1.996684058294434, 43.100702897943691 ], [ -1.998891988268982, 43.101882096213451 ], [ -2.000997685631289, 43.101734838360919 ], [ -2.003541641247789, 43.103828772774413 ], [ -2.005080310520885, 43.104169253912389 ], [ -2.013968471610244, 43.103690208375482 ], [ -2.015993286733979, 43.104610120373806 ], [ -2.019517138544757, 43.104369829664506 ], [ -2.022277902939001, 43.104951006105409 ], [ -2.022573218920195, 43.104512481325742 ], [ -2.026537534527847, 43.108164691836663 ], [ -2.029438465495564, 43.109836391252735 ], [ -2.031239520214684, 43.110002470096177 ], [ -2.032400555357631, 43.109141568708829 ], [ -2.033778528232772, 43.109117520003743 ], [ -2.032917565211773, 43.111577380495184 ], [ -2.032109557112867, 43.111499427239899 ], [ -2.033346973419836, 43.112862737209078 ], [ -2.036222347706703, 43.11407369422259 ], [ -2.038643355152623, 43.114478714180855 ], [ -2.040222318651491, 43.113722417570365 ], [ -2.041627517462123, 43.113672195236191 ], [ -2.042386373107871, 43.114324139062902 ], [ -2.043088278854214, 43.11414512886212 ], [ -2.044697907213338, 43.114719115228759 ], [ -2.045331781984752, 43.115753490624421 ], [ -2.046373787757845, 43.114916967422324 ], [ -2.050331021913746, 43.114554622902091 ], [ -2.055136347668888, 43.116122479818905 ], [ -2.055480995746707, 43.116642321163901 ], [ -2.052609630673602, 43.117207812692108 ], [ -2.052451955020997, 43.117920772185727 ], [ -2.051759476075522, 43.11806801194966 ], [ -2.050175577700402, 43.119520343036413 ], [ -2.046801426698367, 43.120322736176931 ], [ -2.042980727444315, 43.120558817705451 ], [ -2.042573762523956, 43.120933198317069 ], [ -2.040575093282622, 43.120520608187839 ], [ -2.038435074023735, 43.122743320042751 ], [ -2.036745505547505, 43.123331255476195 ], [ -2.03472806953324, 43.125055811950446 ], [ -2.034303854458269, 43.129819180707898 ], [ -2.033108340274906, 43.130786077590869 ], [ -2.029936669547784, 43.131434932441422 ], [ -2.029667145440972, 43.130629896305962 ] ] ], [ [ [ -2.019562504868422, 43.080083563062693 ], [ -2.017876429115903, 43.078869381831673 ], [ -2.018035114534562, 43.077608834612647 ], [ -2.016742487895294, 43.076125818831819 ], [ -2.016830521980955, 43.075454846367386 ], [ -2.015825993380515, 43.074769016978493 ], [ -2.013133177981734, 43.074402953236365 ], [ -2.012269595988895, 43.073371935265257 ], [ -2.013471265093253, 43.072834822736986 ], [ -2.015917019704286, 43.069274566896361 ], [ -2.017850864448502, 43.067880844470615 ], [ -2.01846916410705, 43.06840224700624 ], [ -2.021693786079484, 43.067701419299318 ], [ -2.024404766658602, 43.066623527007785 ], [ -2.024840573579458, 43.067310445775895 ], [ -2.026869333658642, 43.068314006425936 ], [ -2.027494911045782, 43.069162254688578 ], [ -2.033330553273077, 43.073429118765731 ], [ -2.025563890772724, 43.076701588018622 ], [ -2.023280760838973, 43.075510110525826 ], [ -2.021663694162036, 43.077085360445245 ], [ -2.022267443395012, 43.078368916259436 ], [ -2.019562504868422, 43.080083563062693 ] ] ], [ [ [ -1.981435875651177, 43.093329004587275 ], [ -1.97888919987178, 43.090104785658539 ], [ -1.974177329463935, 43.090794040819624 ], [ -1.973450049038937, 43.088301504271584 ], [ -1.97438180420619, 43.087940840853733 ], [ -1.974860758502265, 43.086585733107405 ], [ -1.972032697697758, 43.084587541310214 ], [ -1.977881400110796, 43.081980025671157 ], [ -1.981065843772965, 43.082383083145075 ], [ -1.98101815349607, 43.083407411743515 ], [ -1.982051571519349, 43.085314834363693 ], [ -1.984984055220228, 43.088520481682032 ], [ -1.98262166828744, 43.090540703172792 ], [ -1.982274396592571, 43.089335125087729 ], [ -1.980969355964374, 43.089285194473952 ], [ -1.982884273675182, 43.091738026360026 ], [ -1.983772769238184, 43.091884595501199 ], [ -1.989412783401175, 43.091020374896445 ], [ -1.991198658541741, 43.094523342524425 ], [ -1.990760975170382, 43.094872364757066 ], [ -1.988539442064849, 43.093446894013439 ], [ -1.981435875651177, 43.093329004587275 ] ] ], [ [ [ -2.056279672419696, 43.115066645688231 ], [ -2.054831603967398, 43.114375661455547 ], [ -2.057097182263242, 43.114519954294472 ], [ -2.056272305566923, 43.115740769031348 ], [ -2.056279672419696, 43.115066645688231 ] ] ] ] } }
]
}
